Rad_kpc,Vobs_km/s,errV_km/s,Vgas_km/s,Vdisk_km/s,Vbul_km/s,SBdisk_L/pc^2,SBbul_L/pc^2,galaxy,Inc_deg,e_Inc_deg,D_Mpc,e_D_Mpc,log_Mstar,upsilon_disk,upsilon_bulge,c_dm,d_kpc,gamma_true,z_Mstar
1.45,166.51644275387264,8.519500537629375,0.0,240.9,0.0,1579.45,0.0,NGC5371,53.0,2.0,39.7,9.92,2.230950624806643,0.5001416466991507,0.7498468886105577,6443.0557071284065,33.8818530105051,0.2307670501603652,1.3461647491981739
2.88,156.39216586578505,8.22754934130782,0.0,232.56,0.0,725.11,0.0,NGC5371,53.0,2.0,39.7,9.92,2.230950624806643,0.5001416466991507,0.7498468886105577,6443.0557071284065,33.8818530105051,0.2307670501603652,1.3461647491981739
4.33,167.2444845864222,8.337152908754202,0.0,235.54,0.0,586.66,0.0,NGC5371,53.0,2.0,39.7,9.92,2.230950624806643,0.5001416466991507,0.7498468886105577,6443.0557071284065,33.8818530105051,0.2307670501603652,1.3461647491981739
5.78,184.22637709116307,8.632826565774215,0.0,243.76,0.0,431.16,0.0,NGC5371,53.0,2.0,39.7,9.92,2.230950624806643,0.5001416466991507,0.7498468886105577,6443.0557071284065,33.8818530105051,0.2307670501603652,1.3461647491981739
7.22,169.60321724285242,8.694126140106006,0.0,245.32,0.0,356.04,0.0,NGC5371,53.0,2.0,39.7,9.92,2.230950624806643,0.5001416466991507,0.7498468886105577,6443.0557071284065,33.8818530105051,0.2307670501603652,1.3461647491981739
8.66,173.8727469407842,8.97198182318558,0.0,253.0,0.0,328.2,0.0,NGC5371,53.0,2.0,39.7,9.92,2.230950624806643,0.5001416466991507,0.7498468886105577,6443.0557071284065,33.8818530105051,0.2307670501603652,1.3461647491981739
11.55,205.10459882979634,10.010062465461637,11.24,281.58,0.0,253.05,0.0,NGC5371,53.0,2.0,39.7,9.92,2.230950624806643,0.5001416466991507,0.7498468886105577,6443.0557071284065,33.8818530105051,0.2307670501603652,1.3461647491981739
14.48,218.63573435183346,10.740135967949978,27.45,299.81,0.0,153.39,0.0,NGC5371,53.0,2.0,39.7,9.92,2.230950624806643,0.5001416466991507,0.7498468886105577,6443.0557071284065,33.8818530105051,0.2307670501603652,1.3461647491981739
17.28,215.12630890695183,10.699919247755576,40.74,295.15,0.0,98.5,0.0,NGC5371,53.0,2.0,39.7,9.92,2.230950624806643,0.5001416466991507,0.7498468886105577,6443.0557071284065,33.8818530105051,0.2307670501603652,1.3461647491981739
20.2,205.41664057524773,10.771981245100491,51.22,293.48,0.0,65.35,0.0,NGC5371,53.0,2.0,39.7,9.92,2.230950624806643,0.5001416466991507,0.7498468886105577,6443.0557071284065,33.8818530105051,0.2307670501603652,1.3461647491981739
23.12,211.342356671287,10.582595844306262,57.81,284.89,0.0,32.44,0.0,NGC5371,53.0,2.0,39.7,9.92,2.230950624806643,0.5001416466991507,0.7498468886105577,6443.0557071284065,33.8818530105051,0.2307670501603652,1.3461647491981739
26.04,206.94078367569446,9.9994081619016,56.95,267.33,0.0,13.89,0.0,NGC5371,53.0,2.0,39.7,9.92,2.230950624806643,0.5001416466991507,0.7498468886105577,6443.0557071284065,33.8818530105051,0.2307670501603652,1.3461647491981739
28.84,175.47269518128473,9.405805808929303,55.22,249.73,0.0,7.22,0.0,NGC5371,53.0,2.0,39.7,9.92,2.230950624806643,0.5001416466991507,0.7498468886105577,6443.0557071284065,33.8818530105051,0.2307670501603652,1.3461647491981739
31.76,174.14024291227534,8.910900572976587,52.84,235.27,0.0,4.16,0.0,NGC5371,53.0,2.0,39.7,9.92,2.230950624806643,0.5001416466991507,0.7498468886105577,6443.0557071284065,33.8818530105051,0.2307670501603652,1.3461647491981739
34.68,154.1800739815635,8.518811617214574,50.68,223.76,0.0,1.44,0.0,NGC5371,53.0,2.0,39.7,9.92,2.230950624806643,0.5001416466991507,0.7498468886105577,6443.0557071284065,33.8818530105051,0.2307670501603652,1.3461647491981739
37.48,150.77946321233858,8.058564300303173,48.19,210.28,0.0,0.0,0.0,NGC5371,53.0,2.0,39.7,9.92,2.230950624806643,0.5001416466991507,0.7498468886105577,6443.0557071284065,33.8818530105051,0.2307670501603652,1.3461647491981739
40.4,139.78768439224584,7.698295221662298,45.17,200.01,0.0,0.0,0.0,NGC5371,53.0,2.0,39.7,9.92,2.230950624806643,0.5001416466991507,0.7498468886105577,6443.0557071284065,33.8818530105051,0.2307670501603652,1.3461647491981739
43.32,146.30922743905379,7.402474173259828,42.57,191.48,0.0,0.0,0.0,NGC5371,53.0,2.0,39.7,9.92,2.230950624806643,0.5001416466991507,0.7498468886105577,6443.0557071284065,33.8818530105051,0.2307670501603652,1.3461647491981739
46.24,134.15133726053293,7.161401521028292,40.95,184.17,0.0,0.0,0.0,NGC5371,53.0,2.0,39.7,9.92,2.230950624806643,0.5001416466991507,0.7498468886105577,6443.0557071284065,33.8818530105051,0.2307670501603652,1.3461647491981739
0.34,23.66085052005572,1.2157893811256957,4.29,19.73,0.0,106.8,0.0,UGC07603,78.0,3.0,4.7,1.41,-0.7258421507363202,0.5322264333097921,0.7257267790392219,10395.544343714915,2.097856555328954,0.7727865024678697,-1.3639325123393484
0.68,35.60469911029715,1.7845626041863794,6.17,28.0,0.0,66.32,0.0,UGC07603,78.0,3.0,4.7,1.41,-0.7258421507363202,0.5322264333097921,0.7257267790392219,10395.544343714915,2.097856555328954,0.7727865024678697,-1.3639325123393484
1.02,42.927132490261826,2.1342650540562214,5.94,31.57,0.0,28.35,0.0,UGC07603,78.0,3.0,4.7,1.41,-0.7258421507363202,0.5322264333097921,0.7257267790392219,10395.544343714915,2.097856555328954,0.7727865024678697,-1.3639325123393484
1.37,44.00984812501546,2.3827921833243355,8.81,31.98,0.0,17.64,0.0,UGC07603,78.0,3.0,4.7,1.41,-0.7258421507363202,0.5322264333097921,0.7257267790392219,10395.544343714915,2.097856555328954,0.7727865024678697,-1.3639325123393484
1.71,50.88377919829944,2.6064509847543857,15.21,31.44,0.0,8.3,0.0,UGC07603,78.0,3.0,4.7,1.41,-0.7258421507363202,0.5322264333097921,0.7257267790392219,10395.544343714915,2.097856555328954,0.7727865024678697,-1.3639325123393484
2.05,51.99849499875789,2.7336722735805465,17.87,29.65,0.0,4.37,0.0,UGC07603,78.0,3.0,4.7,1.41,-0.7258421507363202,0.5322264333097921,0.7257267790392219,10395.544343714915,2.097856555328954,0.7727865024678697,-1.3639325123393484
2.39,53.442988293613425,2.7847707280876532,17.46,27.89,0.0,2.3,0.0,UGC07603,78.0,3.0,4.7,1.41,-0.7258421507363202,0.5322264333097921,0.7257267790392219,10395.544343714915,2.097856555328954,0.7727865024678697,-1.3639325123393484
2.74,58.96585069482974,2.7997784780823123,15.96,26.14,0.0,1.18,0.0,UGC07603,78.0,3.0,4.7,1.41,-0.7258421507363202,0.5322264333097921,0.7257267790392219,10395.544343714915,2.097856555328954,0.7727865024678697,-1.3639325123393484
3.08,54.02888749135918,2.8151092930159303,15.55,24.58,0.0,0.62,0.0,UGC07603,78.0,3.0,4.7,1.41,-0.7258421507363202,0.5322264333097921,0.7257267790392219,10395.544343714915,2.097856555328954,0.7727865024678697,-1.3639325123393484
3.42,56.62069102709336,2.835645552754506,16.29,23.19,0.0,0.33,0.0,UGC07603,78.0,3.0,4.7,1.41,-0.7258421507363202,0.5322264333097921,0.7257267790392219,10395.544343714915,2.097856555328954,0.7727865024678697,-1.3639325123393484
3.76,59.47340447634868,2.84774440881479,16.96,21.99,0.0,0.17,0.0,UGC07603,78.0,3.0,4.7,1.41,-0.7258421507363202,0.5322264333097921,0.7257267790392219,10395.544343714915,2.097856555328954,0.7727865024678697,-1.3639325123393484
4.11,55.27764491848903,2.846956498140252,17.21,20.84,0.0,0.0,0.0,UGC07603,78.0,3.0,4.7,1.41,-0.7258421507363202,0.5322264333097921,0.7257267790392219,10395.544343714915,2.097856555328954,0.7727865024678697,-1.3639325123393484
0.71,22.765892439328667,1.1339775563473014,0.75,14.22,0.0,33.37,0.0,UGC12632,46.0,3.0,9.77,2.93,-0.18675269910239498,0.4873038127357078,0.7180330825768375,18562.29733408519,5.402836982209762,0.6739642340504571,-0.8698211702522854
1.42,37.16631596666697,1.7400919157763484,2.55,19.97,0.0,21.72,0.0,UGC12632,46.0,3.0,9.77,2.93,-0.18675269910239498,0.4873038127357078,0.7180330825768375,18562.29733408519,5.402836982209762,0.6739642340504571,-0.8698211702522854
2.14,41.19076092147928,2.2322161098102433,7.39,23.97,0.0,15.26,0.0,UGC12632,46.0,3.0,9.77,2.93,-0.18675269910239498,0.4873038127357078,0.7180330825768375,18562.29733408519,5.402836982209762,0.6739642340504571,-0.8698211702522854
2.85,54.56227749282617,2.615718706007456,10.7,26.52,0.0,10.49,0.0,UGC12632,46.0,3.0,9.77,2.93,-0.18675269910239498,0.4873038127357078,0.7180330825768375,18562.29733408519,5.402836982209762,0.6739642340504571,-0.8698211702522854
3.55,58.196793535396004,2.8925776374861063,12.26,27.06,0.0,8.02,0.0,UGC12632,46.0,3.0,9.77,2.93,-0.18675269910239498,0.4873038127357078,0.7180330825768375,18562.29733408519,5.402836982209762,0.6739642340504571,-0.8698211702522854
4.26,60.267120097596006,3.113207527871878,12.02,28.45,0.0,6.75,0.0,UGC12632,46.0,3.0,9.77,2.93,-0.18675269910239498,0.4873038127357078,0.7180330825768375,18562.29733408519,5.402836982209762,0.6739642340504571,-0.8698211702522854
4.97,72.78731805740888,3.3084518151775537,14.16,29.24,0.0,4.61,0.0,UGC12632,46.0,3.0,9.77,2.93,-0.18675269910239498,0.4873038127357078,0.7180330825768375,18562.29733408519,5.402836982209762,0.6739642340504571,-0.8698211702522854
5.69,71.84474314042208,3.460352781282508,15.95,29.3,0.0,4.19,0.0,UGC12632,46.0,3.0,9.77,2.93,-0.18675269910239498,0.4873038127357078,0.7180330825768375,18562.29733408519,5.402836982209762,0.6739642340504571,-0.8698211702522854
6.4,67.83564680248591,3.6081426095676705,18.56,30.76,0.0,2.51,0.0,UGC12632,46.0,3.0,9.77,2.93,-0.18675269910239498,0.4873038127357078,0.7180330825768375,18562.29733408519,5.402836982209762,0.6739642340504571,-0.8698211702522854
7.11,74.86413785483727,3.7293121787681986,22.61,29.42,0.0,1.98,0.0,UGC12632,46.0,3.0,9.77,2.93,-0.18675269910239498,0.4873038127357078,0.7180330825768375,18562.29733408519,5.402836982209762,0.6739642340504571,-0.8698211702522854
7.82,79.06447267181696,3.842429189122973,26.3,28.8,0.0,1.14,0.0,UGC12632,46.0,3.0,9.77,2.93,-0.18675269910239498,0.4873038127357078,0.7180330825768375,18562.29733408519,5.402836982209762,0.6739642340504571,-0.8698211702522854
8.52,77.53561916538145,3.913723005620833,28.44,27.59,0.0,1.1,0.0,UGC12632,46.0,3.0,9.77,2.93,-0.18675269910239498,0.4873038127357078,0.7180330825768375,18562.29733408519,5.402836982209762,0.6739642340504571,-0.8698211702522854
9.25,81.92249379777483,3.960878461466356,29.27,27.31,0.0,0.81,0.0,UGC12632,46.0,3.0,9.77,2.93,-0.18675269910239498,0.4873038127357078,0.7180330825768375,18562.29733408519,5.402836982209762,0.6739642340504571,-0.8698211702522854
9.95,79.89241545815565,4.00795067983346,30.7,26.87,0.0,0.61,0.0,UGC12632,46.0,3.0,9.77,2.93,-0.18675269910239498,0.4873038127357078,0.7180330825768375,18562.29733408519,5.402836982209762,0.6739642340504571,-0.8698211702522854
10.66,83.44077876507463,4.037343556245966,31.41,26.73,0.0,0.0,0.0,UGC12632,46.0,3.0,9.77,2.93,-0.18675269910239498,0.4873038127357078,0.7180330825768375,18562.29733408519,5.402836982209762,0.6739642340504571,-0.8698211702522854
0.76,230.42936317768104,11.448615801693231,2.44,95.41,277.3,2166.2,3616.11,NGC5033,66.0,1.0,15.7,4.7,1.7423676533179624,0.6963414756637019,0.5991448282844059,14612.100585248596,26.995395647285044,0.32033080883954346,0.8983459558022825
2.28,231.38232996844584,12.299193244249516,5.15,214.07,218.08,1233.88,0.0,NGC5033,66.0,1.0,15.7,4.7,1.7423676533179624,0.6963414756637019,0.5991448282844059,14612.100585248596,26.995395647285044,0.32033080883954346,0.8983459558022825
3.8,231.058959626751,11.897561808855512,8.48,237.47,168.95,307.23,0.0,NGC5033,66.0,1.0,15.7,4.7,1.7423676533179624,0.6963414756637019,0.5991448282844059,14612.100585248596,26.995395647285044,0.32033080883954346,0.8983459558022825
5.33,215.47123759090002,10.880295386432067,16.65,222.81,142.66,137.83,0.0,NGC5033,66.0,1.0,15.7,4.7,1.7423676533179624,0.6963414756637019,0.5991448282844059,14612.100585248596,26.995395647285044,0.32033080883954346,0.8983459558022825
6.85,209.1365292739181,10.007124371270244,22.4,206.17,125.84,63.77,0.0,NGC5033,66.0,1.0,15.7,4.7,1.7423676533179624,0.6963414756637019,0.5991448282844059,14612.100585248596,26.995395647285044,0.32033080883954346,0.8983459558022825
8.0,197.59246878937319,9.3445445368092,24.58,191.74,116.44,46.48,0.0,NGC5033,66.0,1.0,15.7,4.7,1.7423676533179624,0.6963414756637019,0.5991448282844059,14612.100585248596,26.995395647285044,0.32033080883954346,0.8983459558022825
10.28,161.66571425747895,8.656116233365625,28.49,177.55,102.72,37.35,0.0,NGC5033,66.0,1.0,15.7,4.7,1.7423676533179624,0.6963414756637019,0.5991448282844059,14612.100585248596,26.995395647285044,0.32033080883954346,0.8983459558022825
12.56,157.61413008307707,8.206779227268349,30.21,168.02,92.93,20.51,0.0,NGC5033,66.0,1.0,15.7,4.7,1.7423676533179624,0.6963414756637019,0.5991448282844059,14612.100585248596,26.995395647285044,0.32033080883954346,0.8983459558022825
14.91,160.73202480374334,7.784800534690048,36.41,156.39,85.29,11.48,0.0,NGC5033,66.0,1.0,15.7,4.7,1.7423676533179624,0.6963414756637019,0.5991448282844059,14612.100585248596,26.995395647285044,0.32033080883954346,0.8983459558022825
17.15,134.83771921128053,7.487831101970149,41.69,147.04,79.53,8.58,0.0,NGC5033,66.0,1.0,15.7,4.7,1.7423676533179624,0.6963414756637019,0.5991448282844059,14612.100585248596,26.995395647285044,0.32033080883954346,0.8983459558022825
19.39,142.59851736376126,7.298958755235837,45.72,140.32,74.79,7.31,0.0,NGC5033,66.0,1.0,15.7,4.7,1.7423676533179624,0.6963414756637019,0.5991448282844059,14612.100585248596,26.995395647285044,0.32033080883954346,0.8983459558022825
21.64,144.92452091957574,7.281646496049639,51.92,136.88,70.8,5.24,0.0,NGC5033,66.0,1.0,15.7,4.7,1.7423676533179624,0.6963414756637019,0.5991448282844059,14612.100585248596,26.995395647285044,0.32033080883954346,0.8983459558022825
24.01,152.64162430591415,7.180764771959382,56.74,130.88,67.21,2.49,0.0,NGC5033,66.0,1.0,15.7,4.7,1.7423676533179624,0.6963414756637019,0.5991448282844059,14612.100585248596,26.995395647285044,0.32033080883954346,0.8983459558022825
26.25,145.0243023278222,7.009593075991012,58.35,124.11,64.28,1.28,0.0,NGC5033,66.0,1.0,15.7,4.7,1.7423676533179624,0.6963414756637019,0.5991448282844059,14612.100585248596,26.995395647285044,0.32033080883954346,0.8983459558022825
28.5,134.00579789804715,6.811734441108378,56.74,118.34,61.69,0.89,0.0,NGC5033,66.0,1.0,15.7,4.7,1.7423676533179624,0.6963414756637019,0.5991448282844059,14612.100585248596,26.995395647285044,0.32033080883954346,0.8983459558022825
30.87,129.75417367813424,6.609514061648632,53.3,113.45,59.28,0.64,0.0,NGC5033,66.0,1.0,15.7,4.7,1.7423676533179624,0.6963414756637019,0.5991448282844059,14612.100585248596,26.995395647285044,0.32033080883954346,0.8983459558022825
33.12,127.58841533813819,6.4602368441399225,51.34,109.2,57.23,0.4,0.0,NGC5033,66.0,1.0,15.7,4.7,1.7423676533179624,0.6963414756637019,0.5991448282844059,14612.100585248596,26.995395647285044,0.32033080883954346,0.8983459558022825
35.36,135.8522856028623,6.3118033792349655,48.7,105.32,55.39,0.26,0.0,NGC5033,66.0,1.0,15.7,4.7,1.7423676533179624,0.6963414756637019,0.5991448282844059,14612.100585248596,26.995395647285044,0.32033080883954346,0.8983459558022825
37.73,121.06207092029787,6.185480543740908,46.75,101.61,53.62,0.16,0.0,NGC5033,66.0,1.0,15.7,4.7,1.7423676533179624,0.6963414756637019,0.5991448282844059,14612.100585248596,26.995395647285044,0.32033080883954346,0.8983459558022825
39.98,119.839415693449,6.084355760690229,45.26,98.44,52.09,0.11,0.0,NGC5033,66.0,1.0,15.7,4.7,1.7423676533179624,0.6963414756637019,0.5991448282844059,14612.100585248596,26.995395647285044,0.32033080883954346,0.8983459558022825
42.22,122.05811815739474,5.997178921751575,43.99,95.58,50.69,0.07,0.0,NGC5033,66.0,1.0,15.7,4.7,1.7423676533179624,0.6963414756637019,0.5991448282844059,14612.100585248596,26.995395647285044,0.32033080883954346,0.8983459558022825
44.59,117.59108315088345,5.9152736692362655,42.84,92.77,49.32,0.0,0.0,NGC5033,66.0,1.0,15.7,4.7,1.7423676533179624,0.6963414756637019,0.5991448282844059,14612.100585248596,26.995395647285044,0.32033080883954346,0.8983459558022825
0.32,149.14454624865888,7.0463784318845315,-3.24,26.79,189.88,1402.59,19827.42,UGC09133,53.0,6.0,57.1,11.4,2.1506428639092343,0.47779497896513207,0.5416158007626919,9406.279423153057,45.62011921691397,0.2454885311304552,1.2725573443477238
0.63,224.90637360557534,10.889721097944282,-2.41,50.47,292.13,1303.47,10165.91,UGC09133,53.0,6.0,57.1,11.4,2.1506428639092343,0.47779497896513207,0.5416158007626919,9406.279423153057,45.62011921691397,0.2454885311304552,1.2725573443477238
0.95,240.87196380272772,12.058154561003128,-0.21,72.14,320.6,1208.5,5354.8,UGC09133,53.0,6.0,57.1,11.4,2.1506428639092343,0.47779497896513207,0.5416158007626919,9406.279423153057,45.62011921691397,0.2454885311304552,1.2725573443477238
1.26,256.74183951715816,12.421961798949425,2.45,90.82,326.59,1123.1,3300.36,UGC09133,53.0,6.0,57.1,11.4,2.1506428639092343,0.47779497896513207,0.5416158007626919,9406.279423153057,45.62011921691397,0.2454885311304552,1.2725573443477238
1.58,246.99094170248367,12.563036768863661,3.54,108.12,325.9,1041.27,2103.94,UGC09133,53.0,6.0,57.1,11.4,2.1506428639092343,0.47779497896513207,0.5416158007626919,9406.279423153057,45.62011921691397,0.2454885311304552,1.2725573443477238
1.89,263.97971079654894,12.539337181532762,4.4,123.29,320.4,967.69,1429.43,UGC09133,53.0,6.0,57.1,11.4,2.1506428639092343,0.47779497896513207,0.5416158007626919,9406.279423153057,45.62011921691397,0.2454885311304552,1.2725573443477238
2.21,249.4061510800504,12.47367517229707,5.23,137.43,313.32,897.18,1006.49,UGC09133,53.0,6.0,57.1,11.4,2.1506428639092343,0.47779497896513207,0.5416158007626919,9406.279423153057,45.62011921691397,0.2454885311304552,1.2725573443477238
2.52,254.877146825248,12.382665902015045,6.01,149.84,305.5,833.78,748.35,UGC09133,53.0,6.0,57.1,11.4,2.1506428639092343,0.47779497896513207,0.5416158007626919,9406.279423153057,45.62011921691397,0.2454885311304552,1.2725573443477238
2.84,229.80897288058878,12.283268030588683,6.75,161.33,297.22,773.03,612.35,UGC09133,53.0,6.0,57.1,11.4,2.1506428639092343,0.47779497896513207,0.5416158007626919,9406.279423153057,45.62011921691397,0.2454885311304552,1.2725573443477238
3.15,249.0237290753438,12.23903499131647,7.48,171.56,290.7,718.39,534.72,UGC09133,53.0,6.0,57.1,11.4,2.1506428639092343,0.47779497896513207,0.5416158007626919,9406.279423153057,45.62011921691397,0.2454885311304552,1.2725573443477238
3.47,224.9226549841795,12.282938081321214,8.19,181.11,286.88,666.05,422.4,UGC09133,53.0,6.0,57.1,11.4,2.1506428639092343,0.47779497896513207,0.5416158007626919,9406.279423153057,45.62011921691397,0.2454885311304552,1.2725573443477238
3.79,221.55131441414045,12.33261180987428,8.9,189.8,283.42,617.52,288.59,UGC09133,53.0,6.0,57.1,11.4,2.1506428639092343,0.47779497896513207,0.5416158007626919,9406.279423153057,45.62011921691397,0.2454885311304552,1.2725573443477238
4.1,243.2542837753355,12.350739925260235,9.6,197.34,279.37,573.89,189.15,UGC09133,53.0,6.0,57.1,11.4,2.1506428639092343,0.47779497896513207,0.5416158007626919,9406.279423153057,45.62011921691397,0.2454885311304552,1.2725573443477238
4.42,235.46629903549544,12.328031758098005,10.25,204.41,274.03,532.06,95.7,UGC09133,53.0,6.0,57.1,11.4,2.1506428639092343,0.47779497896513207,0.5416158007626919,9406.279423153057,45.62011921691397,0.2454885311304552,1.2725573443477238
4.73,247.21755755180286,12.260310963100252,10.97,210.6,267.5,487.58,49.26,UGC09133,53.0,6.0,57.1,11.4,2.1506428639092343,0.47779497896513207,0.5416158007626919,9406.279423153057,45.62011921691397,0.2454885311304552,1.2725573443477238
5.05,270.35876910393483,12.153820050430589,11.69,215.35,260.4,441.24,24.96,UGC09133,53.0,6.0,57.1,11.4,2.1506428639092343,0.47779497896513207,0.5416158007626919,9406.279423153057,45.62011921691397,0.2454885311304552,1.2725573443477238
5.36,230.66445084277913,12.033656077999591,12.31,218.91,253.49,408.32,12.96,UGC09133,53.0,6.0,57.1,11.4,2.1506428639092343,0.47779497896513207,0.5416158007626919,9406.279423153057,45.62011921691397,0.2454885311304552,1.2725573443477238
5.68,230.82429163781956,11.91286228276708,13.02,222.04,246.69,380.67,6.52,UGC09133,53.0,6.0,57.1,11.4,2.1506428639092343,0.47779497896513207,0.5416158007626919,9406.279423153057,45.62011921691397,0.2454885311304552,1.2725573443477238
5.99,238.59300794931056,11.808376045645952,13.74,224.98,240.45,359.58,3.4,UGC09133,53.0,6.0,57.1,11.4,2.1506428639092343,0.47779497896513207,0.5416158007626919,9406.279423153057,45.62011921691397,0.2454885311304552,1.2725573443477238
6.31,240.16338925650078,11.71928138831305,14.46,228.22,234.35,341.54,1.71,UGC09133,53.0,6.0,57.1,11.4,2.1506428639092343,0.47779497896513207,0.5416158007626919,9406.279423153057,45.62011921691397,0.2454885311304552,1.2725573443477238
6.62,231.2152304538983,11.663638350472636,15.07,231.93,228.92,326.7,0.89,UGC09133,53.0,6.0,57.1,11.4,2.1506428639092343,0.47779497896513207,0.5416158007626919,9406.279423153057,45.62011921691397,0.2454885311304552,1.2725573443477238
6.94,230.112374039633,11.625318990936782,15.79,235.94,223.68,306.23,0.45,UGC09133,53.0,6.0,57.1,11.4,2.1506428639092343,0.47779497896513207,0.5416158007626919,9406.279423153057,45.62011921691397,0.2454885311304552,1.2725573443477238
7.57,239.09086371388,11.54890914342843,17.23,242.45,214.14,257.47,0.12,UGC09133,53.0,6.0,57.1,11.4,2.1506428639092343,0.47779497896513207,0.5416158007626919,9406.279423153057,45.62011921691397,0.2454885311304552,1.2725573443477238
7.89,235.57129576411896,11.480134313029989,17.95,243.91,209.75,227.66,0.06,UGC09133,53.0,6.0,57.1,11.4,2.1506428639092343,0.47779497896513207,0.5416158007626919,9406.279423153057,45.62011921691397,0.2454885311304552,1.2725573443477238
8.2,216.01543568290109,11.389420204480203,18.77,244.06,205.73,209.07,0.03,UGC09133,53.0,6.0,57.1,11.4,2.1506428639092343,0.47779497896513207,0.5416158007626919,9406.279423153057,45.62011921691397,0.2454885311304552,1.2725573443477238
8.31,226.2806035065303,11.359001210024951,18.97,244.14,204.35,204.24,0.02,UGC09133,53.0,6.0,57.1,11.4,2.1506428639092343,0.47779497896513207,0.5416158007626919,9406.279423153057,45.62011921691397,0.2454885311304552,1.2725573443477238
8.52,226.5877527162732,11.309433921651646,19.59,244.43,201.86,197.13,0.02,UGC09133,53.0,6.0,57.1,11.4,2.1506428639092343,0.47779497896513207,0.5416158007626919,9406.279423153057,45.62011921691397,0.2454885311304552,1.2725573443477238
8.83,213.153119572637,11.250848304750168,20.3,245.34,198.26,187.41,0.01,UGC09133,53.0,6.0,57.1,11.4,2.1506428639092343,0.47779497896513207,0.5416158007626919,9406.279423153057,45.62011921691397,0.2454885311304552,1.2725573443477238
9.15,226.66589673082805,11.187941602324145,21.12,245.9,194.78,171.33,0.0,UGC09133,53.0,6.0,57.1,11.4,2.1506428639092343,0.47779497896513207,0.5416158007626919,9406.279423153057,45.62011921691397,0.2454885311304552,1.2725573443477238
9.78,211.14927552085283,11.030654865510842,22.56,245.25,188.37,138.98,0.0,UGC09133,53.0,6.0,57.1,11.4,2.1506428639092343,0.47779497896513207,0.5416158007626919,9406.279423153057,45.62011921691397,0.2454885311304552,1.2725573443477238
10.1,229.24993317126777,10.931203698905124,23.18,244.0,185.3,127.27,0.0,UGC09133,53.0,6.0,57.1,11.4,2.1506428639092343,0.47779497896513207,0.5416158007626919,9406.279423153057,45.62011921691397,0.2454885311304552,1.2725573443477238
11.04,214.77254197107465,10.636123630764132,25.23,239.18,177.32,102.81,0.0,UGC09133,53.0,6.0,57.1,11.4,2.1506428639092343,0.47779497896513207,0.5416158007626919,9406.279423153057,45.62011921691397,0.2454885311304552,1.2725573443477238
11.36,211.79170453385646,10.542509502948068,25.74,237.64,174.8,97.25,0.0,UGC09133,53.0,6.0,57.1,11.4,2.1506428639092343,0.47779497896513207,0.5416158007626919,9406.279423153057,45.62011921691397,0.2454885311304552,1.2725573443477238
11.67,202.98639769556058,10.458379835153842,26.35,236.26,172.47,92.94,0.0,UGC09133,53.0,6.0,57.1,11.4,2.1506428639092343,0.47779497896513207,0.5416158007626919,9406.279423153057,45.62011921691397,0.2454885311304552,1.2725573443477238
13.57,199.7783031240408,10.04850774288289,29.02,230.28,159.94,69.68,0.0,UGC09133,53.0,6.0,57.1,11.4,2.1506428639092343,0.47779497896513207,0.5416158007626919,9406.279423153057,45.62011921691397,0.2454885311304552,1.2725573443477238
13.88,179.65412893148994,9.979535443426489,29.38,229.01,158.15,65.64,0.0,UGC09133,53.0,6.0,57.1,11.4,2.1506428639092343,0.47779497896513207,0.5416158007626919,9406.279423153057,45.62011921691397,0.2454885311304552,1.2725573443477238
14.2,187.16367521948456,9.919323602282113,29.84,228.03,156.35,61.84,0.0,UGC09133,53.0,6.0,57.1,11.4,2.1506428639092343,0.47779497896513207,0.5416158007626919,9406.279423153057,45.62011921691397,0.2454885311304552,1.2725573443477238
16.61,193.10699304970066,9.483303652833037,32.61,219.86,144.57,45.35,0.0,UGC09133,53.0,6.0,57.1,11.4,2.1506428639092343,0.47779497896513207,0.5416158007626919,9406.279423153057,45.62011921691397,0.2454885311304552,1.2725573443477238
19.35,162.7851881685318,9.108681354733914,35.69,212.46,133.94,26.39,0.0,UGC09133,53.0,6.0,57.1,11.4,2.1506428639092343,0.47779497896513207,0.5416158007626919,9406.279423153057,45.62011921691397,0.2454885311304552,1.2725573443477238
22.19,181.44838344806627,8.703976153295859,39.89,201.82,125.08,19.6,0.0,UGC09133,53.0,6.0,57.1,11.4,2.1506428639092343,0.47779497896513207,0.5416158007626919,9406.279423153057,45.62011921691397,0.2454885311304552,1.2725573443477238
24.92,154.17055353296004,8.445895056088725,44.61,194.49,118.03,14.04,0.0,UGC09133,53.0,6.0,57.1,11.4,2.1506428639092343,0.47779497896513207,0.5416158007626919,9406.279423153057,45.62011921691397,0.2454885311304552,1.2725573443477238
27.66,170.66751795794826,8.222270465855797,49.22,187.22,112.03,9.81,0.0,UGC09133,53.0,6.0,57.1,11.4,2.1506428639092343,0.47779497896513207,0.5416158007626919,9406.279423153057,45.62011921691397,0.2454885311304552,1.2725573443477238
30.5,152.98024923857898,7.986646769230949,51.48,179.93,106.69,6.71,0.0,UGC09133,53.0,6.0,57.1,11.4,2.1506428639092343,0.47779497896513207,0.5416158007626919,9406.279423153057,45.62011921691397,0.2454885311304552,1.2725573443477238
33.23,161.13395802280826,7.75465745034306,51.89,173.14,102.21,4.38,0.0,UGC09133,53.0,6.0,57.1,11.4,2.1506428639092343,0.47779497896513207,0.5416158007626919,9406.279423153057,45.62011921691397,0.2454885311304552,1.2725573443477238
35.96,150.8614227412149,7.494003695382978,50.25,166.11,98.25,2.89,0.0,UGC09133,53.0,6.0,57.1,11.4,2.1506428639092343,0.47779497896513207,0.5416158007626919,9406.279423153057,45.62011921691397,0.2454885311304552,1.2725573443477238
38.8,133.73096827434588,7.2431226088197675,48.3,159.33,94.59,1.9,0.0,UGC09133,53.0,6.0,57.1,11.4,2.1506428639092343,0.47779497896513207,0.5416158007626919,9406.279423153057,45.62011921691397,0.2454885311304552,1.2725573443477238
41.54,149.56446085223433,7.038609528080141,47.17,153.43,91.42,1.28,0.0,UGC09133,53.0,6.0,57.1,11.4,2.1506428639092343,0.47779497896513207,0.5416158007626919,9406.279423153057,45.62011921691397,0.2454885311304552,1.2725573443477238
44.27,147.5121946420205,6.879685165554864,47.68,147.95,88.55,0.87,0.0,UGC09133,53.0,6.0,57.1,11.4,2.1506428639092343,0.47779497896513207,0.5416158007626919,9406.279423153057,45.62011921691397,0.2454885311304552,1.2725573443477238
47.11,134.78412713623518,6.7614531964124955,49.73,142.73,85.84,0.58,0.0,UGC09133,53.0,6.0,57.1,11.4,2.1506428639092343,0.47779497896513207,0.5416158007626919,9406.279423153057,45.62011921691397,0.2454885311304552,1.2725573443477238
49.84,131.1114588239113,6.646603585026447,50.56,138.21,83.46,0.39,0.0,UGC09133,53.0,6.0,57.1,11.4,2.1506428639092343,0.47779497896513207,0.5416158007626919,9406.279423153057,45.62011921691397,0.2454885311304552,1.2725573443477238
52.58,129.08188365544675,6.506099703769542,49.43,133.98,81.25,0.26,0.0,UGC09133,53.0,6.0,57.1,11.4,2.1506428639092343,0.47779497896513207,0.5416158007626919,9406.279423153057,45.62011921691397,0.2454885311304552,1.2725573443477238
55.42,121.56152802500775,6.389618991302373,49.12,129.96,79.14,0.18,0.0,UGC09133,53.0,6.0,57.1,11.4,2.1506428639092343,0.47779497896513207,0.5416158007626919,9406.279423153057,45.62011921691397,0.2454885311304552,1.2725573443477238
58.15,133.40915621577506,6.323132337481361,50.56,126.43,77.26,0.12,0.0,UGC09133,53.0,6.0,57.1,11.4,2.1506428639092343,0.47779497896513207,0.5416158007626919,9406.279423153057,45.62011921691397,0.2454885311304552,1.2725573443477238
60.89,122.4567706427813,6.293677879215816,53.22,123.2,75.51,0.08,0.0,UGC09133,53.0,6.0,57.1,11.4,2.1506428639092343,0.47779497896513207,0.5416158007626919,9406.279423153057,45.62011921691397,0.2454885311304552,1.2725573443477238
63.62,124.28241947897718,6.230066958884964,53.84,120.17,73.87,0.05,0.0,UGC09133,53.0,6.0,57.1,11.4,2.1506428639092343,0.47779497896513207,0.5416158007626919,9406.279423153057,45.62011921691397,0.2454885311304552,1.2725573443477238
66.46,118.18825974485821,6.15349006398829,53.63,117.27,72.27,0.04,0.0,UGC09133,53.0,6.0,57.1,11.4,2.1506428639092343,0.47779497896513207,0.5416158007626919,9406.279423153057,45.62011921691397,0.2454885311304552,1.2725573443477238
69.19,117.78962294053815,6.079801144435876,53.12,114.7,70.83,0.02,0.0,UGC09133,53.0,6.0,57.1,11.4,2.1506428639092343,0.47779497896513207,0.5416158007626919,9406.279423153057,45.62011921691397,0.2454885311304552,1.2725573443477238
71.93,112.6965050738491,6.0193809772955085,53.02,112.26,69.47,0.02,0.0,UGC09133,53.0,6.0,57.1,11.4,2.1506428639092343,0.47779497896513207,0.5416158007626919,9406.279423153057,45.62011921691397,0.2454885311304552,1.2725573443477238
74.77,126.92633251997806,5.971017483491442,53.32,109.91,68.14,0.01,0.0,UGC09133,53.0,6.0,57.1,11.4,2.1506428639092343,0.47779497896513207,0.5416158007626919,9406.279423153057,45.62011921691397,0.2454885311304552,1.2725573443477238
77.5,117.86537222349165,5.939025109491136,54.04,107.81,66.93,0.01,0.0,UGC09133,53.0,6.0,57.1,11.4,2.1506428639092343,0.47779497896513207,0.5416158007626919,9406.279423153057,45.62011921691397,0.2454885311304552,1.2725573443477238
80.23,123.87100624147673,5.908207065451541,54.66,105.81,65.78,0.01,0.0,UGC09133,53.0,6.0,57.1,11.4,2.1506428639092343,0.47779497896513207,0.5416158007626919,9406.279423153057,45.62011921691397,0.2454885311304552,1.2725573443477238
83.07,117.51818919485635,5.871997359848033,54.96,103.86,64.64,0.0,0.0,UGC09133,53.0,6.0,57.1,11.4,2.1506428639092343,0.47779497896513207,0.5416158007626919,9406.279423153057,45.62011921691397,0.2454885311304552,1.2725573443477238
85.81,112.57394022702952,5.831155768150931,54.86,102.09,63.6,0.0,0.0,UGC09133,53.0,6.0,57.1,11.4,2.1506428639092343,0.47779497896513207,0.5416158007626919,9406.279423153057,45.62011921691397,0.2454885311304552,1.2725573443477238
88.54,113.77128324239426,5.783025623591853,54.35,100.4,62.62,0.0,0.0,UGC09133,53.0,6.0,57.1,11.4,2.1506428639092343,0.47779497896513207,0.5416158007626919,9406.279423153057,45.62011921691397,0.2454885311304552,1.2725573443477238
91.38,111.45362738704081,5.733279427167476,53.73,98.74,61.64,0.0,0.0,UGC09133,53.0,6.0,57.1,11.4,2.1506428639092343,0.47779497896513207,0.5416158007626919,9406.279423153057,45.62011921691397,0.2454885311304552,1.2725573443477238
94.12,113.83244484326939,5.689358133879168,53.22,97.22,60.73,0.0,0.0,UGC09133,53.0,6.0,57.1,11.4,2.1506428639092343,0.47779497896513207,0.5416158007626919,9406.279423153057,45.62011921691397,0.2454885311304552,1.2725573443477238
99.69,110.34282672778784,5.622640869883373,52.91,94.34,59.01,0.0,0.0,UGC09133,53.0,6.0,57.1,11.4,2.1506428639092343,0.47779497896513207,0.5416158007626919,9406.279423153057,45.62011921691397,0.2454885311304552,1.2725573443477238
108.31,108.48101109858872,5.506628427277586,51.38,90.37,56.61,0.0,0.0,UGC09133,53.0,6.0,57.1,11.4,2.1506428639092343,0.47779497896513207,0.5416158007626919,9406.279423153057,45.62011921691397,0.2454885311304552,1.2725573443477238
3.44,197.23217903105567,10.41027949891427,-0.57,163.4,239.5,560.42,13.23,NGC2841,76.0,10.0,14.1,1.4,1.9734072830073794,0.3640093472972785,0.5813175670396888,20275.423494389874,21.372419288230624,0.2779781710147333,1.1101091449263334
3.77,207.2655534906316,10.191386522556158,-0.57,171.13,229.25,537.66,5.28,NGC2841,76.0,10.0,14.1,1.4,1.9734072830073794,0.3640093472972785,0.5813175670396888,20275.423494389874,21.372419288230624,0.2779781710147333,1.1101091449263334
4.13,214.71635620555205,10.03006614780187,-0.43,180.88,219.24,507.23,1.94,NGC2841,76.0,10.0,14.1,1.4,1.9734072830073794,0.3640093472972785,0.5813175670396888,20275.423494389874,21.372419288230624,0.2779781710147333,1.1101091449263334
4.47,183.64284129333038,9.902031809407546,-0.1,188.37,210.91,465.98,0.76,NGC2841,76.0,10.0,14.1,1.4,1.9734072830073794,0.3640093472972785,0.5813175670396888,20275.423494389874,21.372419288230624,0.2779781710147333,1.1101091449263334
4.8,193.8522859203531,9.794735109425103,-0.19,194.64,203.54,438.69,0.3,NGC2841,76.0,10.0,14.1,1.4,1.9734072830073794,0.3640093472972785,0.5813175670396888,20275.423494389874,21.372419288230624,0.2779781710147333,1.1101091449263334
5.13,188.11856280829983,9.712880692812863,-0.28,200.57,196.88,413.05,0.12,NGC2841,76.0,10.0,14.1,1.4,1.9734072830073794,0.3640093472972785,0.5813175670396888,20275.423494389874,21.372419288230624,0.2779781710147333,1.1101091449263334
5.48,176.00891002406595,9.650150663647102,-0.38,206.64,190.44,383.91,0.05,NGC2841,76.0,10.0,14.1,1.4,1.9734072830073794,0.3640093472972785,0.5813175670396888,20275.423494389874,21.372419288230624,0.2779781710147333,1.1101091449263334
5.83,198.7327922890609,9.584446334229112,-0.48,211.29,184.57,352.6,0.02,NGC2841,76.0,10.0,14.1,1.4,1.9734072830073794,0.3640093472972785,0.5813175670396888,20275.423494389874,21.372419288230624,0.2779781710147333,1.1101091449263334
6.16,190.43020785210484,9.532684566634703,-0.53,215.14,179.57,340.73,0.01,NGC2841,76.0,10.0,14.1,1.4,1.9734072830073794,0.3640093472972785,0.5813175670396888,20275.423494389874,21.372419288230624,0.2779781710147333,1.1101091449263334
6.51,191.71507103942167,9.551634233687931,3.83,221.84,174.68,329.32,0.0,NGC2841,76.0,10.0,14.1,1.4,1.9734072830073794,0.3640093472972785,0.5813175670396888,20275.423494389874,21.372419288230624,0.2779781710147333,1.1101091449263334
6.86,184.2915006888101,9.574734151842904,8.02,227.72,170.15,300.88,0.0,NGC2841,76.0,10.0,14.1,1.4,1.9734072830073794,0.3640093472972785,0.5813175670396888,20275.423494389874,21.372419288230624,0.2779781710147333,1.1101091449263334
7.18,196.0441210457538,9.584267400894957,12.15,231.73,166.32,276.7,0.0,NGC2841,76.0,10.0,14.1,1.4,1.9734072830073794,0.3640093472972785,0.5813175670396888,20275.423494389874,21.372419288230624,0.2779781710147333,1.1101091449263334
7.51,186.82114376544305,9.59991769672928,16.24,235.48,162.63,259.76,0.0,NGC2841,76.0,10.0,14.1,1.4,1.9734072830073794,0.3640093472972785,0.5813175670396888,20275.423494389874,21.372419288230624,0.2779781710147333,1.1101091449263334
7.85,191.48818585221818,9.643312306064557,20.27,239.96,159.08,241.28,0.0,NGC2841,76.0,10.0,14.1,1.4,1.9734072830073794,0.3640093472972785,0.5813175670396888,20275.423494389874,21.372419288230624,0.2779781710147333,1.1101091449263334
8.21,182.76564516606186,9.67436841868021,24.66,243.42,155.54,214.54,0.0,NGC2841,76.0,10.0,14.1,1.4,1.9734072830073794,0.3640093472972785,0.5813175670396888,20275.423494389874,21.372419288230624,0.2779781710147333,1.1101091449263334
8.57,181.53905539315244,9.664610760783985,27.1,245.15,152.23,187.05,0.0,NGC2841,76.0,10.0,14.1,1.4,1.9734072830073794,0.3640093472972785,0.5813175670396888,20275.423494389874,21.372419288230624,0.2779781710147333,1.1101091449263334
8.9,205.71489957221104,9.641892265324936,29.42,245.8,149.38,167.67,0.0,NGC2841,76.0,10.0,14.1,1.4,1.9734072830073794,0.3640093472972785,0.5813175670396888,20275.423494389874,21.372419288230624,0.2779781710147333,1.1101091449263334
9.24,187.05030635158226,9.595819580230991,31.74,245.24,146.61,150.42,0.0,NGC2841,76.0,10.0,14.1,1.4,1.9734072830073794,0.3640093472972785,0.5813175670396888,20275.423494389874,21.372419288230624,0.2779781710147333,1.1101091449263334
9.6,193.62965983047857,9.542317660736732,34.31,244.14,143.83,136.11,0.0,NGC2841,76.0,10.0,14.1,1.4,1.9734072830073794,0.3640093472972785,0.5813175670396888,20275.423494389874,21.372419288230624,0.2779781710147333,1.1101091449263334
9.93,189.88415473670977,9.510275554122055,36.63,243.64,141.42,126.37,0.0,NGC2841,76.0,10.0,14.1,1.4,1.9734072830073794,0.3640093472972785,0.5813175670396888,20275.423494389874,21.372419288230624,0.2779781710147333,1.1101091449263334
10.27,185.66582092084946,9.492673412917304,38.95,243.6,139.06,118.7,0.0,NGC2841,76.0,10.0,14.1,1.4,1.9734072830073794,0.3640093472972785,0.5813175670396888,20275.423494389874,21.372419288230624,0.2779781710147333,1.1101091449263334
10.6,184.66608936938115,9.473923640741651,41.02,243.38,136.88,108.16,0.0,NGC2841,76.0,10.0,14.1,1.4,1.9734072830073794,0.3640093472972785,0.5813175670396888,20275.423494389874,21.372419288230624,0.2779781710147333,1.1101091449263334
10.93,195.13485300889033,9.458752874300387,43.22,243.08,134.8,97.33,0.0,NGC2841,76.0,10.0,14.1,1.4,1.9734072830073794,0.3640093472972785,0.5813175670396888,20275.423494389874,21.372419288230624,0.2779781710147333,1.1101091449263334
11.27,185.92202402110942,9.438560990883735,45.42,242.44,132.75,86.07,0.0,NGC2841,76.0,10.0,14.1,1.4,1.9734072830073794,0.3640093472972785,0.5813175670396888,20275.423494389874,21.372419288230624,0.2779781710147333,1.1101091449263334
12.31,185.13131129154056,9.327192769588194,52.25,237.3,127.02,60.76,0.0,NGC2841,76.0,10.0,14.1,1.4,1.9734072830073794,0.3640093472972785,0.5813175670396888,20275.423494389874,21.372419288230624,0.2779781710147333,1.1101091449263334
14.35,178.86183972735418,8.933166542804772,56.77,222.06,117.64,30.36,0.0,NGC2841,76.0,10.0,14.1,1.4,1.9734072830073794,0.3640093472972785,0.5813175670396888,20275.423494389874,21.372419288230624,0.2779781710147333,1.1101091449263334
16.4,179.33351247198942,8.468511888736876,51.89,207.98,110.04,19.68,0.0,NGC2841,76.0,10.0,14.1,1.4,1.9734072830073794,0.3640093472972785,0.5813175670396888,20275.423494389874,21.372419288230624,0.2779781710147333,1.1101091449263334
18.48,168.0028997606761,8.123730596731852,48.35,196.87,103.67,11.59,0.0,NGC2841,76.0,10.0,14.1,1.4,1.9734072830073794,0.3640093472972785,0.5813175670396888,20275.423494389874,21.372419288230624,0.2779781710147333,1.1101091449263334
20.57,162.1344236152811,7.9545505227804725,54.45,185.72,98.26,7.0,0.0,NGC2841,76.0,10.0,14.1,1.4,1.9734072830073794,0.3640093472972785,0.5813175670396888,20275.423494389874,21.372419288230624,0.2779781710147333,1.1101091449263334
22.51,154.17051169155724,7.932039100991779,63.61,176.98,93.93,4.66,0.0,NGC2841,76.0,10.0,14.1,1.4,1.9734072830073794,0.3640093472972785,0.5813175670396888,20275.423494389874,21.372419288230624,0.2779781710147333,1.1101091449263334
24.59,145.60697974489324,7.820750623690208,66.17,168.93,89.87,3.04,0.0,NGC2841,76.0,10.0,14.1,1.4,1.9734072830073794,0.3640093472972785,0.5813175670396888,20275.423494389874,21.372419288230624,0.2779781710147333,1.1101091449263334
26.68,158.8877664845117,7.58431177225706,61.9,161.21,86.28,1.15,0.0,NGC2841,76.0,10.0,14.1,1.4,1.9734072830073794,0.3640093472972785,0.5813175670396888,20275.423494389874,21.372419288230624,0.2779781710147333,1.1101091449263334
28.77,154.80917040038833,7.38366254470043,58.85,153.59,83.08,0.69,0.0,NGC2841,76.0,10.0,14.1,1.4,1.9734072830073794,0.3640093472972785,0.5813175670396888,20275.423494389874,21.372419288230624,0.2779781710147333,1.1101091449263334
30.7,143.83827568059547,7.242870419116357,57.01,147.56,80.43,0.41,0.0,NGC2841,76.0,10.0,14.1,1.4,1.9734072830073794,0.3640093472972785,0.5813175670396888,20275.423494389874,21.372419288230624,0.2779781710147333,1.1101091449263334
32.79,147.0427701807488,7.158193051551717,57.38,141.95,77.82,0.23,0.0,NGC2841,76.0,10.0,14.1,1.4,1.9734072830073794,0.3640093472972785,0.5813175670396888,20275.423494389874,21.372419288230624,0.2779781710147333,1.1101091449263334
34.88,148.40945626552383,7.141441327279553,60.43,136.82,75.46,0.13,0.0,NGC2841,76.0,10.0,14.1,1.4,1.9734072830073794,0.3640093472972785,0.5813175670396888,20275.423494389874,21.372419288230624,0.2779781710147333,1.1101091449263334
36.96,149.07365961381515,7.156273804428044,64.09,132.38,73.3,0.07,0.0,NGC2841,76.0,10.0,14.1,1.4,1.9734072830073794,0.3640093472972785,0.5813175670396888,20275.423494389874,21.372419288230624,0.2779781710147333,1.1101091449263334
38.9,149.9877003111646,7.169110040115827,66.9,128.66,71.45,0.04,0.0,NGC2841,76.0,10.0,14.1,1.4,1.9734072830073794,0.3640093472972785,0.5813175670396888,20275.423494389874,21.372419288230624,0.2779781710147333,1.1101091449263334
40.99,139.92138899465573,7.159161466127831,68.61,124.87,69.61,0.02,0.0,NGC2841,76.0,10.0,14.1,1.4,1.9734072830073794,0.3640093472972785,0.5813175670396888,20275.423494389874,21.372419288230624,0.2779781710147333,1.1101091449263334
43.08,153.3036301534719,7.125439119862868,68.98,121.52,67.9,0.01,0.0,NGC2841,76.0,10.0,14.1,1.4,1.9734072830073794,0.3640093472972785,0.5813175670396888,20275.423494389874,21.372419288230624,0.2779781710147333,1.1101091449263334
45.16,132.36579918446333,7.058226784917379,67.76,118.47,66.31,0.01,0.0,NGC2841,76.0,10.0,14.1,1.4,1.9734072830073794,0.3640093472972785,0.5813175670396888,20275.423494389874,21.372419288230624,0.2779781710147333,1.1101091449263334
47.1,145.28144142170953,6.96401926559586,65.19,115.75,64.93,0.0,0.0,NGC2841,76.0,10.0,14.1,1.4,1.9734072830073794,0.3640093472972785,0.5813175670396888,20275.423494389874,21.372419288230624,0.2779781710147333,1.1101091449263334
49.19,140.68775798801892,6.864849431796917,62.26,113.11,63.54,0.0,0.0,NGC2841,76.0,10.0,14.1,1.4,1.9734072830073794,0.3640093472972785,0.5813175670396888,20275.423494389874,21.372419288230624,0.2779781710147333,1.1101091449263334
51.27,141.86154516680915,6.796212213860592,60.55,110.59,62.24,0.0,0.0,NGC2841,76.0,10.0,14.1,1.4,1.9734072830073794,0.3640093472972785,0.5813175670396888,20275.423494389874,21.372419288230624,0.2779781710147333,1.1101091449263334
53.36,148.10418903430636,6.769236839051195,60.55,108.3,61.01,0.0,0.0,NGC2841,76.0,10.0,14.1,1.4,1.9734072830073794,0.3640093472972785,0.5813175670396888,20275.423494389874,21.372419288230624,0.2779781710147333,1.1101091449263334
55.3,145.8318097155143,6.787785604995687,62.39,106.31,59.93,0.0,0.0,NGC2841,76.0,10.0,14.1,1.4,1.9734072830073794,0.3640093472972785,0.5813175670396888,20275.423494389874,21.372419288230624,0.2779781710147333,1.1101091449263334
57.38,128.6567964647722,6.823548321375071,64.95,104.23,58.83,0.0,0.0,NGC2841,76.0,10.0,14.1,1.4,1.9734072830073794,0.3640093472972785,0.5813175670396888,20275.423494389874,21.372419288230624,0.2779781710147333,1.1101091449263334
59.47,125.57833004892525,6.857958481788959,67.27,102.32,57.79,0.0,0.0,NGC2841,76.0,10.0,14.1,1.4,1.9734072830073794,0.3640093472972785,0.5813175670396888,20275.423494389874,21.372419288230624,0.2779781710147333,1.1101091449263334
61.56,142.96446486214936,6.8677151737987705,68.49,100.51,56.8,0.0,0.0,NGC2841,76.0,10.0,14.1,1.4,1.9734072830073794,0.3640093472972785,0.5813175670396888,20275.423494389874,21.372419288230624,0.2779781710147333,1.1101091449263334
63.64,130.12107261941796,6.853892953200024,68.73,98.76,55.86,0.0,0.0,NGC2841,76.0,10.0,14.1,1.4,1.9734072830073794,0.3640093472972785,0.5813175670396888,20275.423494389874,21.372419288230624,0.2779781710147333,1.1101091449263334
0.75,157.1027902195509,7.754601482600352,0.0,53.73,163.04,1391.81,4469.43,NGC2955,56.0,7.0,97.9,9.8,2.2033348289423804,0.498573814731907,0.8493188982651697,18948.30192159686,13.68328295311828,0.23582939293703636,1.3208530353148182
1.55,210.42059150009308,10.497732016281422,0.16,99.45,214.33,1172.91,2105.83,NGC2955,56.0,7.0,97.9,9.8,2.2033348289423804,0.498573814731907,0.8493188982651697,18948.30192159686,13.68328295311828,0.23582939293703636,1.3208530353148182
2.3,231.47396105252182,11.717710514325361,0.0,134.15,231.92,999.07,1340.93,NGC2955,56.0,7.0,97.9,9.8,2.2033348289423804,0.498573814731907,0.8493188982651697,18948.30192159686,13.68328295311828,0.23582939293703636,1.3208530353148182
3.06,259.10689595977067,12.930431242320044,1.12,162.98,250.27,849.17,745.19,NGC2955,56.0,7.0,97.9,9.8,2.2033348289423804,0.498573814731907,0.8493188982651697,18948.30192159686,13.68328295311828,0.23582939293703636,1.3208530353148182
3.85,257.40426165814426,13.448860814517335,10.81,187.48,252.3,717.13,308.69,NGC2955,56.0,7.0,97.9,9.8,2.2033348289423804,0.498573814731907,0.8493188982651697,18948.30192159686,13.68328295311828,0.23582939293703636,1.3208530353148182
4.61,250.73851855879283,13.563326898157909,18.83,206.85,245.12,606.7,124.46,NGC2955,56.0,7.0,97.9,9.8,2.2033348289423804,0.498573814731907,0.8493188982651697,18948.30192159686,13.68328295311828,0.23582939293703636,1.3208530353148182
5.36,266.94446550443496,13.459376796872995,25.11,220.81,233.77,503.2,47.18,NGC2955,56.0,7.0,97.9,9.8,2.2033348289423804,0.498573814731907,0.8493188982651697,18948.30192159686,13.68328295311828,0.23582939293703636,1.3208530353148182
6.12,253.1654378271009,13.30468583419342,29.26,232.37,221.48,437.22,17.54,NGC2955,56.0,7.0,97.9,9.8,2.2033348289423804,0.498573814731907,0.8493188982651697,18948.30192159686,13.68328295311828,0.23582939293703636,1.3208530353148182
6.91,241.98343682310482,13.182425332017752,31.48,243.48,209.61,380.24,6.29,NGC2955,56.0,7.0,97.9,9.8,2.2033348289423804,0.498573814731907,0.8493188982651697,18948.30192159686,13.68328295311828,0.23582939293703636,1.3208530353148182
7.66,269.3985343562278,13.137751114838892,32.44,254.23,199.62,318.5,2.38,NGC2955,56.0,7.0,97.9,9.8,2.2033348289423804,0.498573814731907,0.8493188982651697,18948.30192159686,13.68328295311828,0.23582939293703636,1.3208530353148182
8.42,258.8430146236433,12.982004594997328,32.35,258.51,190.58,235.35,0.89,NGC2955,56.0,7.0,97.9,9.8,2.2033348289423804,0.498573814731907,0.8493188982651697,18948.30192159686,13.68328295311828,0.23582939293703636,1.3208530353148182
8.86,262.2134896609358,12.849490259463918,32.44,258.41,185.85,200.23,0.5,NGC2955,56.0,7.0,97.9,9.8,2.2033348289423804,0.498573814731907,0.8493188982651697,18948.30192159686,13.68328295311828,0.23582939293703636,1.3208530353148182
9.21,241.9628337621783,12.72771488572698,32.44,257.39,182.29,180.71,0.32,NGC2955,56.0,7.0,97.9,9.8,2.2033348289423804,0.498573814731907,0.8493188982651697,18948.30192159686,13.68328295311828,0.23582939293703636,1.3208530353148182
10.82,236.68413315349738,12.236834483480072,33.51,252.03,168.18,131.46,0.04,NGC2955,56.0,7.0,97.9,9.8,2.2033348289423804,0.498573814731907,0.8493188982651697,18948.30192159686,13.68328295311828,0.23582939293703636,1.3208530353148182
11.56,228.91293774874018,12.047442561796943,34.86,249.34,162.76,112.34,0.02,NGC2955,56.0,7.0,97.9,9.8,2.2033348289423804,0.498573814731907,0.8493188982651697,18948.30192159686,13.68328295311828,0.23582939293703636,1.3208530353148182
12.4,226.54228175502894,11.85256301793364,37.47,246.01,157.16,103.42,0.01,NGC2955,56.0,7.0,97.9,9.8,2.2033348289423804,0.498573814731907,0.8493188982651697,18948.30192159686,13.68328295311828,0.23582939293703636,1.3208530353148182
14.17,235.70106202146818,11.671022589957914,44.03,245.22,146.96,81.02,0.0,NGC2955,56.0,7.0,97.9,9.8,2.2033348289423804,0.498573814731907,0.8493188982651697,18948.30192159686,13.68328295311828,0.23582939293703636,1.3208530353148182
16.88,218.00855319830063,11.34455249164698,57.16,236.05,134.67,50.98,0.0,NGC2955,56.0,7.0,97.9,9.8,2.2033348289423804,0.498573814731907,0.8493188982651697,18948.30192159686,13.68328295311828,0.23582939293703636,1.3208530353148182
19.49,228.79871347188677,11.239829455534098,67.4,232.49,125.34,36.11,0.0,NGC2955,56.0,7.0,97.9,9.8,2.2033348289423804,0.498573814731907,0.8493188982651697,18948.30192159686,13.68328295311828,0.23582939293703636,1.3208530353148182
22.19,222.98894259940064,10.96320641295088,77.25,219.85,117.47,17.62,0.0,NGC2955,56.0,7.0,97.9,9.8,2.2033348289423804,0.498573814731907,0.8493188982651697,18948.30192159686,13.68328295311828,0.23582939293703636,1.3208530353148182
24.8,234.84432331797836,10.662547413745122,79.95,209.2,111.12,12.8,0.0,NGC2955,56.0,7.0,97.9,9.8,2.2033348289423804,0.498573814731907,0.8493188982651697,18948.30192159686,13.68328295311828,0.23582939293703636,1.3208530353148182
27.51,192.10405293231344,10.324172354784942,78.21,199.59,105.5,9.61,0.0,NGC2955,56.0,7.0,97.9,9.8,2.2033348289423804,0.498573814731907,0.8493188982651697,18948.30192159686,13.68328295311828,0.23582939293703636,1.3208530353148182
30.12,209.48986724140022,10.029243887298994,75.51,191.82,100.83,6.7,0.0,NGC2955,56.0,7.0,97.9,9.8,2.2033348289423804,0.498573814731907,0.8493188982651697,18948.30192159686,13.68328295311828,0.23582939293703636,1.3208530353148182
35.43,191.57599085772452,9.621851537068487,77.83,176.46,92.96,3.71,0.0,NGC2955,56.0,7.0,97.9,9.8,2.2033348289423804,0.498573814731907,0.8493188982651697,18948.30192159686,13.68328295311828,0.23582939293703636,1.3208530353148182
1.74,104.35828819922814,5.239521771253518,5.73,129.95,70.64,1123.87,0.01,NGC4157,82.0,3.0,18.0,2.5,1.7227161674884948,0.4983873737955666,0.5013161062530207,4774.658963370661,18.411055228777023,0.3239331876313277,0.8803340618433615
3.5,159.15300679954723,7.925530396155576,16.49,217.21,49.8,658.27,0.0,NGC4157,82.0,3.0,18.0,2.5,1.7227161674884948,0.4983873737955666,0.5013161062530207,4774.658963370661,18.411055228777023,0.3239331876313277,0.8803340618433615
5.24,169.59673992977451,8.604916636559981,21.44,237.63,40.7,352.95,0.0,NGC4157,82.0,3.0,18.0,2.5,1.7227161674884948,0.4983873737955666,0.5013161062530207,4774.658963370661,18.411055228777023,0.3239331876313277,0.8803340618433615
6.98,188.40331357586732,8.906033818187561,24.35,246.25,35.27,198.18,0.0,NGC4157,82.0,3.0,18.0,2.5,1.7227161674884948,0.4983873737955666,0.5013161062530207,4774.658963370661,18.411055228777023,0.3239331876313277,0.8803340618433615
8.72,182.1093123495865,9.115252010474988,30.5,251.02,31.55,108.77,0.0,NGC4157,82.0,3.0,18.0,2.5,1.7227161674884948,0.4983873737955666,0.5013161062530207,4774.658963370661,18.411055228777023,0.3239331876313277,0.8803340618433615
10.47,152.14649733004313,8.547755640272259,41.92,230.73,28.8,29.25,0.0,NGC4157,82.0,3.0,18.0,2.5,1.7227161674884948,0.4983873737955666,0.5013161062530207,4774.658963370661,18.411055228777023,0.3239331876313277,0.8803340618433615
12.19,153.67439292100337,7.959134574269384,51.62,208.57,26.69,13.48,0.0,NGC4157,82.0,3.0,18.0,2.5,1.7227161674884948,0.4983873737955666,0.5013161062530207,4774.658963370661,18.411055228777023,0.3239331876313277,0.8803340618433615
13.94,134.03294648897162,7.433388863086188,50.11,192.8,24.96,7.5,0.0,NGC4157,82.0,3.0,18.0,2.5,1.7227161674884948,0.4983873737955666,0.5013161062530207,4774.658963370661,18.411055228777023,0.3239331876313277,0.8803340618433615
15.68,116.94466437494282,6.982370622390964,48.39,179.28,23.53,4.2,0.0,NGC4157,82.0,3.0,18.0,2.5,1.7227161674884948,0.4983873737955666,0.5013161062530207,4774.658963370661,18.411055228777023,0.3239331876313277,0.8803340618433615
17.42,131.3383784029664,6.745719389838834,52.05,169.24,22.32,2.43,0.0,NGC4157,82.0,3.0,18.0,2.5,1.7227161674884948,0.4983873737955666,0.5013161062530207,4774.658963370661,18.411055228777023,0.3239331876313277,0.8803340618433615
19.16,137.5035840832298,6.445412066686457,50.54,160.07,21.29,0.66,0.0,NGC4157,82.0,3.0,18.0,2.5,1.7227161674884948,0.4983873737955666,0.5013161062530207,4774.658963370661,18.411055228777023,0.3239331876313277,0.8803340618433615
20.9,123.22199163572994,6.14661817820761,48.06,151.49,20.38,0.54,0.0,NGC4157,82.0,3.0,18.0,2.5,1.7227161674884948,0.4983873737955666,0.5013161062530207,4774.658963370661,18.411055228777023,0.3239331876313277,0.8803340618433615
22.65,113.91774304808123,6.050618489239193,52.27,145.0,19.58,0.28,0.0,NGC4157,82.0,3.0,18.0,2.5,1.7227161674884948,0.4983873737955666,0.5013161062530207,4774.658963370661,18.411055228777023,0.3239331876313277,0.8803340618433615
24.39,111.32358740958678,5.840906362760934,50.33,138.91,18.87,0.07,0.0,NGC4157,82.0,3.0,18.0,2.5,1.7227161674884948,0.4983873737955666,0.5013161062530207,4774.658963370661,18.411055228777023,0.3239331876313277,0.8803340618433615
26.13,119.07440089212989,5.635160683442269,47.42,133.62,18.23,0.04,0.0,NGC4157,82.0,3.0,18.0,2.5,1.7227161674884948,0.4983873737955666,0.5013161062530207,4774.658963370661,18.411055228777023,0.3239331876313277,0.8803340618433615
27.87,109.97376872228001,5.455690333832518,44.83,128.95,17.65,0.02,0.0,NGC4157,82.0,3.0,18.0,2.5,1.7227161674884948,0.4983873737955666,0.5013161062530207,4774.658963370661,18.411055228777023,0.3239331876313277,0.8803340618433615
29.61,106.39564424777231,5.3070455044312155,43.0,124.77,17.12,0.0,0.0,NGC4157,82.0,3.0,18.0,2.5,1.7227161674884948,0.4983873737955666,0.5013161062530207,4774.658963370661,18.411055228777023,0.3239331876313277,0.8803340618433615
0.87,34.166044892518194,1.6900743951051478,2.5,39.16,0.0,160.21,0.0,NGC4183,82.0,2.0,18.0,2.5,0.7339191510123909,0.49388271334482026,0.7062168349716473,20043.56921877535,5.881627374567589,0.5051928354993643,-0.025964177496821794
1.74,44.830600756424396,2.364840926468618,5.78,48.78,0.0,95.41,0.0,NGC4183,82.0,2.0,18.0,2.5,0.7339191510123909,0.49388271334482026,0.7062168349716473,20043.56921877535,5.881627374567589,0.5051928354993643,-0.025964177496821794
2.61,60.74360416884601,2.9614978334455415,11.64,56.83,0.0,69.97,0.0,NGC4183,82.0,2.0,18.0,2.5,0.7339191510123909,0.49388271334482026,0.7062168349716473,20043.56921877535,5.881627374567589,0.5051928354993643,-0.025964177496821794
3.5,64.7355800771109,3.3514396429949187,13.9,59.49,0.0,54.44,0.0,NGC4183,82.0,2.0,18.0,2.5,0.7339191510123909,0.49388271334482026,0.7062168349716473,20043.56921877535,5.881627374567589,0.5051928354993643,-0.025964177496821794
4.37,79.5811542365051,3.7727190887447244,17.89,65.42,0.0,44.82,0.0,NGC4183,82.0,2.0,18.0,2.5,0.7339191510123909,0.49388271334482026,0.7062168349716473,20043.56921877535,5.881627374567589,0.5051928354993643,-0.025964177496821794
5.24,76.94421485310984,4.108303894719259,23.49,68.37,0.0,36.54,0.0,NGC4183,82.0,2.0,18.0,2.5,0.7339191510123909,0.49388271334482026,0.7062168349716473,20043.56921877535,5.881627374567589,0.5051928354993643,-0.025964177496821794
6.11,86.96491354495423,4.378373478880848,25.97,71.96,0.0,32.09,0.0,NGC4183,82.0,2.0,18.0,2.5,0.7339191510123909,0.49388271334482026,0.7062168349716473,20043.56921877535,5.881627374567589,0.5051928354993643,-0.025964177496821794
6.98,92.08337903510713,4.605863514873405,27.48,75.74,0.0,24.66,0.0,NGC4183,82.0,2.0,18.0,2.5,0.7339191510123909,0.49388271334482026,0.7062168349716473,20043.56921877535,5.881627374567589,0.5051928354993643,-0.025964177496821794
7.85,90.0362813025711,4.821128377870043,31.47,78.27,0.0,19.68,0.0,NGC4183,82.0,2.0,18.0,2.5,0.7339191510123909,0.49388271334482026,0.7062168349716473,20043.56921877535,5.881627374567589,0.5051928354993643,-0.025964177496821794
8.72,108.8519106944494,5.011143209241573,35.45,80.37,0.0,13.34,0.0,NGC4183,82.0,2.0,18.0,2.5,0.7339191510123909,0.49388271334482026,0.7062168349716473,20043.56921877535,5.881627374567589,0.5051928354993643,-0.025964177496821794
9.6,108.61685574972313,5.061267334197565,36.42,78.73,0.0,7.13,0.0,NGC4183,82.0,2.0,18.0,2.5,0.7339191510123909,0.49388271334482026,0.7062168349716473,20043.56921877535,5.881627374567589,0.5051928354993643,-0.025964177496821794
10.47,98.92909034703939,5.063829984981295,37.82,74.74,0.0,3.83,0.0,NGC4183,82.0,2.0,18.0,2.5,0.7339191510123909,0.49388271334482026,0.7062168349716473,20043.56921877535,5.881627374567589,0.5051928354993643,-0.025964177496821794
11.35,106.25047350961825,5.115150192067901,41.81,70.87,0.0,2.47,0.0,NGC4183,82.0,2.0,18.0,2.5,0.7339191510123909,0.49388271334482026,0.7062168349716473,20043.56921877535,5.881627374567589,0.5051928354993643,-0.025964177496821794
12.31,103.03606637996506,5.056072633359863,40.2,67.15,0.0,1.7,0.0,NGC4183,82.0,2.0,18.0,2.5,0.7339191510123909,0.49388271334482026,0.7062168349716473,20043.56921877535,5.881627374567589,0.5051928354993643,-0.025964177496821794
13.12,87.0280232785238,5.005511225546603,38.58,64.51,0.0,1.38,0.0,NGC4183,82.0,2.0,18.0,2.5,0.7339191510123909,0.49388271334482026,0.7062168349716473,20043.56921877535,5.881627374567589,0.5051928354993643,-0.025964177496821794
14.05,100.82276725776649,4.978804227784736,38.15,61.97,0.0,1.09,0.0,NGC4183,82.0,2.0,18.0,2.5,0.7339191510123909,0.49388271334482026,0.7062168349716473,20043.56921877535,5.881627374567589,0.5051928354993643,-0.025964177496821794
14.98,99.27589330066944,4.979066477608345,39.01,59.84,0.0,0.89,0.0,NGC4183,82.0,2.0,18.0,2.5,0.7339191510123909,0.49388271334482026,0.7062168349716473,20043.56921877535,5.881627374567589,0.5051928354993643,-0.025964177496821794
16.03,99.35750564074338,4.94729026191383,38.26,57.82,0.0,0.71,0.0,NGC4183,82.0,2.0,18.0,2.5,0.7339191510123909,0.49388271334482026,0.7062168349716473,20043.56921877535,5.881627374567589,0.5051928354993643,-0.025964177496821794
16.95,92.69857961478523,4.898692960176673,36.53,56.23,0.0,0.5,0.0,NGC4183,82.0,2.0,18.0,2.5,0.7339191510123909,0.49388271334482026,0.7062168349716473,20043.56921877535,5.881627374567589,0.5051928354993643,-0.025964177496821794
17.88,96.58569406610656,4.895210224028833,37.39,54.53,0.0,0.34,0.0,NGC4183,82.0,2.0,18.0,2.5,0.7339191510123909,0.49388271334482026,0.7062168349716473,20043.56921877535,5.881627374567589,0.5051928354993643,-0.025964177496821794
18.93,96.385110526885,4.862595539731289,36.86,52.76,0.0,0.26,0.0,NGC4183,82.0,2.0,18.0,2.5,0.7339191510123909,0.49388271334482026,0.7062168349716473,20043.56921877535,5.881627374567589,0.5051928354993643,-0.025964177496821794
19.97,102.12790106890508,4.820060738919155,35.67,51.32,0.0,0.18,0.0,NGC4183,82.0,2.0,18.0,2.5,0.7339191510123909,0.49388271334482026,0.7062168349716473,20043.56921877535,5.881627374567589,0.5051928354993643,-0.025964177496821794
21.02,97.44219923477601,4.791981546634355,35.35,49.87,0.0,0.0,0.0,NGC4183,82.0,2.0,18.0,2.5,0.7339191510123909,0.49388271334482026,0.7062168349716473,20043.56921877535,5.881627374567589,0.5051928354993643,-0.025964177496821794
1.44,23.31266485863009,1.2820959555441207,9.09,27.58,0.0,52.23,0.0,UGC07125,90.0,3.0,19.8,5.9,0.13225968953104458,0.49936086235858385,0.9953940486221624,13925.63932126652,14.147708487422301,0.6154850191400874,-0.5774250957004365
2.88,41.1000033692364,1.905503346413314,16.12,37.24,0.0,20.28,0.0,UGC07125,90.0,3.0,19.8,5.9,0.13225968953104458,0.49936086235858385,0.9953940486221624,13925.63932126652,14.147708487422301,0.6154850191400874,-0.5774250957004365
4.33,45.398346644204594,2.165504049777406,15.32,39.71,0.0,10.63,0.0,UGC07125,90.0,3.0,19.8,5.9,0.13225968953104458,0.49936086235858385,0.9953940486221624,13925.63932126652,14.147708487422301,0.6154850191400874,-0.5774250957004365
5.76,50.36589915984637,2.407910553859079,18.34,39.12,0.0,5.58,0.0,UGC07125,90.0,3.0,19.8,5.9,0.13225968953104458,0.49936086235858385,0.9953940486221624,13925.63932126652,14.147708487422301,0.6154850191400874,-0.5774250957004365
7.2,52.71128171010962,2.550270487161394,17.63,37.66,0.0,3.45,0.0,UGC07125,90.0,3.0,19.8,5.9,0.13225968953104458,0.49936086235858385,0.9953940486221624,13925.63932126652,14.147708487422301,0.6154850191400874,-0.5774250957004365
8.64,55.958998401999416,2.78262481045649,22.27,36.69,0.0,2.77,0.0,UGC07125,90.0,3.0,19.8,5.9,0.13225968953104458,0.49936086235858385,0.9953940486221624,13925.63932126652,14.147708487422301,0.6154850191400874,-0.5774250957004365
10.08,60.366853493958615,2.9861683620698183,25.8,36.12,0.0,1.68,0.0,UGC07125,90.0,3.0,19.8,5.9,0.13225968953104458,0.49936086235858385,0.9953940486221624,13925.63932126652,14.147708487422301,0.6154850191400874,-0.5774250957004365
11.47,62.51806709471831,3.165793394680121,29.52,34.86,0.0,1.05,0.0,UGC07125,90.0,3.0,19.8,5.9,0.13225968953104458,0.49936086235858385,0.9953940486221624,13925.63932126652,14.147708487422301,0.6154850191400874,-0.5774250957004365
13.0,68.14814997930829,3.4424517308621256,36.98,33.7,0.0,0.49,0.0,UGC07125,90.0,3.0,19.8,5.9,0.13225968953104458,0.49936086235858385,0.9953940486221624,13925.63932126652,14.147708487422301,0.6154850191400874,-0.5774250957004365
14.42,71.00073619088305,3.540423919253502,38.39,31.99,0.0,0.0,0.0,UGC07125,90.0,3.0,19.8,5.9,0.13225968953104458,0.49936086235858385,0.9953940486221624,13925.63932126652,14.147708487422301,0.6154850191400874,-0.5774250957004365
15.84,76.7287325706708,3.5668157619706378,37.89,29.33,0.0,0.0,0.0,UGC07125,90.0,3.0,19.8,5.9,0.13225968953104458,0.49936086235858385,0.9953940486221624,13925.63932126652,14.147708487422301,0.6154850191400874,-0.5774250957004365
17.26,74.76118342516654,3.637007128260132,39.0,27.53,0.0,0.0,0.0,UGC07125,90.0,3.0,19.8,5.9,0.13225968953104458,0.49936086235858385,0.9953940486221624,13925.63932126652,14.147708487422301,0.6154850191400874,-0.5774250957004365
18.68,70.95777103036454,3.558289453966493,34.46,26.15,0.0,0.0,0.0,UGC07125,90.0,3.0,19.8,5.9,0.13225968953104458,0.49936086235858385,0.9953940486221624,13925.63932126652,14.147708487422301,0.6154850191400874,-0.5774250957004365
0.28,71.93413640104502,3.58459973438336,-1.6,13.69,91.46,618.49,5800.33,UGC03205,67.0,4.0,50.0,10.0,1.7545088726579532,0.437553134446739,0.6047810731160216,11840.33185862963,32.26750896911639,0.3181051618102894,0.9094741909485529
0.55,111.19614884641122,5.657737746088456,-2.32,26.0,143.82,603.26,3274.79,UGC03205,67.0,4.0,50.0,10.0,1.7545088726579532,0.437553134446739,0.6047810731160216,11840.33185862963,32.26750896911639,0.3181051618102894,0.9094741909485529
0.83,121.2471233285956,6.4182661658517794,-3.04,37.95,161.88,587.86,1870.98,UGC03205,67.0,4.0,50.0,10.0,1.7545088726579532,0.437553134446739,0.6047810731160216,11840.33185862963,32.26750896911639,0.3181051618102894,0.9094741909485529
1.39,138.45468222332838,6.945954979568906,-4.39,60.02,171.18,558.23,849.89,UGC03205,67.0,4.0,50.0,10.0,1.7545088726579532,0.437553134446739,0.6047810731160216,11840.33185862963,32.26750896911639,0.3181051618102894,0.9094741909485529
1.65,149.02647207992771,7.139451639661309,-4.98,69.62,173.79,544.98,599.88,UGC03205,67.0,4.0,50.0,10.0,1.7545088726579532,0.437553134446739,0.6047810731160216,11840.33185862963,32.26750896911639,0.3181051618102894,0.9094741909485529
3.04,140.8273522182304,7.182334297461114,-7.06,115.86,156.1,470.23,10.13,UGC03205,67.0,4.0,50.0,10.0,1.7545088726579532,0.437553134446739,0.6047810731160216,11840.33185862963,32.26750896911639,0.3181051618102894,0.9094741909485529
3.32,140.99928019918437,7.130987207578928,-7.33,124.12,149.78,462.95,3.88,UGC03205,67.0,4.0,50.0,10.0,1.7545088726579532,0.437553134446739,0.6047810731160216,11840.33185862963,32.26750896911639,0.3181051618102894,0.9094741909485529
3.59,140.9812527336186,7.127837483446735,-7.54,132.68,144.22,455.55,1.53,UGC03205,67.0,4.0,50.0,10.0,1.7545088726579532,0.437553134446739,0.6047810731160216,11840.33185862963,32.26750896911639,0.3181051618102894,0.9094741909485529
3.87,144.21809879669044,7.1716065554357975,-7.69,142.15,138.97,450.84,0.59,UGC03205,67.0,4.0,50.0,10.0,1.7545088726579532,0.437553134446739,0.6047810731160216,11840.33185862963,32.26750896911639,0.3181051618102894,0.9094741909485529
4.15,134.2377829375357,7.292761572968634,-7.79,153.48,134.27,445.2,0.23,UGC03205,67.0,4.0,50.0,10.0,1.7545088726579532,0.437553134446739,0.6047810731160216,11840.33185862963,32.26750896911639,0.3181051618102894,0.9094741909485529
4.43,146.86816995896584,7.430869216307639,-7.83,164.2,129.95,417.46,0.09,UGC03205,67.0,4.0,50.0,10.0,1.7545088726579532,0.437553134446739,0.6047810731160216,11840.33185862963,32.26750896911639,0.3181051618102894,0.9094741909485529
4.7,144.35744021324885,7.539978189256451,-7.81,172.5,126.18,387.64,0.03,UGC03205,67.0,4.0,50.0,10.0,1.7545088726579532,0.437553134446739,0.6047810731160216,11840.33185862963,32.26750896911639,0.3181051618102894,0.9094741909485529
4.97,159.07356146920515,7.6167930184479395,-7.72,178.86,122.67,357.56,0.01,UGC03205,67.0,4.0,50.0,10.0,1.7545088726579532,0.437553134446739,0.6047810731160216,11840.33185862963,32.26750896911639,0.3181051618102894,0.9094741909485529
5.25,147.76276935982216,7.684210593688198,-7.58,184.4,119.35,339.44,0.01,UGC03205,67.0,4.0,50.0,10.0,1.7545088726579532,0.437553134446739,0.6047810731160216,11840.33185862963,32.26750896911639,0.3181051618102894,0.9094741909485529
5.52,160.11466753022347,7.781226795882524,-7.35,190.48,116.43,324.46,0.0,UGC03205,67.0,4.0,50.0,10.0,1.7545088726579532,0.437553134446739,0.6047810731160216,11840.33185862963,32.26750896911639,0.3181051618102894,0.9094741909485529
5.8,169.8375808029494,7.890453870209464,-7.05,196.76,113.55,303.79,0.0,UGC03205,67.0,4.0,50.0,10.0,1.7545088726579532,0.437553134446739,0.6047810731160216,11840.33185862963,32.26750896911639,0.3181051618102894,0.9094741909485529
6.08,157.24167631232663,7.987323555854463,-6.7,202.21,110.91,281.08,0.0,UGC03205,67.0,4.0,50.0,10.0,1.7545088726579532,0.437553134446739,0.6047810731160216,11840.33185862963,32.26750896911639,0.3181051618102894,0.9094741909485529
6.36,156.6739434794298,8.076632695302383,-6.27,207.12,108.43,256.11,0.0,UGC03205,67.0,4.0,50.0,10.0,1.7545088726579532,0.437553134446739,0.6047810731160216,11840.33185862963,32.26750896911639,0.3181051618102894,0.9094741909485529
6.63,164.10864856175678,8.12763782458192,-5.76,210.37,106.22,231.86,0.0,UGC03205,67.0,4.0,50.0,10.0,1.7545088726579532,0.437553134446739,0.6047810731160216,11840.33185862963,32.26750896911639,0.3181051618102894,0.9094741909485529
6.91,163.18217206295589,8.159936439964026,-5.16,212.88,104.02,209.52,0.0,UGC03205,67.0,4.0,50.0,10.0,1.7545088726579532,0.437553134446739,0.6047810731160216,11840.33185862963,32.26750896911639,0.3181051618102894,0.9094741909485529
7.19,155.33108539303888,8.172574448232686,-4.56,214.54,101.99,188.62,0.0,UGC03205,67.0,4.0,50.0,10.0,1.7545088726579532,0.437553134446739,0.6047810731160216,11840.33185862963,32.26750896911639,0.3181051618102894,0.9094741909485529
7.27,167.18957603730422,8.171166341083753,-4.39,214.82,101.43,183.32,0.0,UGC03205,67.0,4.0,50.0,10.0,1.7545088726579532,0.437553134446739,0.6047810731160216,11840.33185862963,32.26750896911639,0.3181051618102894,0.9094741909485529
7.46,179.75832633922624,8.165074391288197,-3.95,215.36,100.13,171.57,0.0,UGC03205,67.0,4.0,50.0,10.0,1.7545088726579532,0.437553134446739,0.6047810731160216,11840.33185862963,32.26750896911639,0.3181051618102894,0.9094741909485529
8.02,160.71690192726427,8.14090840190781,1.42,216.46,96.57,142.56,0.0,UGC03205,67.0,4.0,50.0,10.0,1.7545088726579532,0.437553134446739,0.6047810731160216,11840.33185862963,32.26750896911639,0.3181051618102894,0.9094741909485529
8.29,160.77216850824368,8.120986164479351,3.82,216.57,94.99,129.68,0.0,UGC03205,67.0,4.0,50.0,10.0,1.7545088726579532,0.437553134446739,0.6047810731160216,11840.33185862963,32.26750896911639,0.3181051618102894,0.9094741909485529
8.56,153.49164128298153,8.097657126518138,5.49,216.49,93.48,117.85,0.0,UGC03205,67.0,4.0,50.0,10.0,1.7545088726579532,0.437553134446739,0.6047810731160216,11840.33185862963,32.26750896911639,0.3181051618102894,0.9094741909485529
8.84,163.79634513465672,8.061205379568154,7.01,215.92,91.98,106.56,0.0,UGC03205,67.0,4.0,50.0,10.0,1.7545088726579532,0.437553134446739,0.6047810731160216,11840.33185862963,32.26750896911639,0.3181051618102894,0.9094741909485529
9.12,150.48362134551317,8.024499043390511,8.51,215.26,90.56,96.24,0.0,UGC03205,67.0,4.0,50.0,10.0,1.7545088726579532,0.437553134446739,0.6047810731160216,11840.33185862963,32.26750896911639,0.3181051618102894,0.9094741909485529
9.69,149.85144527473764,7.931556565419986,11.96,213.03,87.86,78.11,0.0,UGC03205,67.0,4.0,50.0,10.0,1.7545088726579532,0.437553134446739,0.6047810731160216,11840.33185862963,32.26750896911639,0.3181051618102894,0.9094741909485529
12.11,158.00216165036767,7.425029707087025,24.01,197.34,78.59,33.45,0.0,UGC03205,67.0,4.0,50.0,10.0,1.7545088726579532,0.437553134446739,0.6047810731160216,11840.33185862963,32.26750896911639,0.3181051618102894,0.9094741909485529
14.58,133.06087223943643,6.968527331563805,33.03,180.81,71.62,16.19,0.0,UGC03205,67.0,4.0,50.0,10.0,1.7545088726579532,0.437553134446739,0.6047810731160216,11840.33185862963,32.26750896911639,0.3181051618102894,0.9094741909485529
14.68,146.5401219576894,6.951171027565725,33.34,180.14,71.38,15.84,0.0,UGC03205,67.0,4.0,50.0,10.0,1.7545088726579532,0.437553134446739,0.6047810731160216,11840.33185862963,32.26750896911639,0.3181051618102894,0.9094741909485529
15.2,147.87815638120838,6.870270247094918,34.96,176.93,70.15,14.51,0.0,UGC03205,67.0,4.0,50.0,10.0,1.7545088726579532,0.437553134446739,0.6047810731160216,11840.33185862963,32.26750896911639,0.3181051618102894,0.9094741909485529
15.5,138.41956270148836,6.832387196683154,35.77,175.4,69.47,13.84,0.0,UGC03205,67.0,4.0,50.0,10.0,1.7545088726579532,0.437553134446739,0.6047810731160216,11840.33185862963,32.26750896911639,0.3181051618102894,0.9094741909485529
15.71,139.99861876516772,6.811460747336786,36.68,174.35,69.0,13.25,0.0,UGC03205,67.0,4.0,50.0,10.0,1.7545088726579532,0.437553134446739,0.6047810731160216,11840.33185862963,32.26750896911639,0.3181051618102894,0.9094741909485529
16.02,148.77402770872766,6.777165042909343,37.49,172.9,68.33,12.42,0.0,UGC03205,67.0,4.0,50.0,10.0,1.7545088726579532,0.437553134446739,0.6047810731160216,11840.33185862963,32.26750896911639,0.3181051618102894,0.9094741909485529
16.32,133.55531970499325,6.744103823679551,38.3,171.46,67.7,11.67,0.0,UGC03205,67.0,4.0,50.0,10.0,1.7545088726579532,0.437553134446739,0.6047810731160216,11840.33185862963,32.26750896911639,0.3181051618102894,0.9094741909485529
16.53,130.54248090277753,6.726568758504865,39.11,170.51,67.27,11.18,0.0,UGC03205,67.0,4.0,50.0,10.0,1.7545088726579532,0.437553134446739,0.6047810731160216,11840.33185862963,32.26750896911639,0.3181051618102894,0.9094741909485529
16.84,124.905922668511,6.6985290107075075,39.92,169.21,66.64,10.5,0.0,UGC03205,67.0,4.0,50.0,10.0,1.7545088726579532,0.437553134446739,0.6047810731160216,11840.33185862963,32.26750896911639,0.3181051618102894,0.9094741909485529
16.94,134.1303474698224,6.692561014493404,40.33,168.81,66.45,10.27,0.0,UGC03205,67.0,4.0,50.0,10.0,1.7545088726579532,0.437553134446739,0.6047810731160216,11840.33185862963,32.26750896911639,0.3181051618102894,0.9094741909485529
19.4,139.43888862183897,6.491827013804358,47.22,157.9,62.09,4.85,0.0,UGC03205,67.0,4.0,50.0,10.0,1.7545088726579532,0.437553134446739,0.6047810731160216,11840.33185862963,32.26750896911639,0.3181051618102894,0.9094741909485529
21.77,132.91371581442613,6.341425652346857,52.28,148.59,58.61,2.49,0.0,UGC03205,67.0,4.0,50.0,10.0,1.7545088726579532,0.437553134446739,0.6047810731160216,11840.33185862963,32.26750896911639,0.3181051618102894,0.9094741909485529
24.23,117.36499974570565,6.1583356931990005,54.82,138.99,55.56,0.86,0.0,UGC03205,67.0,4.0,50.0,10.0,1.7545088726579532,0.437553134446739,0.6047810731160216,11840.33185862963,32.26750896911639,0.3181051618102894,0.9094741909485529
26.69,114.61144971122938,5.98661253532448,55.53,130.82,52.94,0.4,0.0,UGC03205,67.0,4.0,50.0,10.0,1.7545088726579532,0.437553134446739,0.6047810731160216,11840.33185862963,32.26750896911639,0.3181051618102894,0.9094741909485529
29.06,113.31157786776583,5.812093407298399,54.01,124.32,50.73,0.19,0.0,UGC03205,67.0,4.0,50.0,10.0,1.7545088726579532,0.437553134446739,0.6047810731160216,11840.33185862963,32.26750896911639,0.3181051618102894,0.9094741909485529
31.52,114.54520236838277,5.64477080150506,51.78,118.54,48.71,0.09,0.0,UGC03205,67.0,4.0,50.0,10.0,1.7545088726579532,0.437553134446739,0.6047810731160216,11840.33185862963,32.26750896911639,0.3181051618102894,0.9094741909485529
36.34,106.3936014130888,5.3748560388450475,47.22,109.34,45.37,0.02,0.0,UGC03205,67.0,4.0,50.0,10.0,1.7545088726579532,0.437553134446739,0.6047810731160216,11840.33185862963,32.26750896911639,0.3181051618102894,0.9094741909485529
40.04,104.86031636939028,5.18739297397785,42.76,103.66,43.22,0.0,0.0,UGC03205,67.0,4.0,50.0,10.0,1.7545088726579532,0.437553134446739,0.6047810731160216,11840.33185862963,32.26750896911639,0.3181051618102894,0.9094741909485529
0.26,6.9149903308713645,0.3472072610824512,-0.5,5.06,0.0,34.28,0.0,F583-1,63.0,5.0,35.4,8.85,-0.30715308072277,0.5353575627592911,0.6534625171596506,11719.952006024901,9.71573091414948,0.6960352257828778,-0.9801761289143891
0.44,10.453437404049915,0.5098362116868043,-0.86,8.17,0.0,31.74,0.0,F583-1,63.0,5.0,35.4,8.85,-0.30715308072277,0.5353575627592911,0.6534625171596506,11719.952006024901,9.71573091414948,0.6960352257828778,-0.9801761289143891
0.77,16.68383432310999,0.7628333906709067,-1.55,13.14,0.0,26.03,0.0,F583-1,63.0,5.0,35.4,8.85,-0.30715308072277,0.5353575627592911,0.6534625171596506,11719.952006024901,9.71573091414948,0.6960352257828778,-0.9801761289143891
0.89,17.300763984471978,0.8401703219689681,-1.78,14.55,0.0,23.16,0.0,F583-1,63.0,5.0,35.4,8.85,-0.30715308072277,0.5353575627592911,0.6534625171596506,11719.952006024901,9.71573091414948,0.6960352257828778,-0.9801761289143891
1.22,20.373665754535068,1.0158485346374313,-2.43,17.29,0.0,17.48,0.0,F583-1,63.0,5.0,35.4,8.85,-0.30715308072277,0.5353575627592911,0.6534625171596506,11719.952006024901,9.71573091414948,0.6960352257828778,-0.9801761289143891
1.55,20.94465643475742,1.143649235463284,-2.98,18.37,0.0,11.3,0.0,F583-1,63.0,5.0,35.4,8.85,-0.30715308072277,0.5353575627592911,0.6534625171596506,11719.952006024901,9.71573091414948,0.6960352257828778,-0.9801761289143891
1.8,24.824551425989274,1.2176085775174252,-3.18,18.25,0.0,10.51,0.0,F583-1,63.0,5.0,35.4,8.85,-0.30715308072277,0.5353575627592911,0.6534625171596506,11719.952006024901,9.71573091414948,0.6960352257828778,-0.9801761289143891
2.21,24.415792981911938,1.352426635873269,-3.53,19.06,0.0,10.14,0.0,F583-1,63.0,5.0,35.4,8.85,-0.30715308072277,0.5353575627592911,0.6534625171596506,11719.952006024901,9.71573091414948,0.6960352257828778,-0.9801761289143891
2.31,25.769299265485778,1.3861194402113615,-3.66,19.39,0.0,9.91,0.0,F583-1,63.0,5.0,35.4,8.85,-0.30715308072277,0.5353575627592911,0.6534625171596506,11719.952006024901,9.71573091414948,0.6960352257828778,-0.9801761289143891
2.54,30.466146729536742,1.4608810231963218,-4.08,20.16,0.0,9.2,0.0,F583-1,63.0,5.0,35.4,8.85,-0.30715308072277,0.5353575627592911,0.6534625171596506,11719.952006024901,9.71573091414948,0.6960352257828778,-0.9801761289143891
3.1,33.817120745385296,1.6331853978847903,-5.16,22.16,0.0,8.56,0.0,F583-1,63.0,5.0,35.4,8.85,-0.30715308072277,0.5353575627592911,0.6534625171596506,11719.952006024901,9.71573091414948,0.6960352257828778,-0.9801761289143891
3.43,34.560262732346544,1.7410658198718807,-4.94,23.71,0.0,7.6,0.0,F583-1,63.0,5.0,35.4,8.85,-0.30715308072277,0.5353575627592911,0.6534625171596506,11719.952006024901,9.71573091414948,0.6960352257828778,-0.9801761289143891
3.86,34.1692003193661,1.8681914197804472,-3.07,24.94,0.0,6.05,0.0,F583-1,63.0,5.0,35.4,8.85,-0.30715308072277,0.5353575627592911,0.6534625171596506,11719.952006024901,9.71573091414948,0.6960352257828778,-0.9801761289143891
4.09,37.88735688951733,1.9302068164040798,1.31,25.34,0.0,5.43,0.0,F583-1,63.0,5.0,35.4,8.85,-0.30715308072277,0.5353575627592911,0.6534625171596506,11719.952006024901,9.71573091414948,0.6960352257828778,-0.9801761289143891
4.37,38.71637821612504,2.00382246531171,4.42,25.74,0.0,4.75,0.0,F583-1,63.0,5.0,35.4,8.85,-0.30715308072277,0.5353575627592911,0.6534625171596506,11719.952006024901,9.71573091414948,0.6960352257828778,-0.9801761289143891
4.76,43.36501194407197,2.1013396613143764,7.13,26.09,0.0,3.9,0.0,F583-1,63.0,5.0,35.4,8.85,-0.30715308072277,0.5353575627592911,0.6534625171596506,11719.952006024901,9.71573091414948,0.6960352257828778,-0.9801761289143891
5.4,50.17720547062315,2.254372043794826,11.25,26.17,0.0,2.77,0.0,F583-1,63.0,5.0,35.4,8.85,-0.30715308072277,0.5353575627592911,0.6534625171596506,11719.952006024901,9.71573091414948,0.6960352257828778,-0.9801761289143891
5.86,47.64369802671677,2.3566237246105746,13.88,25.92,0.0,2.15,0.0,F583-1,63.0,5.0,35.4,8.85,-0.30715308072277,0.5353575627592911,0.6534625171596506,11719.952006024901,9.71573091414948,0.6960352257828778,-0.9801761289143891
6.08,46.156648019145244,2.4014044619629473,14.94,25.73,0.0,1.92,0.0,F583-1,63.0,5.0,35.4,8.85,-0.30715308072277,0.5353575627592911,0.6534625171596506,11719.952006024901,9.71573091414948,0.6960352257828778,-0.9801761289143891
6.43,46.56536077547141,2.4730071542143945,16.72,25.39,0.0,1.61,0.0,F583-1,63.0,5.0,35.4,8.85,-0.30715308072277,0.5353575627592911,0.6534625171596506,11719.952006024901,9.71573091414948,0.6960352257828778,-0.9801761289143891
6.97,51.54702656452788,2.584600393232984,19.67,24.74,0.0,1.25,0.0,F583-1,63.0,5.0,35.4,8.85,-0.30715308072277,0.5353575627592911,0.6534625171596506,11719.952006024901,9.71573091414948,0.6960352257828778,-0.9801761289143891
7.96,54.88705362071245,2.768828179845891,24.09,23.76,0.0,0.92,0.0,F583-1,63.0,5.0,35.4,8.85,-0.30715308072277,0.5353575627592911,0.6534625171596506,11719.952006024901,9.71573091414948,0.6960352257828778,-0.9801761289143891
10.29,58.61717064763004,3.10991485965086,31.66,22.09,0.0,0.37,0.0,F583-1,63.0,5.0,35.4,8.85,-0.30715308072277,0.5353575627592911,0.6534625171596506,11719.952006024901,9.71573091414948,0.6960352257828778,-0.9801761289143891
15.49,69.8176186146672,3.47068928723185,39.34,17.78,0.0,0.0,0.0,F583-1,63.0,5.0,35.4,8.85,-0.30715308072277,0.5353575627592911,0.6534625171596506,11719.952006024901,9.71573091414948,0.6960352257828778,-0.9801761289143891
16.26,65.69592212064633,3.485363717489568,39.55,17.09,0.0,0.0,0.0,F583-1,63.0,5.0,35.4,8.85,-0.30715308072277,0.5353575627592911,0.6534625171596506,11719.952006024901,9.71573091414948,0.6960352257828778,-0.9801761289143891
1.7,268.8367515816749,13.104705554873192,0.0,92.31,265.84,879.93,1173.44,UGC02885,64.0,4.0,80.6,8.06,2.3048404505210276,0.6459229737495221,0.8940526619637056,7594.77481865302,51.34612687866362,0.21722206209218603,1.4138896895390698
3.41,253.39525081918222,12.753983153190003,0.0,152.76,236.42,657.78,159.82,UGC02885,64.0,4.0,80.6,8.06,2.3048404505210276,0.6459229737495221,0.8940526619637056,7594.77481865302,51.34612687866362,0.21722206209218603,1.4138896895390698
6.82,238.40761428928133,12.156714577196128,0.0,220.93,175.44,363.12,0.01,UGC02885,64.0,4.0,80.6,8.06,2.3048404505210276,0.6459229737495221,0.8940526619637056,7594.77481865302,51.34612687866362,0.21722206209218603,1.4138896895390698
13.67,225.65956699951224,11.477607384924555,0.0,244.9,123.9,125.25,0.0,UGC02885,64.0,4.0,80.6,8.06,2.3048404505210276,0.6459229737495221,0.8940526619637056,7594.77481865302,51.34612687866362,0.21722206209218603,1.4138896895390698
19.49,203.58585218512314,10.88677820458808,0.0,240.52,103.77,61.48,0.0,UGC02885,64.0,4.0,80.6,8.06,2.3048404505210276,0.6459229737495221,0.8940526619637056,7594.77481865302,51.34612687866362,0.21722206209218603,1.4138896895390698
23.36,199.56306147478543,10.754558934266898,28.79,238.85,94.78,47.36,0.0,UGC02885,64.0,4.0,80.6,8.06,2.3048404505210276,0.6459229737495221,0.8940526619637056,7594.77481865302,51.34612687866362,0.21722206209218603,1.4138896895390698
27.24,218.74431282848866,10.519428749076525,40.2,232.97,87.77,30.75,0.0,UGC02885,64.0,4.0,80.6,8.06,2.3048404505210276,0.6459229737495221,0.8940526619637056,7594.77481865302,51.34612687866362,0.21722206209218603,1.4138896895390698
31.22,201.09708714552994,10.151924728578008,45.05,223.71,81.99,18.49,0.0,UGC02885,64.0,4.0,80.6,8.06,2.3048404505210276,0.6459229737495221,0.8940526619637056,7594.77481865302,51.34612687866362,0.21722206209218603,1.4138896895390698
35.1,198.78487789899606,9.832840344563117,50.3,214.74,77.32,13.99,0.0,UGC02885,64.0,4.0,80.6,8.06,2.3048404505210276,0.6459229737495221,0.8940526619637056,7594.77481865302,51.34612687866362,0.21722206209218603,1.4138896895390698
38.97,202.5624125294525,9.645043607534605,59.7,206.96,73.38,9.86,0.0,UGC02885,64.0,4.0,80.6,8.06,2.3048404505210276,0.6459229737495221,0.8940526619637056,7594.77481865302,51.34612687866362,0.21722206209218603,1.4138896895390698
42.85,172.5862097612269,9.448046290046094,67.17,198.69,69.98,6.64,0.0,UGC02885,64.0,4.0,80.6,8.06,2.3048404505210276,0.6459229737495221,0.8940526619637056,7594.77481865302,51.34612687866362,0.21722206209218603,1.4138896895390698
46.73,174.00747671273965,9.055404589080402,65.05,189.07,67.02,5.23,0.0,UGC02885,64.0,4.0,80.6,8.06,2.3048404505210276,0.6459229737495221,0.8940526619637056,7594.77481865302,51.34612687866362,0.21722206209218603,1.4138896895390698
50.71,181.31415426210017,8.986921687737395,71.21,184.25,64.33,4.79,0.0,UGC02885,64.0,4.0,80.6,8.06,2.3048404505210276,0.6459229737495221,0.8940526619637056,7594.77481865302,51.34612687866362,0.21722206209218603,1.4138896895390698
54.58,183.7388995357189,9.01030038639611,79.19,180.41,62.01,3.46,0.0,UGC02885,64.0,4.0,80.6,8.06,2.3048404505210276,0.6459229737495221,0.8940526619637056,7594.77481865302,51.34612687866362,0.21722206209218603,1.4138896895390698
58.46,174.874175654434,8.91172803017685,83.33,174.83,59.92,1.94,0.0,UGC02885,64.0,4.0,80.6,8.06,2.3048404505210276,0.6459229737495221,0.8940526619637056,7594.77481865302,51.34612687866362,0.21722206209218603,1.4138896895390698
62.34,182.7005980170335,8.687956671792309,83.33,168.07,58.02,1.38,0.0,UGC02885,64.0,4.0,80.6,8.06,2.3048404505210276,0.6459229737495221,0.8940526619637056,7594.77481865302,51.34612687866362,0.21722206209218603,1.4138896895390698
66.21,171.8429440647414,8.502700941018457,82.83,162.78,56.3,1.0,0.0,UGC02885,64.0,4.0,80.6,8.06,2.3048404505210276,0.6459229737495221,0.8940526619637056,7594.77481865302,51.34612687866362,0.21722206209218603,1.4138896895390698
70.19,158.36912154840687,8.429889973741439,85.86,158.17,54.68,0.71,0.0,UGC02885,64.0,4.0,80.6,8.06,2.3048404505210276,0.6459229737495221,0.8940526619637056,7594.77481865302,51.34612687866362,0.21722206209218603,1.4138896895390698
74.07,157.86099626437283,8.278307238420805,86.26,152.97,53.23,0.0,0.0,UGC02885,64.0,4.0,80.6,8.06,2.3048404505210276,0.6459229737495221,0.8940526619637056,7594.77481865302,51.34612687866362,0.21722206209218603,1.4138896895390698
5.49,179.36945340610376,8.708089038592648,0.0,186.83,108.11,258.72,6.53,NGC4013,89.0,1.0,18.0,2.5,1.5971135438928041,0.6018899757650651,0.7788990706538742,8128.256123898649,24.671477865596234,0.34695781952735916,0.7652109023632042
6.17,191.0081312997811,8.949307116972674,10.14,197.4,102.7,211.17,3.26,NGC4013,89.0,1.0,18.0,2.5,1.5971135438928041,0.6018899757650651,0.7788990706538742,8128.256123898649,24.671477865596234,0.34695781952735916,0.7652109023632042
6.92,177.96115324088493,9.072106423438255,19.07,203.18,97.43,152.63,1.51,NGC4013,89.0,1.0,18.0,2.5,1.5971135438928041,0.6018899757650651,0.7788990706538742,8128.256123898649,24.671477865596234,0.34695781952735916,0.7652109023632042
7.69,179.45752610235482,9.107534028783093,24.03,205.95,92.74,114.26,0.69,NGC4013,89.0,1.0,18.0,2.5,1.5971135438928041,0.6018899757650651,0.7788990706538742,8128.256123898649,24.671477865596234,0.34695781952735916,0.7652109023632042
8.36,170.8188624628212,9.050704641406247,26.62,205.73,88.92,79.51,0.35,NGC4013,89.0,1.0,18.0,2.5,1.5971135438928041,0.6018899757650651,0.7788990706538742,8128.256123898649,24.671477865596234,0.34695781952735916,0.7652109023632042
9.12,200.6401078848838,8.90272595743439,28.67,202.75,85.21,49.71,0.16,NGC4013,89.0,1.0,18.0,2.5,1.5971135438928041,0.6018899757650651,0.7788990706538742,8128.256123898649,24.671477865596234,0.34695781952735916,0.7652109023632042
9.88,170.665606880618,8.608802886134375,29.74,195.44,81.9,20.91,0.07,NGC4013,89.0,1.0,18.0,2.5,1.5971135438928041,0.6018899757650651,0.7788990706538742,8128.256123898649,24.671477865596234,0.34695781952735916,0.7652109023632042
10.56,177.5784474171611,8.225972177418345,29.63,185.44,79.23,9.67,0.04,NGC4013,89.0,1.0,18.0,2.5,1.5971135438928041,0.6018899757650651,0.7788990706538742,8128.256123898649,24.671477865596234,0.34695781952735916,0.7652109023632042
11.31,151.9833138708914,7.853335947392343,29.42,175.66,76.58,4.66,0.02,NGC4013,89.0,1.0,18.0,2.5,1.5971135438928041,0.6018899757650651,0.7788990706538742,8128.256123898649,24.671477865596234,0.34695781952735916,0.7652109023632042
12.08,151.81799197806347,7.529219781585526,29.85,166.96,74.1,2.88,0.01,NGC4013,89.0,1.0,18.0,2.5,1.5971135438928041,0.6018899757650651,0.7788990706538742,8128.256123898649,24.671477865596234,0.34695781952735916,0.7652109023632042
12.77,133.52595613823962,7.285095970141898,30.5,160.29,72.07,1.8,0.0,NGC4013,89.0,1.0,18.0,2.5,1.5971135438928041,0.6018899757650651,0.7788990706538742,8128.256123898649,24.671477865596234,0.34695781952735916,0.7652109023632042
13.47,138.92323189348082,7.081729677165715,31.57,154.56,70.18,1.31,0.0,NGC4013,89.0,1.0,18.0,2.5,1.5971135438928041,0.6018899757650651,0.7788990706538742,8128.256123898649,24.671477865596234,0.34695781952735916,0.7652109023632042
14.17,144.80461481101057,6.900796136969923,32.44,149.44,68.41,0.82,0.0,NGC4013,89.0,1.0,18.0,2.5,1.5971135438928041,0.6018899757650651,0.7788990706538742,8128.256123898649,24.671477865596234,0.34695781952735916,0.7652109023632042
14.98,125.84386282229208,6.712296950946976,32.98,144.15,66.54,0.43,0.0,NGC4013,89.0,1.0,18.0,2.5,1.5971135438928041,0.6018899757650651,0.7788990706538742,8128.256123898649,24.671477865596234,0.34695781952735916,0.7652109023632042
15.68,138.1320141138054,6.5551690640797915,32.44,140.03,65.04,0.22,0.0,NGC4013,89.0,1.0,18.0,2.5,1.5971135438928041,0.6018899757650651,0.7788990706538742,8128.256123898649,24.671477865596234,0.34695781952735916,0.7652109023632042
16.37,130.3209939896325,6.407998724786292,31.79,136.17,63.66,0.0,0.0,NGC4013,89.0,1.0,18.0,2.5,1.5971135438928041,0.6018899757650651,0.7788990706538742,8128.256123898649,24.671477865596234,0.34695781952735916,0.7652109023632042
17.19,118.45828198148608,6.2491018836628385,30.82,132.07,62.12,0.0,0.0,NGC4013,89.0,1.0,18.0,2.5,1.5971135438928041,0.6018899757650651,0.7788990706538742,8128.256123898649,24.671477865596234,0.34695781952735916,0.7652109023632042
17.88,119.40261021275117,6.1237123817209,29.63,128.95,60.91,0.0,0.0,NGC4013,89.0,1.0,18.0,2.5,1.5971135438928041,0.6018899757650651,0.7788990706538742,8128.256123898649,24.671477865596234,0.34695781952735916,0.7652109023632042
18.58,117.41315295163501,6.008574155620991,28.56,126.05,59.75,0.0,0.0,NGC4013,89.0,1.0,18.0,2.5,1.5971135438928041,0.6018899757650651,0.7788990706538742,8128.256123898649,24.671477865596234,0.34695781952735916,0.7652109023632042
19.39,117.56209020997039,5.892694627330658,27.91,122.95,58.49,0.0,0.0,NGC4013,89.0,1.0,18.0,2.5,1.5971135438928041,0.6018899757650651,0.7788990706538742,8128.256123898649,24.671477865596234,0.34695781952735916,0.7652109023632042
20.09,112.87846762729332,5.799388745466678,27.26,120.47,57.46,0.0,0.0,NGC4013,89.0,1.0,18.0,2.5,1.5971135438928041,0.6018899757650651,0.7788990706538742,8128.256123898649,24.671477865596234,0.34695781952735916,0.7652109023632042
20.79,109.48046735517609,5.710223300112569,26.4,118.15,56.49,0.0,0.0,NGC4013,89.0,1.0,18.0,2.5,1.5971135438928041,0.6018899757650651,0.7788990706538742,8128.256123898649,24.671477865596234,0.34695781952735916,0.7652109023632042
21.48,110.93452806088077,5.632506006236056,25.97,116.0,55.57,0.0,0.0,NGC4013,89.0,1.0,18.0,2.5,1.5971135438928041,0.6018899757650651,0.7788990706538742,8128.256123898649,24.671477865596234,0.34695781952735916,0.7652109023632042
22.3,105.37812026471244,5.554077260550691,26.08,113.61,54.54,0.0,0.0,NGC4013,89.0,1.0,18.0,2.5,1.5971135438928041,0.6018899757650651,0.7788990706538742,8128.256123898649,24.671477865596234,0.34695781952735916,0.7652109023632042
22.99,102.82877516779664,5.495786922069477,26.4,111.72,53.72,0.0,0.0,NGC4013,89.0,1.0,18.0,2.5,1.5971135438928041,0.6018899757650651,0.7788990706538742,8128.256123898649,24.671477865596234,0.34695781952735916,0.7652109023632042
23.69,108.65207735321728,5.445721653359516,27.16,109.89,52.92,0.0,0.0,NGC4013,89.0,1.0,18.0,2.5,1.5971135438928041,0.6018899757650651,0.7788990706538742,8128.256123898649,24.671477865596234,0.34695781952735916,0.7652109023632042
24.39,113.02977543444155,5.412558358280297,28.88,108.16,52.15,0.0,0.0,NGC4013,89.0,1.0,18.0,2.5,1.5971135438928041,0.6018899757650651,0.7788990706538742,8128.256123898649,24.671477865596234,0.34695781952735916,0.7652109023632042
25.2,99.19972342508376,5.370674015055972,30.17,106.26,51.31,0.0,0.0,NGC4013,89.0,1.0,18.0,2.5,1.5971135438928041,0.6018899757650651,0.7788990706538742,8128.256123898649,24.671477865596234,0.34695781952735916,0.7652109023632042
25.9,106.41366233092327,5.319749992110027,29.96,104.71,50.61,0.0,0.0,NGC4013,89.0,1.0,18.0,2.5,1.5971135438928041,0.6018899757650651,0.7788990706538742,8128.256123898649,24.671477865596234,0.34695781952735916,0.7652109023632042
26.59,101.97877266142264,5.270208878494858,29.63,103.24,49.95,0.0,0.0,NGC4013,89.0,1.0,18.0,2.5,1.5971135438928041,0.6018899757650651,0.7788990706538742,8128.256123898649,24.671477865596234,0.34695781952735916,0.7652109023632042
27.41,99.15745875611003,5.212543597409205,29.1,101.58,49.19,0.0,0.0,NGC4013,89.0,1.0,18.0,2.5,1.5971135438928041,0.6018899757650651,0.7788990706538742,8128.256123898649,24.671477865596234,0.34695781952735916,0.7652109023632042
28.1,107.68080285710624,5.163695533100213,28.45,100.24,48.59,0.0,0.0,NGC4013,89.0,1.0,18.0,2.5,1.5971135438928041,0.6018899757650651,0.7788990706538742,8128.256123898649,24.671477865596234,0.34695781952735916,0.7652109023632042
28.8,99.73336771115663,5.119301734976537,28.02,98.94,47.99,0.0,0.0,NGC4013,89.0,1.0,18.0,2.5,1.5971135438928041,0.6018899757650651,0.7788990706538742,8128.256123898649,24.671477865596234,0.34695781952735916,0.7652109023632042
29.61,109.027010894792,5.0714243618916734,27.59,97.5,47.33,0.0,0.0,NGC4013,89.0,1.0,18.0,2.5,1.5971135438928041,0.6018899757650651,0.7788990706538742,8128.256123898649,24.671477865596234,0.34695781952735916,0.7652109023632042
30.31,96.81378728599466,5.037095637244395,27.59,96.31,46.78,0.0,0.0,NGC4013,89.0,1.0,18.0,2.5,1.5971135438928041,0.6018899757650651,0.7788990706538742,8128.256123898649,24.671477865596234,0.34695781952735916,0.7652109023632042
31.01,101.63632042870628,4.985471291763762,26.19,95.16,46.25,0.0,0.0,NGC4013,89.0,1.0,18.0,2.5,1.5971135438928041,0.6018899757650651,0.7788990706538742,8128.256123898649,24.671477865596234,0.34695781952735916,0.7652109023632042
0.58,23.075560690971162,1.119998293497609,1.43,21.96,0.0,135.84,0.0,UGC07323,47.0,3.0,8.0,2.4,0.3127061455978901,0.4745059949151223,0.5884314264402981,9148.432732235437,3.155056999584318,0.5824067831212573,-0.41203391560628616
1.17,35.63568458294567,1.7860073781880432,3.24,34.79,0.0,96.51,0.0,UGC07323,47.0,3.0,8.0,2.4,0.3127061455978901,0.4745059949151223,0.5884314264402981,9148.432732235437,3.155056999584318,0.5824067831212573,-0.41203391560628616
1.75,42.31382366401156,2.2371477529857273,-0.61,43.08,0.0,71.26,0.0,UGC07323,47.0,3.0,8.0,2.4,0.3127061455978901,0.4745059949151223,0.5884314264402981,9148.432732235437,3.155056999584318,0.5824067831212573,-0.41203391560628616
2.33,50.96399032878164,2.561270865380642,-3.66,48.67,0.0,55.55,0.0,UGC07323,47.0,3.0,8.0,2.4,0.3127061455978901,0.4745059949151223,0.5884314264402981,9148.432732235437,3.155056999584318,0.5824067831212573,-0.41203391560628616
2.91,57.07071019308367,2.8461419203572262,9.71,52.39,0.0,42.67,0.0,UGC07323,47.0,3.0,8.0,2.4,0.3127061455978901,0.4745059949151223,0.5884314264402981,9148.432732235437,3.155056999584318,0.5824067831212573,-0.41203391560628616
3.5,64.43677591269041,3.074499120211374,13.91,55.75,0.0,35.03,0.0,UGC07323,47.0,3.0,8.0,2.4,0.3127061455978901,0.4745059949151223,0.5884314264402981,9148.432732235437,3.155056999584318,0.5824067831212573,-0.41203391560628616
4.07,62.59189132926736,3.2781383247366946,18.68,58.69,0.0,28.37,0.0,UGC07323,47.0,3.0,8.0,2.4,0.3127061455978901,0.4745059949151223,0.5884314264402981,9148.432732235437,3.155056999584318,0.5824067831212573,-0.41203391560628616
4.65,69.53995722749676,3.483848824528547,24.75,61.08,0.0,21.05,0.0,UGC07323,47.0,3.0,8.0,2.4,0.3127061455978901,0.4745059949151223,0.5884314264402981,9148.432732235437,3.155056999584318,0.5824067831212573,-0.41203391560628616
5.23,65.51162528652603,3.5841553034706686,27.13,61.82,0.0,14.07,0.0,UGC07323,47.0,3.0,8.0,2.4,0.3127061455978901,0.4745059949151223,0.5884314264402981,9148.432732235437,3.155056999584318,0.5824067831212573,-0.41203391560628616
5.82,74.87725714647267,3.6257551416588907,28.72,60.87,0.0,9.18,0.0,UGC07323,47.0,3.0,8.0,2.4,0.3127061455978901,0.4745059949151223,0.5884314264402981,9148.432732235437,3.155056999584318,0.5824067831212573,-0.41203391560628616
0.67,40.48416792165567,1.9181641344949059,-1.86,59.04,0.0,523.98,0.0,NGC4559,67.0,1.0,9.0,2.7,0.9862565435988309,0.3897819346602416,0.4618086761672484,9040.559406841348,5.498485723512033,0.4589360343945625,0.20531982802718754
1.32,46.92495982295959,2.539840604036373,-3.8,76.34,0.0,311.22,0.0,NGC4559,67.0,1.0,9.0,2.7,0.9862565435988309,0.3897819346602416,0.4618086761672484,9040.559406841348,5.498485723512033,0.4589360343945625,0.20531982802718754
1.97,56.87459331097254,3.007333985200959,-4.48,88.63,0.0,232.08,0.0,NGC4559,67.0,1.0,9.0,2.7,0.9862565435988309,0.3897819346602416,0.4618086761672484,9040.559406841348,5.498485723512033,0.4589360343945625,0.20531982802718754
2.62,64.78132272958204,3.364088252964908,7.23,96.45,0.0,182.74,0.0,NGC4559,67.0,1.0,9.0,2.7,0.9862565435988309,0.3897819346602416,0.4618086761672484,9040.559406841348,5.498485723512033,0.4589360343945625,0.20531982802718754
3.28,70.92747741752517,3.758642580340925,12.91,105.73,0.0,154.57,0.0,NGC4559,67.0,1.0,9.0,2.7,0.9862565435988309,0.3897819346602416,0.4618086761672484,9040.559406841348,5.498485723512033,0.4589360343945625,0.20531982802718754
3.93,83.35164373661198,4.0899893850466436,15.03,114.11,0.0,115.04,0.0,NGC4559,67.0,1.0,9.0,2.7,0.9862565435988309,0.3897819346602416,0.4618086761672484,9040.559406841348,5.498485723512033,0.4589360343945625,0.20531982802718754
4.58,81.37134912095529,4.23971796927594,16.47,116.44,0.0,74.83,0.0,NGC4559,67.0,1.0,9.0,2.7,0.9862565435988309,0.3897819346602416,0.4618086761672484,9040.559406841348,5.498485723512033,0.4589360343945625,0.20531982802718754
5.22,82.9226986049166,4.301307777626241,19.07,115.33,0.0,58.17,0.0,NGC4559,67.0,1.0,9.0,2.7,0.9862565435988309,0.3897819346602416,0.4618086761672484,9040.559406841348,5.498485723512033,0.4589360343945625,0.20531982802718754
5.9,89.8447521675054,4.364933154674809,21.96,114.16,0.0,42.87,0.0,NGC4559,67.0,1.0,9.0,2.7,0.9862565435988309,0.3897819346602416,0.4618086761672484,9040.559406841348,5.498485723512033,0.4589360343945625,0.20531982802718754
6.54,84.18285069193715,4.3743882508495755,24.08,111.48,0.0,31.37,0.0,NGC4559,67.0,1.0,9.0,2.7,0.9862565435988309,0.3897819346602416,0.4618086761672484,9040.559406841348,5.498485723512033,0.4589360343945625,0.20531982802718754
7.19,89.6133257437179,4.385762745689762,26.59,108.69,0.0,28.23,0.0,NGC4559,67.0,1.0,9.0,2.7,0.9862565435988309,0.3897819346602416,0.4618086761672484,9040.559406841348,5.498485723512033,0.4589360343945625,0.20531982802718754
7.87,84.70200711288712,4.4512965277811904,28.42,108.61,0.0,23.82,0.0,NGC4559,67.0,1.0,9.0,2.7,0.9862565435988309,0.3897819346602416,0.4618086761672484,9040.559406841348,5.498485723512033,0.4589360343945625,0.20531982802718754
8.51,84.60196548590744,4.503011987283335,29.67,108.62,0.0,17.55,0.0,NGC4559,67.0,1.0,9.0,2.7,0.9862565435988309,0.3897819346602416,0.4618086761672484,9040.559406841348,5.498485723512033,0.4589360343945625,0.20531982802718754
9.16,81.81963045427109,4.504357512436746,30.73,106.75,0.0,10.87,0.0,NGC4559,67.0,1.0,9.0,2.7,0.9862565435988309,0.3897819346602416,0.4618086761672484,9040.559406841348,5.498485723512033,0.4589360343945625,0.20531982802718754
9.84,98.01077511170207,4.483320340012627,33.62,102.47,0.0,5.62,0.0,NGC4559,67.0,1.0,9.0,2.7,0.9862565435988309,0.3897819346602416,0.4618086761672484,9040.559406841348,5.498485723512033,0.4589360343945625,0.20531982802718754
10.48,87.86309852813355,4.464647104430242,36.6,98.04,0.0,4.16,0.0,NGC4559,67.0,1.0,9.0,2.7,0.9862565435988309,0.3897819346602416,0.4618086761672484,9040.559406841348,5.498485723512033,0.4589360343945625,0.20531982802718754
11.13,90.07710611272836,4.449585190561067,38.63,94.48,0.0,2.94,0.0,NGC4559,67.0,1.0,9.0,2.7,0.9862565435988309,0.3897819346602416,0.4618086761672484,9040.559406841348,5.498485723512033,0.4589360343945625,0.20531982802718754
11.78,88.1569710657248,4.414702270175509,39.4,91.23,0.0,2.24,0.0,NGC4559,67.0,1.0,9.0,2.7,0.9862565435988309,0.3897819346602416,0.4618086761672484,9040.559406841348,5.498485723512033,0.4589360343945625,0.20531982802718754
12.43,88.22903133626512,4.376448348449778,39.69,88.36,0.0,1.71,0.0,NGC4559,67.0,1.0,9.0,2.7,0.9862565435988309,0.3897819346602416,0.4618086761672484,9040.559406841348,5.498485723512033,0.4589360343945625,0.20531982802718754
13.08,87.3277010309461,4.355564418465214,40.46,85.84,0.0,1.3,0.0,NGC4559,67.0,1.0,9.0,2.7,0.9862565435988309,0.3897819346602416,0.4618086761672484,9040.559406841348,5.498485723512033,0.4589360343945625,0.20531982802718754
13.73,95.41217325736439,4.3550861800681115,42.0,83.43,0.0,0.82,0.0,NGC4559,67.0,1.0,9.0,2.7,0.9862565435988309,0.3897819346602416,0.4618086761672484,9040.559406841348,5.498485723512033,0.4589360343945625,0.20531982802718754
14.38,82.49068801885524,4.350528381980424,43.44,80.87,0.0,0.52,0.0,NGC4559,67.0,1.0,9.0,2.7,0.9862565435988309,0.3897819346602416,0.4618086761672484,9040.559406841348,5.498485723512033,0.4589360343945625,0.20531982802718754
15.03,79.93607844329361,4.33433179875559,44.21,78.55,0.0,0.5,0.0,NGC4559,67.0,1.0,9.0,2.7,0.9862565435988309,0.3897819346602416,0.4618086761672484,9040.559406841348,5.498485723512033,0.4589360343945625,0.20531982802718754
15.68,82.33244057946268,4.336015678395751,45.27,76.81,0.0,0.52,0.0,NGC4559,67.0,1.0,9.0,2.7,0.9862565435988309,0.3897819346602416,0.4618086761672484,9040.559406841348,5.498485723512033,0.4589360343945625,0.20531982802718754
16.33,81.19653039003963,4.350134719704644,46.72,75.17,0.0,0.37,0.0,NGC4559,67.0,1.0,9.0,2.7,0.9862565435988309,0.3897819346602416,0.4618086761672484,9040.559406841348,5.498485723512033,0.4589360343945625,0.20531982802718754
16.98,90.49229275749005,4.361712935541063,48.07,73.49,0.0,0.21,0.0,NGC4559,67.0,1.0,9.0,2.7,0.9862565435988309,0.3897819346602416,0.4618086761672484,9040.559406841348,5.498485723512033,0.4589360343945625,0.20531982802718754
17.72,91.00379228082431,4.370900055943063,49.41,71.61,0.0,0.14,0.0,NGC4559,67.0,1.0,9.0,2.7,0.9862565435988309,0.3897819346602416,0.4618086761672484,9040.559406841348,5.498485723512033,0.4589360343945625,0.20531982802718754
18.28,83.47376414228337,4.384429204667045,50.57,70.3,0.0,0.12,0.0,NGC4559,67.0,1.0,9.0,2.7,0.9862565435988309,0.3897819346602416,0.4618086761672484,9040.559406841348,5.498485723512033,0.4589360343945625,0.20531982802718754
19.02,81.66705231768117,4.388445174572669,51.53,68.7,0.0,0.08,0.0,NGC4559,67.0,1.0,9.0,2.7,0.9862565435988309,0.3897819346602416,0.4618086761672484,9040.559406841348,5.498485723512033,0.4589360343945625,0.20531982802718754
19.67,86.10674703886949,4.383092682654119,52.02,67.38,0.0,0.06,0.0,NGC4559,67.0,1.0,9.0,2.7,0.9862565435988309,0.3897819346602416,0.4618086761672484,9040.559406841348,5.498485723512033,0.4589360343945625,0.20531982802718754
20.32,93.42184623187849,4.367318274870978,52.11,66.16,0.0,0.04,0.0,NGC4559,67.0,1.0,9.0,2.7,0.9862565435988309,0.3897819346602416,0.4618086761672484,9040.559406841348,5.498485723512033,0.4589360343945625,0.20531982802718754
20.97,74.58158990449475,4.341078039205759,51.82,65.01,0.0,0.0,0.0,NGC4559,67.0,1.0,9.0,2.7,0.9862565435988309,0.3897819346602416,0.4618086761672484,9040.559406841348,5.498485723512033,0.4589360343945625,0.20531982802718754
0.34,31.311641968349264,1.5882476492491664,-2.27,41.97,0.0,934.63,0.0,NGC6015,60.0,2.0,17.0,5.1,1.2058672128865895,0.5644593628950724,0.5464148796272308,15273.892258425043,11.333338308032685,0.4186784770598666,0.406607614700667
0.67,43.68717705923145,2.3622708105615606,-3.73,62.26,0.0,735.05,0.0,NGC6015,60.0,2.0,17.0,5.1,1.2058672128865895,0.5644593628950724,0.5464148796272308,15273.892258425043,11.333338308032685,0.4186784770598666,0.406607614700667
1.0,58.109578076704416,3.054742456161925,-5.02,80.4,0.0,565.71,0.0,NGC6015,60.0,2.0,17.0,5.1,1.2058672128865895,0.5644593628950724,0.5464148796272308,15273.892258425043,11.333338308032685,0.4186784770598666,0.406607614700667
1.32,70.75010590762544,3.308268867460615,-6.13,86.74,0.0,426.63,0.0,NGC6015,60.0,2.0,17.0,5.1,1.2058672128865895,0.5644593628950724,0.5464148796272308,15273.892258425043,11.333338308032685,0.4186784770598666,0.406607614700667
1.65,73.4636368631261,3.528414746363982,-7.07,92.13,0.0,379.56,0.0,NGC6015,60.0,2.0,17.0,5.1,1.2058672128865895,0.5644593628950724,0.5464148796272308,15273.892258425043,11.333338308032685,0.4186784770598666,0.406607614700667
1.98,73.78474763242278,3.764848365934764,-7.85,97.94,0.0,356.73,0.0,NGC6015,60.0,2.0,17.0,5.1,1.2058672128865895,0.5644593628950724,0.5464148796272308,15273.892258425043,11.333338308032685,0.4186784770598666,0.406607614700667
2.31,77.39522482795721,4.0457878829713,-8.46,104.95,0.0,324.56,0.0,NGC6015,60.0,2.0,17.0,5.1,1.2058672128865895,0.5644593628950724,0.5464148796272308,15273.892258425043,11.333338308032685,0.4186784770598666,0.406607614700667
2.63,78.54306210080746,4.337911492105692,-8.8,112.27,0.0,313.54,0.0,NGC6015,60.0,2.0,17.0,5.1,1.2058672128865895,0.5644593628950724,0.5464148796272308,15273.892258425043,11.333338308032685,0.4186784770598666,0.406607614700667
2.96,91.76955132421608,4.6806051478207005,-8.85,120.94,0.0,291.35,0.0,NGC6015,60.0,2.0,17.0,5.1,1.2058672128865895,0.5644593628950724,0.5464148796272308,15273.892258425043,11.333338308032685,0.4186784770598666,0.406607614700667
3.28,100.10629412402113,5.013060700253575,-8.55,129.34,0.0,267.64,0.0,NGC6015,60.0,2.0,17.0,5.1,1.2058672128865895,0.5644593628950724,0.5464148796272308,15273.892258425043,11.333338308032685,0.4186784770598666,0.406607614700667
3.61,106.15727785007347,5.3302654946657455,-7.82,137.29,0.0,237.08,0.0,NGC6015,60.0,2.0,17.0,5.1,1.2058672128865895,0.5644593628950724,0.5464148796272308,15273.892258425043,11.333338308032685,0.4186784770598666,0.406607614700667
3.94,111.2821368617012,5.590323202644357,-6.39,143.65,0.0,203.58,0.0,NGC6015,60.0,2.0,17.0,5.1,1.2058672128865895,0.5644593628950724,0.5464148796272308,15273.892258425043,11.333338308032685,0.4186784770598666,0.406607614700667
4.27,109.22815701350777,5.7859442487157695,-3.64,148.22,0.0,167.76,0.0,NGC6015,60.0,2.0,17.0,5.1,1.2058672128865895,0.5644593628950724,0.5464148796272308,15273.892258425043,11.333338308032685,0.4186784770598666,0.406607614700667
4.6,117.22343193714535,5.8806583005615565,4.74,149.97,0.0,135.4,0.0,NGC6015,60.0,2.0,17.0,5.1,1.2058672128865895,0.5644593628950724,0.5464148796272308,15273.892258425043,11.333338308032685,0.4186784770598666,0.406607614700667
4.94,117.96230368230533,5.909542282694137,8.31,149.81,0.0,108.33,0.0,NGC6015,60.0,2.0,17.0,5.1,1.2058672128865895,0.5644593628950724,0.5464148796272308,15273.892258425043,11.333338308032685,0.4186784770598666,0.406607614700667
5.3,125.1227570507727,5.876911883707287,11.17,147.82,0.0,88.44,0.0,NGC6015,60.0,2.0,17.0,5.1,1.2058672128865895,0.5644593628950724,0.5464148796272308,15273.892258425043,11.333338308032685,0.4186784770598666,0.406607614700667
5.63,127.85541042082572,5.847028349603692,13.71,145.9,0.0,80.36,0.0,NGC6015,60.0,2.0,17.0,5.1,1.2058672128865895,0.5644593628950724,0.5464148796272308,15273.892258425043,11.333338308032685,0.4186784770598666,0.406607614700667
5.96,116.78047160870811,5.879293515316772,15.93,145.72,0.0,73.42,0.0,NGC6015,60.0,2.0,17.0,5.1,1.2058672128865895,0.5644593628950724,0.5464148796272308,15273.892258425043,11.333338308032685,0.4186784770598666,0.406607614700667
6.27,113.47747994496925,5.899931633357083,18.03,145.22,0.0,63.15,0.0,NGC6015,60.0,2.0,17.0,5.1,1.2058672128865895,0.5644593628950724,0.5464148796272308,15273.892258425043,11.333338308032685,0.4186784770598666,0.406607614700667
8.24,116.68382971443879,5.853209185663275,27.98,136.77,0.0,23.82,0.0,NGC6015,60.0,2.0,17.0,5.1,1.2058672128865895,0.5644593628950724,0.5464148796272308,15273.892258425043,11.333338308032685,0.4186784770598666,0.406607614700667
10.3,110.49140213773225,5.697671425772032,36.61,123.8,0.0,11.23,0.0,NGC6015,60.0,2.0,17.0,5.1,1.2058672128865895,0.5644593628950724,0.5464148796272308,15273.892258425043,11.333338308032685,0.4186784770598666,0.406607614700667
11.13,109.48625950083205,5.685363272455229,39.92,119.88,0.0,8.66,0.0,NGC6015,60.0,2.0,17.0,5.1,1.2058672128865895,0.5644593628950724,0.5464148796272308,15273.892258425043,11.333338308032685,0.4186784770598666,0.406607614700667
11.95,113.4794178212717,5.69065879119562,43.13,116.47,0.0,5.98,0.0,NGC6015,60.0,2.0,17.0,5.1,1.2058672128865895,0.5644593628950724,0.5464148796272308,15273.892258425043,11.333338308032685,0.4186784770598666,0.406607614700667
12.72,107.48025318007925,5.6697778782028845,45.67,112.55,0.0,3.85,0.0,NGC6015,60.0,2.0,17.0,5.1,1.2058672128865895,0.5644593628950724,0.5464148796272308,15273.892258425043,11.333338308032685,0.4186784770598666,0.406607614700667
13.58,116.01871763834453,5.630307512205887,47.33,108.33,0.0,2.84,0.0,NGC6015,60.0,2.0,17.0,5.1,1.2058672128865895,0.5644593628950724,0.5464148796272308,15273.892258425043,11.333338308032685,0.4186784770598666,0.406607614700667
14.43,111.21899357139087,5.589994043618461,48.11,104.74,0.0,2.01,0.0,NGC6015,60.0,2.0,17.0,5.1,1.2058672128865895,0.5644593628950724,0.5464148796272308,15273.892258425043,11.333338308032685,0.4186784770598666,0.406607614700667
15.29,112.32253722452207,5.546789686326763,48.44,101.4,0.0,1.41,0.0,NGC6015,60.0,2.0,17.0,5.1,1.2058672128865895,0.5644593628950724,0.5464148796272308,15273.892258425043,11.333338308032685,0.4186784770598666,0.406607614700667
16.02,109.13699780034895,5.507224482261623,48.44,98.71,0.0,0.96,0.0,NGC6015,60.0,2.0,17.0,5.1,1.2058672128865895,0.5644593628950724,0.5464148796272308,15273.892258425043,11.333338308032685,0.4186784770598666,0.406607614700667
16.88,105.11601119963827,5.454127483390792,48.11,95.6,0.0,0.61,0.0,NGC6015,60.0,2.0,17.0,5.1,1.2058672128865895,0.5644593628950724,0.5464148796272308,15273.892258425043,11.333338308032685,0.4186784770598666,0.406607614700667
17.73,102.9737656765875,5.404868103210371,47.66,92.8,0.0,0.44,0.0,NGC6015,60.0,2.0,17.0,5.1,1.2058672128865895,0.5644593628950724,0.5464148796272308,15273.892258425043,11.333338308032685,0.4186784770598666,0.406607614700667
18.59,105.84360578041493,5.355719474884938,47.0,90.22,0.0,0.3,0.0,NGC6015,60.0,2.0,17.0,5.1,1.2058672128865895,0.5644593628950724,0.5464148796272308,15273.892258425043,11.333338308032685,0.4186784770598666,0.406607614700667
19.32,103.52572028383096,5.322319917893653,46.67,88.2,0.0,0.22,0.0,NGC6015,60.0,2.0,17.0,5.1,1.2058672128865895,0.5644593628950724,0.5464148796272308,15273.892258425043,11.333338308032685,0.4186784770598666,0.406607614700667
20.18,107.07066029605247,5.291646852123328,46.56,85.97,0.0,0.15,0.0,NGC6015,60.0,2.0,17.0,5.1,1.2058672128865895,0.5644593628950724,0.5464148796272308,15273.892258425043,11.333338308032685,0.4186784770598666,0.406607614700667
21.04,105.11350356681339,5.256840016076106,46.12,83.92,0.0,0.1,0.0,NGC6015,60.0,2.0,17.0,5.1,1.2058672128865895,0.5644593628950724,0.5464148796272308,15273.892258425043,11.333338308032685,0.4186784770598666,0.406607614700667
21.89,97.31821427000601,5.22158042595531,45.56,82.02,0.0,0.07,0.0,NGC6015,60.0,2.0,17.0,5.1,1.2058672128865895,0.5644593628950724,0.5464148796272308,15273.892258425043,11.333338308032685,0.4186784770598666,0.406607614700667
22.63,104.31888262865161,5.198497635613701,45.34,80.48,0.0,0.05,0.0,NGC6015,60.0,2.0,17.0,5.1,1.2058672128865895,0.5644593628950724,0.5464148796272308,15273.892258425043,11.333338308032685,0.4186784770598666,0.406607614700667
23.48,96.53610561511704,5.1742179012160605,45.12,78.82,0.0,0.04,0.0,NGC6015,60.0,2.0,17.0,5.1,1.2058672128865895,0.5644593628950724,0.5464148796272308,15273.892258425043,11.333338308032685,0.4186784770598666,0.406607614700667
24.34,99.75506918197914,5.146385019954432,44.68,77.25,0.0,0.03,0.0,NGC6015,60.0,2.0,17.0,5.1,1.2058672128865895,0.5644593628950724,0.5464148796272308,15273.892258425043,11.333338308032685,0.4186784770598666,0.406607614700667
25.19,101.03169217541439,5.127042786207444,44.57,75.79,0.0,0.02,0.0,NGC6015,60.0,2.0,17.0,5.1,1.2058672128865895,0.5644593628950724,0.5464148796272308,15273.892258425043,11.333338308032685,0.4186784770598666,0.406607614700667
25.93,92.43903903453257,5.157068248110009,46.56,74.58,0.0,0.01,0.0,NGC6015,60.0,2.0,17.0,5.1,1.2058672128865895,0.5644593628950724,0.5464148796272308,15273.892258425043,11.333338308032685,0.4186784770598666,0.406607614700667
26.78,101.56581322887534,5.055161415461312,42.58,73.28,0.0,0.01,0.0,NGC6015,60.0,2.0,17.0,5.1,1.2058672128865895,0.5644593628950724,0.5464148796272308,15273.892258425043,11.333338308032685,0.4186784770598666,0.406607614700667
27.64,100.78394250999553,5.001440414143575,40.7,72.03,0.0,0.01,0.0,NGC6015,60.0,2.0,17.0,5.1,1.2058672128865895,0.5644593628950724,0.5464148796272308,15273.892258425043,11.333338308032685,0.4186784770598666,0.406607614700667
28.37,98.42820727822581,4.9606051452601925,39.26,71.03,0.0,0.0,0.0,NGC6015,60.0,2.0,17.0,5.1,1.2058672128865895,0.5644593628950724,0.5464148796272308,15273.892258425043,11.333338308032685,0.4186784770598666,0.406607614700667
29.23,96.44635257702694,4.926844898308389,38.26,69.88,0.0,0.0,0.0,NGC6015,60.0,2.0,17.0,5.1,1.2058672128865895,0.5644593628950724,0.5464148796272308,15273.892258425043,11.333338308032685,0.4186784770598666,0.406607614700667
0.13,112.77498569344226,5.613017698081617,-2.47,8.23,149.99,789.02,34497.8,UGC05253,37.0,4.0,22.9,5.72,1.9334417300940363,0.4587854522890298,0.5590415573664642,5857.838992489144,13.807454930828834,0.2853043885570766,1.073478057214617
0.25,155.43612574778527,8.269698402174766,-2.73,15.54,220.78,767.45,20300.24,UGC05253,37.0,4.0,22.9,5.72,1.9334417300940363,0.4587854522890298,0.5590415573664642,5857.838992489144,13.807454930828834,0.2853043885570766,1.073478057214617
0.38,192.78492722791253,9.527022839203871,-2.63,23.07,253.99,744.75,12406.57,UGC05253,37.0,4.0,22.9,5.72,1.9334417300940363,0.4587854522890298,0.5590415573664642,5857.838992489144,13.807454930828834,0.2853043885570766,1.073478057214617
0.51,203.7296518032775,10.114056391912852,-2.41,30.21,269.15,722.72,8657.54,UGC05253,37.0,4.0,22.9,5.72,1.9334417300940363,0.4587854522890298,0.5590415573664642,5857.838992489144,13.807454930828834,0.2853043885570766,1.073478057214617
0.63,206.57958472064036,10.402610385442772,-2.13,36.51,276.27,702.97,6495.51,UGC05253,37.0,4.0,22.9,5.72,1.9334417300940363,0.4587854522890298,0.5590415573664642,5857.838992489144,13.807454930828834,0.2853043885570766,1.073478057214617
0.76,205.73979428827835,10.517966801835295,-1.79,43.02,278.6,682.17,5042.31,UGC05253,37.0,4.0,22.9,5.72,1.9334417300940363,0.4587854522890298,0.5590415573664642,5857.838992489144,13.807454930828834,0.2853043885570766,1.073478057214617
0.89,217.36254216831898,10.576048435631188,-1.58,49.25,279.31,662.0,4041.77,UGC05253,37.0,4.0,22.9,5.72,1.9334417300940363,0.4587854522890298,0.5590415573664642,5857.838992489144,13.807454930828834,0.2853043885570766,1.073478057214617
1.01,195.2598464250261,10.649337598375283,-1.03,54.76,280.44,643.9,3369.65,UGC05253,37.0,4.0,22.9,5.72,1.9334417300940363,0.4587854522890298,0.5590415573664642,5857.838992489144,13.807454930828834,0.2853043885570766,1.073478057214617
1.14,218.39086552585306,10.67380384571927,0.66,60.48,280.12,624.86,2769.16,UGC05253,37.0,4.0,22.9,5.72,1.9334417300940363,0.4587854522890298,0.5590415573664642,5857.838992489144,13.807454930828834,0.2853043885570766,1.073478057214617
1.27,215.22655244975735,10.632127357824913,1.42,65.96,277.94,606.37,2377.1,UGC05253,37.0,4.0,22.9,5.72,1.9334417300940363,0.4587854522890298,0.5590415573664642,5857.838992489144,13.807454930828834,0.2853043885570766,1.073478057214617
1.39,216.154497294636,10.65673161002257,1.91,70.82,277.61,589.8,2088.11,UGC05253,37.0,4.0,22.9,5.72,1.9334417300940363,0.4587854522890298,0.5590415573664642,5857.838992489144,13.807454930828834,0.2853043885570766,1.073478057214617
1.52,217.2453240896054,10.657998944207819,2.31,75.88,276.52,572.35,1763.1,UGC05253,37.0,4.0,22.9,5.72,1.9334417300940363,0.4587854522890298,0.5590415573664642,5857.838992489144,13.807454930828834,0.2853043885570766,1.073478057214617
1.65,205.5696939953936,10.625758066053931,2.69,80.73,274.47,555.42,1547.08,UGC05253,37.0,4.0,22.9,5.72,1.9334417300940363,0.4587854522890298,0.5590415573664642,5857.838992489144,13.807454930828834,0.2853043885570766,1.073478057214617
1.77,209.0802809164145,10.591416523251608,3.02,85.03,272.42,540.24,1396.25,UGC05253,37.0,4.0,22.9,5.72,1.9334417300940363,0.4587854522890298,0.5590415573664642,5857.838992489144,13.807454930828834,0.2853043885570766,1.073478057214617
1.9,217.89911139793207,10.55863233512938,3.34,89.52,270.29,524.26,1264.29,UGC05253,37.0,4.0,22.9,5.72,1.9334417300940363,0.4587854522890298,0.5590415573664642,5857.838992489144,13.807454930828834,0.2853043885570766,1.073478057214617
2.03,215.21097660812572,10.533736807596597,3.66,93.85,268.35,508.76,1155.08,UGC05253,37.0,4.0,22.9,5.72,1.9334417300940363,0.4587854522890298,0.5590415573664642,5857.838992489144,13.807454930828834,0.2853043885570766,1.073478057214617
2.16,212.54535375922345,10.518551742009059,3.96,97.99,266.67,493.71,1069.65,UGC05253,37.0,4.0,22.9,5.72,1.9334417300940363,0.4587854522890298,0.5590415573664642,5857.838992489144,13.807454930828834,0.2853043885570766,1.073478057214617
2.28,194.49072433916047,10.52115620946064,4.26,101.66,265.58,480.21,994.58,UGC05253,37.0,4.0,22.9,5.72,1.9334417300940363,0.4587854522890298,0.5590415573664642,5857.838992489144,13.807454930828834,0.2853043885570766,1.073478057214617
2.41,216.41878643027252,10.537538999006387,4.56,105.49,264.78,466.01,911.52,UGC05253,37.0,4.0,22.9,5.72,1.9334417300940363,0.4587854522890298,0.5590415573664642,5857.838992489144,13.807454930828834,0.2853043885570766,1.073478057214617
2.54,223.70833232039834,10.567497525328392,4.87,109.17,264.37,452.22,823.77,UGC05253,37.0,4.0,22.9,5.72,1.9334417300940363,0.4587854522890298,0.5590415573664642,5857.838992489144,13.807454930828834,0.2853043885570766,1.073478057214617
2.66,222.60451238168883,10.595335222418976,5.17,112.45,264.0,439.86,744.22,UGC05253,37.0,4.0,22.9,5.72,1.9334417300940363,0.4587854522890298,0.5590415573664642,5857.838992489144,13.807454930828834,0.2853043885570766,1.073478057214617
2.79,215.0433497457795,10.62788602498577,5.46,115.87,263.68,426.85,660.0,UGC05253,37.0,4.0,22.9,5.72,1.9334417300940363,0.4587854522890298,0.5590415573664642,5857.838992489144,13.807454930828834,0.2853043885570766,1.073478057214617
2.92,196.47028872722666,10.653229845870866,5.76,119.17,263.16,414.23,582.56,UGC05253,37.0,4.0,22.9,5.72,1.9334417300940363,0.4587854522890298,0.5590415573664642,5857.838992489144,13.807454930828834,0.2853043885570766,1.073478057214617
3.04,223.51438181433818,10.672742200006477,6.05,122.1,262.58,402.9,515.24,UGC05253,37.0,4.0,22.9,5.72,1.9334417300940363,0.4587854522890298,0.5590415573664642,5857.838992489144,13.807454930828834,0.2853043885570766,1.073478057214617
3.17,212.1281106393836,10.685076887740532,6.34,125.13,261.72,390.98,447.13,UGC05253,37.0,4.0,22.9,5.72,1.9334417300940363,0.4587854522890298,0.5590415573664642,5857.838992489144,13.807454930828834,0.2853043885570766,1.073478057214617
3.3,186.71949441593318,10.689549417198569,6.65,128.05,260.64,379.43,390.04,UGC05253,37.0,4.0,22.9,5.72,1.9334417300940363,0.4587854522890298,0.5590415573664642,5857.838992489144,13.807454930828834,0.2853043885570766,1.073478057214617
3.42,217.74610050670486,10.685767494985697,6.94,130.65,259.42,369.05,346.72,UGC05253,37.0,4.0,22.9,5.72,1.9334417300940363,0.4587854522890298,0.5590415573664642,5857.838992489144,13.807454930828834,0.2853043885570766,1.073478057214617
3.55,197.57146237264357,10.675021404835455,7.23,133.35,257.92,358.13,306.25,UGC05253,37.0,4.0,22.9,5.72,1.9334417300940363,0.4587854522890298,0.5590415573664642,5857.838992489144,13.807454930828834,0.2853043885570766,1.073478057214617
3.68,199.64585436448374,10.674217130728687,7.53,135.94,256.73,347.54,261.67,UGC05253,37.0,4.0,22.9,5.72,1.9334417300940363,0.4587854522890298,0.5590415573664642,5857.838992489144,13.807454930828834,0.2853043885570766,1.073478057214617
3.8,206.53542413633969,10.66537493974149,7.83,138.27,255.39,338.03,221.06,UGC05253,37.0,4.0,22.9,5.72,1.9334417300940363,0.4587854522890298,0.5590415573664642,5857.838992489144,13.807454930828834,0.2853043885570766,1.073478057214617
3.93,226.46230194736256,10.645731874112988,8.14,140.68,253.66,328.04,184.97,UGC05253,37.0,4.0,22.9,5.72,1.9334417300940363,0.4587854522890298,0.5590415573664642,5857.838992489144,13.807454930828834,0.2853043885570766,1.073478057214617
4.06,208.52166314445427,10.623058756574705,8.44,143.0,251.85,318.34,152.68,UGC05253,37.0,4.0,22.9,5.72,1.9334417300940363,0.4587854522890298,0.5590415573664642,5857.838992489144,13.807454930828834,0.2853043885570766,1.073478057214617
4.18,214.7626278079673,10.594579297141618,8.74,145.04,249.97,309.63,127.51,UGC05253,37.0,4.0,22.9,5.72,1.9334417300940363,0.4587854522890298,0.5590415573664642,5857.838992489144,13.807454930828834,0.2853043885570766,1.073478057214617
4.31,229.65142376263535,10.559672708061733,9.04,147.17,247.82,300.48,105.36,UGC05253,37.0,4.0,22.9,5.72,1.9334417300940363,0.4587854522890298,0.5590415573664642,5857.838992489144,13.807454930828834,0.2853043885570766,1.073478057214617
4.44,227.24520465731683,10.52352002636902,9.34,149.24,245.63,291.59,85.3,UGC05253,37.0,4.0,22.9,5.72,1.9334417300940363,0.4587854522890298,0.5590415573664642,5857.838992489144,13.807454930828834,0.2853043885570766,1.073478057214617
4.56,208.64553212862745,10.486467216772127,9.66,151.08,243.5,283.61,69.26,UGC05253,37.0,4.0,22.9,5.72,1.9334417300940363,0.4587854522890298,0.5590415573664642,5857.838992489144,13.807454930828834,0.2853043885570766,1.073478057214617
4.69,206.34391876752292,10.443309882198307,9.96,152.98,241.12,275.22,55.53,UGC05253,37.0,4.0,22.9,5.72,1.9334417300940363,0.4587854522890298,0.5590415573664642,5857.838992489144,13.807454930828834,0.2853043885570766,1.073478057214617
4.82,194.895814546196,10.400473295239824,10.27,154.8,238.76,267.1,44.24,UGC05253,37.0,4.0,22.9,5.72,1.9334417300940363,0.4587854522890298,0.5590415573664642,5857.838992489144,13.807454930828834,0.2853043885570766,1.073478057214617
4.94,199.98308296528367,10.358843265509933,10.63,156.43,236.51,259.78,33.76,UGC05253,37.0,4.0,22.9,5.72,1.9334417300940363,0.4587854522890298,0.5590415573664642,5857.838992489144,13.807454930828834,0.2853043885570766,1.073478057214617
4.99,211.22285648514372,10.34120689049407,10.73,157.09,235.57,256.79,30.21,UGC05253,37.0,4.0,22.9,5.72,1.9334417300940363,0.4587854522890298,0.5590415573664642,5857.838992489144,13.807454930828834,0.2853043885570766,1.073478057214617
5.07,210.32714278896003,10.312312181664552,10.94,158.13,234.04,252.09,25.33,UGC05253,37.0,4.0,22.9,5.72,1.9334417300940363,0.4587854522890298,0.5590415573664642,5857.838992489144,13.807454930828834,0.2853043885570766,1.073478057214617
5.2,206.4138165027785,10.264115925926994,11.25,159.77,231.52,244.64,19.11,UGC05253,37.0,4.0,22.9,5.72,1.9334417300940363,0.4587854522890298,0.5590415573664642,5857.838992489144,13.807454930828834,0.2853043885570766,1.073478057214617
5.45,213.5813753113835,10.173059921927639,11.88,162.71,226.76,228.88,10.99,UGC05253,37.0,4.0,22.9,5.72,1.9334417300940363,0.4587854522890298,0.5590415573664642,5857.838992489144,13.807454930828834,0.2853043885570766,1.073478057214617
5.58,194.61008596518369,10.12137563778511,12.19,164.01,224.24,219.73,8.25,UGC05253,37.0,4.0,22.9,5.72,1.9334417300940363,0.4587854522890298,0.5590415573664642,5857.838992489144,13.807454930828834,0.2853043885570766,1.073478057214617
5.7,200.912704092355,10.07388061309405,12.5,165.02,222.01,210.92,6.36,UGC05253,37.0,4.0,22.9,5.72,1.9334417300940363,0.4587854522890298,0.5590415573664642,5857.838992489144,13.807454930828834,0.2853043885570766,1.073478057214617
5.83,207.64779123970123,10.01617661589029,12.81,165.84,219.54,201.41,4.8,UGC05253,37.0,4.0,22.9,5.72,1.9334417300940363,0.4587854522890298,0.5590415573664642,5857.838992489144,13.807454930828834,0.2853043885570766,1.073478057214617
6.47,201.1726450108882,9.77318397991056,14.58,169.31,208.79,180.58,1.17,UGC05253,37.0,4.0,22.9,5.72,1.9334417300940363,0.4587854522890298,0.5590415573664642,5857.838992489144,13.807454930828834,0.2853043885570766,1.073478057214617
6.59,205.15831589210893,9.736549943021135,14.9,170.15,206.9,177.24,0.89,UGC05253,37.0,4.0,22.9,5.72,1.9334417300940363,0.4587854522890298,0.5590415573664642,5857.838992489144,13.807454930828834,0.2853043885570766,1.073478057214617
6.66,198.20302424409334,9.71725380920615,15.11,170.65,205.85,175.39,0.77,UGC05253,37.0,4.0,22.9,5.72,1.9334417300940363,0.4587854522890298,0.5590415573664642,5857.838992489144,13.807454930828834,0.2853043885570766,1.073478057214617
6.72,190.97684964086727,9.698885479736944,15.31,171.08,204.88,173.85,0.67,UGC05253,37.0,4.0,22.9,5.72,1.9334417300940363,0.4587854522890298,0.5590415573664642,5857.838992489144,13.807454930828834,0.2853043885570766,1.073478057214617
6.85,196.82501561607296,9.666199645908685,15.63,172.07,202.98,170.68,0.51,UGC05253,37.0,4.0,22.9,5.72,1.9334417300940363,0.4587854522890298,0.5590415573664642,5857.838992489144,13.807454930828834,0.2853043885570766,1.073478057214617
6.97,183.1148573765979,9.638940648448179,16.04,173.03,201.26,167.96,0.39,UGC05253,37.0,4.0,22.9,5.72,1.9334417300940363,0.4587854522890298,0.5590415573664642,5857.838992489144,13.807454930828834,0.2853043885570766,1.073478057214617
7.1,176.47244935841192,9.611506139445495,16.36,174.15,199.41,164.62,0.29,UGC05253,37.0,4.0,22.9,5.72,1.9334417300940363,0.4587854522890298,0.5590415573664642,5857.838992489144,13.807454930828834,0.2853043885570766,1.073478057214617
7.23,197.317437182813,9.587511976453634,16.67,175.27,197.66,160.61,0.22,UGC05253,37.0,4.0,22.9,5.72,1.9334417300940363,0.4587854522890298,0.5590415573664642,5857.838992489144,13.807454930828834,0.2853043885570766,1.073478057214617
8.32,187.45720688881957,9.398772917780754,19.69,182.58,184.24,121.4,0.02,UGC05253,37.0,4.0,22.9,5.72,1.9334417300940363,0.4587854522890298,0.5590415573664642,5857.838992489144,13.807454930828834,0.2853043885570766,1.073478057214617
10.0,183.5450432997256,9.037883648996903,23.65,183.56,168.07,79.12,0.0,UGC05253,37.0,4.0,22.9,5.72,1.9334417300940363,0.4587854522890298,0.5590415573664642,5857.838992489144,13.807454930828834,0.2853043885570766,1.073478057214617
11.61,160.37297658940875,8.762441855858462,26.98,182.9,155.97,46.64,0.0,UGC05253,37.0,4.0,22.9,5.72,1.9334417300940363,0.4587854522890298,0.5590415573664642,5857.838992489144,13.807454930828834,0.2853043885570766,1.073478057214617
13.35,163.30818413788032,8.317246371765428,29.27,173.27,145.45,28.47,0.0,UGC05253,37.0,4.0,22.9,5.72,1.9334417300940363,0.4587854522890298,0.5590415573664642,5857.838992489144,13.807454930828834,0.2853043885570766,1.073478057214617
14.98,154.15589249384104,7.946121500112942,30.52,164.53,137.31,21.41,0.0,UGC05253,37.0,4.0,22.9,5.72,1.9334417300940363,0.4587854522890298,0.5590415573664642,5857.838992489144,13.807454930828834,0.2853043885570766,1.073478057214617
16.61,146.45564855926207,7.653494564080589,32.19,157.52,130.4,17.84,0.0,UGC05253,37.0,4.0,22.9,5.72,1.9334417300940363,0.4587854522890298,0.5590415573664642,5857.838992489144,13.807454930828834,0.2853043885570766,1.073478057214617
18.34,131.95076787177,7.435946996845843,34.17,152.73,124.1,16.28,0.0,UGC05253,37.0,4.0,22.9,5.72,1.9334417300940363,0.4587854522890298,0.5590415573664642,5857.838992489144,13.807454930828834,0.2853043885570766,1.073478057214617
19.97,143.57025901456663,7.300754403189505,36.46,150.07,118.93,12.88,0.0,UGC05253,37.0,4.0,22.9,5.72,1.9334417300940363,0.4587854522890298,0.5590415573664642,5857.838992489144,13.807454930828834,0.2853043885570766,1.073478057214617
21.6,149.58564198072185,7.158131016230157,38.96,146.26,114.35,10.52,0.0,UGC05253,37.0,4.0,22.9,5.72,1.9334417300940363,0.4587854522890298,0.5590415573664642,5857.838992489144,13.807454930828834,0.2853043885570766,1.073478057214617
23.33,143.41691043426692,7.036795371426606,41.25,143.04,110.03,8.66,0.0,UGC05253,37.0,4.0,22.9,5.72,1.9334417300940363,0.4587854522890298,0.5590415573664642,5857.838992489144,13.807454930828834,0.2853043885570766,1.073478057214617
26.7,132.19205889225861,6.814356156065061,44.17,136.92,102.85,5.39,0.0,UGC05253,37.0,4.0,22.9,5.72,1.9334417300940363,0.4587854522890298,0.5590415573664642,5857.838992489144,13.807454930828834,0.2853043885570766,1.073478057214617
29.95,131.43756876551234,6.576770230650702,44.8,130.32,97.11,3.23,0.0,UGC05253,37.0,4.0,22.9,5.72,1.9334417300940363,0.4587854522890298,0.5590415573664642,5857.838992489144,13.807454930828834,0.2853043885570766,1.073478057214617
33.32,131.40504122587862,6.330698408132081,44.07,123.68,92.07,2.03,0.0,UGC05253,37.0,4.0,22.9,5.72,1.9334417300940363,0.4587854522890298,0.5590415573664642,5857.838992489144,13.807454930828834,0.2853043885570766,1.073478057214617
36.68,105.60478276577199,6.125715920747417,44.17,117.57,87.75,1.23,0.0,UGC05253,37.0,4.0,22.9,5.72,1.9334417300940363,0.4587854522890298,0.5590415573664642,5857.838992489144,13.807454930828834,0.2853043885570766,1.073478057214617
39.94,117.95267248201347,5.934587274394459,43.75,111.91,84.09,0.83,0.0,UGC05253,37.0,4.0,22.9,5.72,1.9334417300940363,0.4587854522890298,0.5590415573664642,5857.838992489144,13.807454930828834,0.2853043885570766,1.073478057214617
43.3,118.6439922507368,5.775341300319024,43.34,107.39,80.76,0.78,0.0,UGC05253,37.0,4.0,22.9,5.72,1.9334417300940363,0.4587854522890298,0.5590415573664642,5857.838992489144,13.807454930828834,0.2853043885570766,1.073478057214617
46.67,117.58169123759637,5.685183250148414,44.9,104.0,77.79,0.53,0.0,UGC05253,37.0,4.0,22.9,5.72,1.9334417300940363,0.4587854522890298,0.5590415573664642,5857.838992489144,13.807454930828834,0.2853043885570766,1.073478057214617
49.92,122.0139202858559,5.622572103423575,46.88,101.06,75.22,0.32,0.0,UGC05253,37.0,4.0,22.9,5.72,1.9334417300940363,0.4587854522890298,0.5590415573664642,5857.838992489144,13.807454930828834,0.2853043885570766,1.073478057214617
53.29,116.3646646969178,5.505768308417131,47.82,96.26,72.8,0.0,0.0,UGC05253,37.0,4.0,22.9,5.72,1.9334417300940363,0.4587854522890298,0.5590415573664642,5857.838992489144,13.807454930828834,0.2853043885570766,1.073478057214617
0.82,25.37594737305823,1.2713520269083878,8.12,32.7,0.0,413.25,0.0,UGC12506,86.0,4.0,100.6,10.1,1.843765194483272,0.5373116880561941,0.7504048643814986,7770.726019146199,29.0358680651595,0.30174329057233706,0.9912835471383147
2.46,65.87216468856525,3.1508376365000554,22.67,79.76,0.0,306.2,0.0,UGC12506,86.0,4.0,100.6,10.1,1.843765194483272,0.5373116880561941,0.7504048643814986,7770.726019146199,29.0358680651595,0.30174329057233706,0.9912835471383147
4.1,93.88670956678392,4.275848517344576,31.68,107.57,0.0,228.25,0.0,UGC12506,86.0,4.0,100.6,10.1,1.843765194483272,0.5373116880561941,0.7504048643814986,7770.726019146199,29.0358680651595,0.30174329057233706,0.9912835471383147
5.74,97.4378751239342,4.911001857914391,34.72,124.14,0.0,177.01,0.0,UGC12506,86.0,4.0,100.6,10.1,1.843765194483272,0.5373116880561941,0.7504048643814986,7770.726019146199,29.0358680651595,0.30174329057233706,0.9912835471383147
7.38,106.63799881734033,5.344834624876925,31.78,137.6,0.0,158.86,0.0,UGC12506,86.0,4.0,100.6,10.1,1.843765194483272,0.5373116880561941,0.7504048643814986,7770.726019146199,29.0358680651595,0.30174329057233706,0.9912835471383147
9.02,119.1949394498399,5.9011835695687616,23.89,155.68,0.0,132.54,0.0,UGC12506,86.0,4.0,100.6,10.1,1.843765194483272,0.5373116880561941,0.7504048643814986,7770.726019146199,29.0358680651595,0.30174329057233706,0.9912835471383147
10.65,134.65834857838703,6.309190996297868,14.68,168.58,0.0,103.66,0.0,UGC12506,86.0,4.0,100.6,10.1,1.843765194483272,0.5373116880561941,0.7504048643814986,7770.726019146199,29.0358680651595,0.30174329057233706,0.9912835471383147
12.29,131.24760111356497,6.572341524875005,14.98,175.29,0.0,76.77,0.0,UGC12506,86.0,4.0,100.6,10.1,1.843765194483272,0.5373116880561941,0.7504048643814986,7770.726019146199,29.0358680651595,0.30174329057233706,0.9912835471383147
13.93,144.0063765540972,6.7075303137585935,26.72,175.91,0.0,57.94,0.0,UGC12506,86.0,4.0,100.6,10.1,1.843765194483272,0.5373116880561941,0.7504048643814986,7770.726019146199,29.0358680651595,0.30174329057233706,0.9912835471383147
15.57,131.3033287795144,6.898595285098754,39.88,176.17,0.0,46.35,0.0,UGC12506,86.0,4.0,100.6,10.1,1.843765194483272,0.5373116880561941,0.7504048643814986,7770.726019146199,29.0358680651595,0.30174329057233706,0.9912835471383147
17.21,139.94422535639148,7.062909140500861,50.51,175.33,0.0,35.14,0.0,UGC12506,86.0,4.0,100.6,10.1,1.843765194483272,0.5373116880561941,0.7504048643814986,7770.726019146199,29.0358680651595,0.30174329057233706,0.9912835471383147
18.85,140.75790793153524,7.108326528592281,57.09,172.3,0.0,26.49,0.0,UGC12506,86.0,4.0,100.6,10.1,1.843765194483272,0.5373116880561941,0.7504048643814986,7770.726019146199,29.0358680651595,0.30174329057233706,0.9912835471383147
20.49,146.63043898138696,7.054116787479552,60.02,168.12,0.0,20.79,0.0,UGC12506,86.0,4.0,100.6,10.1,1.843765194483272,0.5373116880561941,0.7504048643814986,7770.726019146199,29.0358680651595,0.30174329057233706,0.9912835471383147
22.13,146.75549673239564,6.973327680608488,60.43,164.68,0.0,17.2,0.0,UGC12506,86.0,4.0,100.6,10.1,1.843765194483272,0.5373116880561941,0.7504048643814986,7770.726019146199,29.0358680651595,0.30174329057233706,0.9912835471383147
23.77,126.65800823235112,6.849875724960164,58.91,161.19,0.0,13.63,0.0,UGC12506,86.0,4.0,100.6,10.1,1.843765194483272,0.5373116880561941,0.7504048643814986,7770.726019146199,29.0358680651595,0.30174329057233706,0.9912835471383147
25.41,128.11859604193103,6.713093302330446,57.29,157.33,0.0,11.03,0.0,UGC12506,86.0,4.0,100.6,10.1,1.843765194483272,0.5373116880561941,0.7504048643814986,7770.726019146199,29.0358680651595,0.30174329057233706,0.9912835471383147
27.05,134.87979239649005,6.632284545371542,58.0,153.64,0.0,9.0,0.0,UGC12506,86.0,4.0,100.6,10.1,1.843765194483272,0.5373116880561941,0.7504048643814986,7770.726019146199,29.0358680651595,0.30174329057233706,0.9912835471383147
28.68,128.060541416193,6.621090585691106,61.94,149.77,0.0,7.43,0.0,UGC12506,86.0,4.0,100.6,10.1,1.843765194483272,0.5373116880561941,0.7504048643814986,7770.726019146199,29.0358680651595,0.30174329057233706,0.9912835471383147
30.32,122.43126542184956,6.625938945620374,65.99,146.07,0.0,6.46,0.0,UGC12506,86.0,4.0,100.6,10.1,1.843765194483272,0.5373116880561941,0.7504048643814986,7770.726019146199,29.0358680651595,0.30174329057233706,0.9912835471383147
31.96,138.7098446829823,6.593149546328238,67.21,143.32,0.0,5.72,0.0,UGC12506,86.0,4.0,100.6,10.1,1.843765194483272,0.5373116880561941,0.7504048643814986,7770.726019146199,29.0358680651595,0.30174329057233706,0.9912835471383147
33.6,132.7227499966127,6.476185407298736,64.98,140.67,0.0,4.88,0.0,UGC12506,86.0,4.0,100.6,10.1,1.843765194483272,0.5373116880561941,0.7504048643814986,7770.726019146199,29.0358680651595,0.30174329057233706,0.9912835471383147
35.24,130.06690664812214,6.346839413655909,62.25,138.0,0.0,4.23,0.0,UGC12506,86.0,4.0,100.6,10.1,1.843765194483272,0.5373116880561941,0.7504048643814986,7770.726019146199,29.0358680651595,0.30174329057233706,0.9912835471383147
36.88,122.55981106889762,6.277214285610263,61.64,135.58,0.0,3.76,0.0,UGC12506,86.0,4.0,100.6,10.1,1.843765194483272,0.5373116880561941,0.7504048643814986,7770.726019146199,29.0358680651595,0.30174329057233706,0.9912835471383147
38.52,132.02193206029753,6.2781073024963305,63.36,133.6,0.0,3.31,0.0,UGC12506,86.0,4.0,100.6,10.1,1.843765194483272,0.5373116880561941,0.7504048643814986,7770.726019146199,29.0358680651595,0.30174329057233706,0.9912835471383147
40.16,124.09728579114686,6.280214299602046,64.98,131.71,0.0,2.88,0.0,UGC12506,86.0,4.0,100.6,10.1,1.843765194483272,0.5373116880561941,0.7504048643814986,7770.726019146199,29.0358680651595,0.30174329057233706,0.9912835471383147
41.8,131.72882269979215,6.244127074789192,64.88,130.03,0.0,2.53,0.0,UGC12506,86.0,4.0,100.6,10.1,1.843765194483272,0.5373116880561941,0.7504048643814986,7770.726019146199,29.0358680651595,0.30174329057233706,0.9912835471383147
43.44,118.7592573671018,6.221561928067622,63.87,129.69,0.0,2.26,0.0,UGC12506,86.0,4.0,100.6,10.1,1.843765194483272,0.5373116880561941,0.7504048643814986,7770.726019146199,29.0358680651595,0.30174329057233706,0.9912835471383147
45.08,120.03928252825439,6.26972379336782,64.47,130.42,0.0,0.0,0.0,UGC12506,86.0,4.0,100.6,10.1,1.843765194483272,0.5373116880561941,0.7504048643814986,7770.726019146199,29.0358680651595,0.30174329057233706,0.9912835471383147
46.71,125.71213402362584,6.2219366248920025,69.03,123.79,0.0,0.0,0.0,UGC12506,86.0,4.0,100.6,10.1,1.843765194483272,0.5373116880561941,0.7504048643814986,7770.726019146199,29.0358680651595,0.30174329057233706,0.9912835471383147
48.35,122.15896213221303,6.330244828294492,76.21,119.55,0.0,0.0,0.0,UGC12506,86.0,4.0,100.6,10.1,1.843765194483272,0.5373116880561941,0.7504048643814986,7770.726019146199,29.0358680651595,0.30174329057233706,0.9912835471383147
49.99,133.58297269865017,6.460945992244895,82.59,116.42,0.0,0.0,0.0,UGC12506,86.0,4.0,100.6,10.1,1.843765194483272,0.5373116880561941,0.7504048643814986,7770.726019146199,29.0358680651595,0.30174329057233706,0.9912835471383147
0.33,33.97273567069478,1.6242592847320758,0.0,44.56,0.0,2070.29,0.0,NGC2998,58.0,2.0,68.1,10.2,1.8776650001302155,0.530858503867233,0.5659797828913445,4456.866688348794,21.338025838667185,0.2955290052013533,1.0223549739932334
0.99,65.83851837260309,3.3994422866069223,0.66,93.23,0.0,1190.44,0.0,NGC2998,58.0,2.0,68.1,10.2,1.8776650001302155,0.530858503867233,0.5659797828913445,4456.866688348794,21.338025838667185,0.2955290052013533,1.0223549739932334
1.98,94.32231855306668,4.822000573566597,2.66,132.13,0.0,888.44,0.0,NGC2998,58.0,2.0,68.1,10.2,1.8776650001302155,0.530858503867233,0.5659797828913445,4456.866688348794,21.338025838667185,0.2955290052013533,1.0223549739932334
2.64,119.76711048893584,5.646399171496638,4.03,154.64,0.0,784.11,0.0,NGC2998,58.0,2.0,68.1,10.2,1.8776650001302155,0.530858503867233,0.5659797828913445,4456.866688348794,21.338025838667185,0.2955290052013533,1.0223549739932334
3.63,159.77513128147686,7.184588003608401,6.22,196.69,0.0,702.55,0.0,NGC2998,58.0,2.0,68.1,10.2,1.8776650001302155,0.530858503867233,0.5659797828913445,4456.866688348794,21.338025838667185,0.2955290052013533,1.0223549739932334
7.59,179.3454428613916,8.152432939081521,16.84,221.58,0.0,192.87,0.0,NGC2998,58.0,2.0,68.1,10.2,1.8776650001302155,0.530858503867233,0.5659797828913445,4456.866688348794,21.338025838667185,0.2955290052013533,1.0223549739932334
12.5,160.67297223648603,8.008333065086502,32.06,213.19,0.0,56.1,0.0,NGC2998,58.0,2.0,68.1,10.2,1.8776650001302155,0.530858503867233,0.5659797828913445,4456.866688348794,21.338025838667185,0.2955290052013533,1.0223549739932334
17.48,155.88131524302082,7.7097005493850705,44.76,198.92,0.0,17.41,0.0,NGC2998,58.0,2.0,68.1,10.2,1.8776650001302155,0.530858503867233,0.5659797828913445,4456.866688348794,21.338025838667185,0.2955290052013533,1.0223549739932334
22.46,152.8693127095165,7.0991527699764125,52.43,175.78,0.0,10.54,0.0,NGC2998,58.0,2.0,68.1,10.2,1.8776650001302155,0.530858503867233,0.5659797828913445,4456.866688348794,21.338025838667185,0.2955290052013533,1.0223549739932334
27.44,135.78081698759627,6.831544947977467,58.37,162.69,0.0,5.26,0.0,NGC2998,58.0,2.0,68.1,10.2,1.8776650001302155,0.530858503867233,0.5659797828913445,4456.866688348794,21.338025838667185,0.2955290052013533,1.0223549739932334
32.32,126.15773175625225,6.631625688764787,63.92,151.18,0.0,2.5,0.0,NGC2998,58.0,2.0,68.1,10.2,1.8776650001302155,0.530858503867233,0.5659797828913445,4456.866688348794,21.338025838667185,0.2955290052013533,1.0223549739932334
37.3,128.12191757923108,6.368877560467639,66.04,139.68,0.0,0.96,0.0,NGC2998,58.0,2.0,68.1,10.2,1.8776650001302155,0.530858503867233,0.5659797828913445,4456.866688348794,21.338025838667185,0.2955290052013533,1.0223549739932334
42.28,124.18069842567878,6.0719554328550736,64.42,130.09,0.0,0.33,0.0,NGC2998,58.0,2.0,68.1,10.2,1.8776650001302155,0.530858503867233,0.5659797828913445,4456.866688348794,21.338025838667185,0.2955290052013533,1.0223549739932334
0.91,12.19731643653638,0.6339026666266753,0.8,7.82,0.0,8.65,0.0,UGC00731,57.0,3.0,12.5,3.75,-0.7918274733328783,0.41309985501616586,0.4791537880070661,7883.69244341578,10.444680763486659,0.7848824899547008,-1.4244124497735038
1.81,19.65532177431688,0.9897610812647875,5.58,11.42,0.0,3.94,0.0,UGC00731,57.0,3.0,12.5,3.75,-0.7918274733328783,0.41309985501616586,0.4791537880070661,7883.69244341578,10.444680763486659,0.7848824899547008,-1.4244124497735038
2.73,25.11817606675897,1.242701454033247,7.79,12.3,0.0,2.74,0.0,UGC00731,57.0,3.0,12.5,3.75,-0.7918274733328783,0.41309985501616586,0.4791537880070661,7883.69244341578,10.444680763486659,0.7848824899547008,-1.4244124497735038
3.64,31.845115436968825,1.5444443405135218,14.0,13.66,0.0,2.16,0.0,UGC00731,57.0,3.0,12.5,3.75,-0.7918274733328783,0.41309985501616586,0.4791537880070661,7883.69244341578,10.444680763486659,0.7848824899547008,-1.4244124497735038
4.55,34.16726080351363,1.73745700078606,16.12,14.46,0.0,1.44,0.0,UGC00731,57.0,3.0,12.5,3.75,-0.7918274733328783,0.41309985501616586,0.4791537880070661,7883.69244341578,10.444680763486659,0.7848824899547008,-1.4244124497735038
5.45,39.077119028613374,1.9063203568259253,18.25,14.91,0.0,0.97,0.0,UGC00731,57.0,3.0,12.5,3.75,-0.7918274733328783,0.41309985501616586,0.4791537880070661,7883.69244341578,10.444680763486659,0.7848824899547008,-1.4244124497735038
6.36,40.733007266852695,2.131508936684829,23.38,14.47,0.0,0.68,0.0,UGC00731,57.0,3.0,12.5,3.75,-0.7918274733328783,0.41309985501616586,0.4791537880070661,7883.69244341578,10.444680763486659,0.7848824899547008,-1.4244124497735038
7.28,47.25296771267088,2.4061655775079576,30.0,14.77,0.0,0.58,0.0,UGC00731,57.0,3.0,12.5,3.75,-0.7918274733328783,0.41309985501616586,0.4791537880070661,7883.69244341578,10.444680763486659,0.7848824899547008,-1.4244124497735038
8.19,49.02481780832332,2.5835735407849882,33.62,14.75,0.0,0.24,0.0,UGC00731,57.0,3.0,12.5,3.75,-0.7918274733328783,0.41309985501616586,0.4791537880070661,7883.69244341578,10.444680763486659,0.7848824899547008,-1.4244124497735038
9.09,56.41451534359122,2.6696544006934997,34.88,13.66,0.0,0.15,0.0,UGC00731,57.0,3.0,12.5,3.75,-0.7918274733328783,0.41309985501616586,0.4791537880070661,7883.69244341578,10.444680763486659,0.7848824899547008,-1.4244124497735038
10.0,54.86798667658733,2.747119376859904,36.0,13.17,0.0,0.13,0.0,UGC00731,57.0,3.0,12.5,3.75,-0.7918274733328783,0.41309985501616586,0.4791537880070661,7883.69244341578,10.444680763486659,0.7848824899547008,-1.4244124497735038
10.91,53.422980196856855,2.7736790960422257,35.75,12.83,0.0,0.0,0.0,UGC00731,57.0,3.0,12.5,3.75,-0.7918274733328783,0.41309985501616586,0.4791537880070661,7883.69244341578,10.444680763486659,0.7848824899547008,-1.4244124497735038
0.22,12.79459205314302,0.6747208215352861,0.47,5.59,0.0,69.18,0.0,F583-4,55.0,10.0,53.3,10.7,-0.06676587128519187,0.4610338619166552,0.6651585714926953,12643.959633469343,2.398623840428483,0.6519690522319908,-0.7598452611599535
0.76,30.894485835070764,1.5744906075650134,1.87,17.63,0.0,60.07,0.0,F583-4,55.0,10.0,53.3,10.7,-0.06676587128519187,0.4610338619166552,0.6651585714926953,12643.959633469343,2.398623840428483,0.6519690522319908,-0.7598452611599535
1.31,49.45349066079485,2.1947816183498037,3.27,26.64,0.0,42.04,0.0,F583-4,55.0,10.0,53.3,10.7,-0.06676587128519187,0.4610338619166552,0.6651585714926953,12643.959633469343,2.398623840428483,0.6519690522319908,-0.7598452611599535
1.94,55.587833052239226,2.6526381386789213,4.87,32.27,0.0,31.07,0.0,F583-4,55.0,10.0,53.3,10.7,-0.06676587128519187,0.4610338619166552,0.6651585714926953,12643.959633469343,2.398623840428483,0.6519690522319908,-0.7598452611599535
3.92,64.35301897329408,3.2356820585929067,8.5,38.26,0.0,9.64,0.0,F583-4,55.0,10.0,53.3,10.7,-0.06676587128519187,0.4610338619166552,0.6651585714926953,12643.959633469343,2.398623840428483,0.6519690522319908,-0.7598452611599535
4.35,67.87918432605368,3.2772878377082635,9.17,38.43,0.0,8.68,0.0,F583-4,55.0,10.0,53.3,10.7,-0.06676587128519187,0.4610338619166552,0.6651585714926953,12643.959633469343,2.398623840428483,0.6519690522319908,-0.7598452611599535
5.0,73.33532984541456,3.324744058259406,10.3,39.09,0.0,6.38,0.0,F583-4,55.0,10.0,53.3,10.7,-0.06676587128519187,0.4610338619166552,0.6651585714926953,12643.959633469343,2.398623840428483,0.6519690522319908,-0.7598452611599535
5.05,65.75390793057245,3.32657371669098,10.4,39.06,0.0,6.2,0.0,F583-4,55.0,10.0,53.3,10.7,-0.06676587128519187,0.4610338619166552,0.6651585714926953,12643.959633469343,2.398623840428483,0.6519690522319908,-0.7598452611599535
5.83,65.63390113786265,3.3429399471507746,12.1,38.38,0.0,3.7,0.0,F583-4,55.0,10.0,53.3,10.7,-0.06676587128519187,0.4610338619166552,0.6651585714926953,12643.959633469343,2.398623840428483,0.6519690522319908,-0.7598452611599535
6.09,70.95916108128681,3.345245613005662,12.72,38.13,0.0,3.52,0.0,F583-4,55.0,10.0,53.3,10.7,-0.06676587128519187,0.4610338619166552,0.6651585714926953,12643.959633469343,2.398623840428483,0.6519690522319908,-0.7598452611599535
6.74,69.02909489800203,3.3682299102147684,14.18,39.23,0.0,2.89,0.0,F583-4,55.0,10.0,53.3,10.7,-0.06676587128519187,0.4610338619166552,0.6651585714926953,12643.959633469343,2.398623840428483,0.6519690522319908,-0.7598452611599535
7.29,69.06372333766208,3.34103866541763,15.33,36.96,0.0,0.0,0.0,F583-4,55.0,10.0,53.3,10.7,-0.06676587128519187,0.4610338619166552,0.6651585714926953,12643.959633469343,2.398623840428483,0.6519690522319908,-0.7598452611599535
3.23,269.5726624181561,13.03272505498321,-7.97,37.15,248.5,78.56,371.12,UGC06614,36.0,10.0,88.7,8.87,1.7936157939419737,0.4447825746051819,1.0902305644642132,20491.17076324783,50.178996057685,0.3109363428686559,0.9453182856567203
9.18,173.5163765778198,9.654420249712658,-15.63,83.53,176.71,55.52,1.14,UGC06614,36.0,10.0,88.7,8.87,1.7936157939419737,0.4447825746051819,1.0902305644642132,20491.17076324783,50.178996057685,0.3109363428686559,0.9453182856567203
10.64,188.66884038286992,9.141946575986745,-16.24,92.09,164.32,54.39,0.17,UGC06614,36.0,10.0,88.7,8.87,1.7936157939419737,0.4447825746051819,1.0902305644642132,20491.17076324783,50.178996057685,0.3109363428686559,0.9453182856567203
11.58,176.40593915024826,8.906740700217489,-16.14,99.29,157.52,52.22,0.05,UGC06614,36.0,10.0,88.7,8.87,1.7936157939419737,0.4447825746051819,1.0902305644642132,20491.17076324783,50.178996057685,0.3109363428686559,0.9453182856567203
12.52,178.6463049125756,8.742641151643445,-16.04,107.74,151.54,52.54,0.01,UGC06614,36.0,10.0,88.7,8.87,1.7936157939419737,0.4447825746051819,1.0902305644642132,20491.17076324783,50.178996057685,0.3109363428686559,0.9453182856567203
13.57,179.2221000659985,8.66541529211691,-16.04,120.8,145.51,47.48,0.0,UGC06614,36.0,10.0,88.7,8.87,1.7936157939419737,0.4447825746051819,1.0902305644642132,20491.17076324783,50.178996057685,0.3109363428686559,0.9453182856567203
15.76,165.22504754074248,8.404674691326,-15.53,131.65,135.02,27.3,0.0,UGC06614,36.0,10.0,88.7,8.87,1.7936157939419737,0.4447825746051819,1.0902305644642132,20491.17076324783,50.178996057685,0.3109363428686559,0.9453182856567203
24.94,130.42215799167866,7.123188964798174,18.69,111.71,107.35,3.42,0.0,UGC06614,36.0,10.0,88.7,8.87,1.7936157939419737,0.4447825746051819,1.0902305644642132,20491.17076324783,50.178996057685,0.3109363428686559,0.9453182856567203
26.3,142.3749326590813,6.990171321224572,21.04,108.26,104.53,2.78,0.0,UGC06614,36.0,10.0,88.7,8.87,1.7936157939419737,0.4447825746051819,1.0902305644642132,20491.17076324783,50.178996057685,0.3109363428686559,0.9453182856567203
34.96,125.00850917082816,6.491043121416606,34.22,92.64,90.67,0.0,0.0,UGC06614,36.0,10.0,88.7,8.87,1.7936157939419737,0.4447825746051819,1.0902305644642132,20491.17076324783,50.178996057685,0.3109363428686559,0.9453182856567203
36.84,126.36641419544041,6.424385415450326,37.39,88.8,88.32,0.0,0.0,UGC06614,36.0,10.0,88.7,8.87,1.7936157939419737,0.4447825746051819,1.0902305644642132,20491.17076324783,50.178996057685,0.3109363428686559,0.9453182856567203
47.38,123.53697428510722,6.3693659346624445,54.35,75.25,77.88,0.0,0.0,UGC06614,36.0,10.0,88.7,8.87,1.7936157939419737,0.4447825746051819,1.0902305644642132,20491.17076324783,50.178996057685,0.3109363428686559,0.9453182856567203
64.59,124.05226805856033,6.310386684535134,61.29,63.17,66.7,0.0,0.0,UGC06614,36.0,10.0,88.7,8.87,1.7936157939419737,0.4447825746051819,1.0902305644642132,20491.17076324783,50.178996057685,0.3109363428686559,0.9453182856567203
0.21,13.79604335687401,0.6276679997834775,1.51,18.55,0.0,410.75,0.0,NGC0024,64.0,3.0,7.3,0.36,0.28880794748347854,0.29377707916654644,0.9263876415703314,8431.84319813445,3.4263893859892156,0.5867876407722405,-0.4339382038612028
0.32,17.237698873141845,0.8609124086788387,2.27,25.65,0.0,307.43,0.0,NGC0024,64.0,3.0,7.3,0.36,0.28880794748347854,0.29377707916654644,0.9263876415703314,8431.84319813445,3.4263893859892156,0.5867876407722405,-0.4339382038612028
0.43,18.523258097391093,1.017897689922158,3.03,29.58,0.0,268.58,0.0,NGC0024,64.0,3.0,7.3,0.36,0.28880794748347854,0.29377707916654644,0.9263876415703314,8431.84319813445,3.4263893859892156,0.5867876407722405,-0.4339382038612028
0.54,22.54528150552048,1.1800035584929212,3.84,33.96,0.0,241.26,0.0,NGC0024,64.0,3.0,7.3,0.36,0.28880794748347854,0.29377707916654644,0.9263876415703314,8431.84319813445,3.4263893859892156,0.5867876407722405,-0.4339382038612028
0.64,24.432986029869948,1.300104392330347,4.53,36.83,0.0,222.69,0.0,NGC0024,64.0,3.0,7.3,0.36,0.28880794748347854,0.29377707916654644,0.9263876415703314,8431.84319813445,3.4263893859892156,0.5867876407722405,-0.4339382038612028
0.74,27.618099482748804,1.416448965081612,5.28,39.62,0.0,212.03,0.0,NGC0024,64.0,3.0,7.3,0.36,0.28880794748347854,0.29377707916654644,0.9263876415703314,8431.84319813445,3.4263893859892156,0.5867876407722405,-0.4339382038612028
0.85,31.11586073483479,1.5496218244873732,6.04,43.11,0.0,206.1,0.0,NGC0024,64.0,3.0,7.3,0.36,0.28880794748347854,0.29377707916654644,0.9263876415703314,8431.84319813445,3.4263893859892156,0.5867876407722405,-0.4339382038612028
0.96,30.29079107377311,1.6830262389758261,6.8,46.75,0.0,191.46,0.0,NGC0024,64.0,3.0,7.3,0.36,0.28880794748347854,0.29377707916654644,0.9263876415703314,8431.84319813445,3.4263893859892156,0.5867876407722405,-0.4339382038612028
1.07,36.765907837442576,1.807346792649533,7.62,50.04,0.0,179.91,0.0,NGC0024,64.0,3.0,7.3,0.36,0.28880794748347854,0.29377707916654644,0.9263876415703314,8431.84319813445,3.4263893859892156,0.5867876407722405,-0.4339382038612028
1.17,35.35677176629299,1.9122473648241787,8.31,52.76,0.0,167.35,0.0,NGC0024,64.0,3.0,7.3,0.36,0.28880794748347854,0.29377707916654644,0.9263876415703314,8431.84319813445,3.4263893859892156,0.5867876407722405,-0.4339382038612028
1.28,41.10017666395096,2.0249020565874774,9.07,55.72,0.0,159.14,0.0,NGC0024,64.0,3.0,7.3,0.36,0.28880794748347854,0.29377707916654644,0.9263876415703314,8431.84319813445,3.4263893859892156,0.5867876407722405,-0.4339382038612028
1.38,42.25053283546106,2.124155452424045,9.82,58.31,0.0,150.35,0.0,NGC0024,64.0,3.0,7.3,0.36,0.28880794748347854,0.29377707916654644,0.9263876415703314,8431.84319813445,3.4263893859892156,0.5867876407722405,-0.4339382038612028
1.48,43.81092915321903,2.2254449099033415,10.57,61.08,0.0,139.46,0.0,NGC0024,64.0,3.0,7.3,0.36,0.28880794748347854,0.29377707916654644,0.9263876415703314,8431.84319813445,3.4263893859892156,0.5867876407722405,-0.4339382038612028
1.59,46.21859603870784,2.319400607351045,11.19,63.47,0.0,125.67,0.0,NGC0024,64.0,3.0,7.3,0.36,0.28880794748347854,0.29377707916654644,0.9263876415703314,8431.84319813445,3.4263893859892156,0.5867876407722405,-0.4339382038612028
1.7,46.85011487072152,2.4074810096511374,11.92,65.59,0.0,111.41,0.0,NGC0024,64.0,3.0,7.3,0.36,0.28880794748347854,0.29377707916654644,0.9263876415703314,8431.84319813445,3.4263893859892156,0.5867876407722405,-0.4339382038612028
1.8,47.92361079812743,2.4718782828986914,12.54,66.83,0.0,99.69,0.0,NGC0024,64.0,3.0,7.3,0.36,0.28880794748347854,0.29377707916654644,0.9263876415703314,8431.84319813445,3.4263893859892156,0.5867876407722405,-0.4339382038612028
1.91,46.49954255796256,2.53856658513744,13.26,68.03,0.0,87.79,0.0,NGC0024,64.0,3.0,7.3,0.36,0.28880794748347854,0.29377707916654644,0.9263876415703314,8431.84319813445,3.4263893859892156,0.5867876407722405,-0.4339382038612028
2.02,51.724486467170266,2.5900611512188223,13.88,68.59,0.0,77.06,0.0,NGC0024,64.0,3.0,7.3,0.36,0.28880794748347854,0.29377707916654644,0.9263876415703314,8431.84319813445,3.4263893859892156,0.5867876407722405,-0.4339382038612028
2.13,57.650209709923956,2.638992961837737,14.61,69.0,0.0,68.97,0.0,NGC0024,64.0,3.0,7.3,0.36,0.28880794748347854,0.29377707916654644,0.9263876415703314,8431.84319813445,3.4263893859892156,0.5867876407722405,-0.4339382038612028
2.23,58.86601807282178,2.678102467865731,15.23,69.17,0.0,63.99,0.0,NGC0024,64.0,3.0,7.3,0.36,0.28880794748347854,0.29377707916654644,0.9263876415703314,8431.84319813445,3.4263893859892156,0.5867876407722405,-0.4339382038612028
2.34,58.09550128636208,2.724697414904069,15.96,69.56,0.0,57.94,0.0,NGC0024,64.0,3.0,7.3,0.36,0.28880794748347854,0.29377707916654644,0.9263876415703314,8431.84319813445,3.4263893859892156,0.5867876407722405,-0.4339382038612028
2.44,57.19899365191382,2.7624621714506055,16.58,69.75,0.0,52.31,0.0,NGC0024,64.0,3.0,7.3,0.36,0.28880794748347854,0.29377707916654644,0.9263876415703314,8431.84319813445,3.4263893859892156,0.5867876407722405,-0.4339382038612028
2.54,54.03602202872394,2.7963860816093287,17.3,69.69,0.0,47.47,0.0,NGC0024,64.0,3.0,7.3,0.36,0.28880794748347854,0.29377707916654644,0.9263876415703314,8431.84319813445,3.4263893859892156,0.5867876407722405,-0.4339382038612028
2.65,60.698892622824125,2.830741877398531,17.92,69.65,0.0,43.16,0.0,NGC0024,64.0,3.0,7.3,0.36,0.28880794748347854,0.29377707916654644,0.9263876415703314,8431.84319813445,3.4263893859892156,0.5867876407722405,-0.4339382038612028
2.76,57.09487394255244,2.8627777327800725,18.55,69.52,0.0,39.28,0.0,NGC0024,64.0,3.0,7.3,0.36,0.28880794748347854,0.29377707916654644,0.9263876415703314,8431.84319813445,3.4263893859892156,0.5867876407722405,-0.4339382038612028
7.07,63.14642531471323,3.168231945249497,26.32,52.21,0.0,1.7,0.0,NGC0024,64.0,3.0,7.3,0.36,0.28880794748347854,0.29377707916654644,0.9263876415703314,8431.84319813445,3.4263893859892156,0.5867876407722405,-0.4339382038612028
8.49,61.11344148934605,3.1008242825748944,24.76,47.19,0.0,0.49,0.0,NGC0024,64.0,3.0,7.3,0.36,0.28880794748347854,0.29377707916654644,0.9263876415703314,8431.84319813445,3.4263893859892156,0.5867876407722405,-0.4339382038612028
9.91,60.630583267276286,3.0176537050987906,22.59,43.11,0.0,0.19,0.0,NGC0024,64.0,3.0,7.3,0.36,0.28880794748347854,0.29377707916654644,0.9263876415703314,8431.84319813445,3.4263893859892156,0.5867876407722405,-0.4339382038612028
11.27,57.533233317801056,2.9406524543155337,20.52,40.05,0.0,0.0,0.0,NGC0024,64.0,3.0,7.3,0.36,0.28880794748347854,0.29377707916654644,0.9263876415703314,8431.84319813445,3.4263893859892156,0.5867876407722405,-0.4339382038612028
0.41,34.347157943236645,1.7233546567704139,10.41,8.28,0.0,20.43,0.0,DDO168,63.0,6.0,4.25,0.21,-1.0199966284162536,0.49044666690633093,0.5453033040636251,15935.71169256399,1.5841441429683625,0.8267089315960319,-1.6335446579801594
0.82,49.66709782975914,2.513346728978217,18.08,12.66,0.0,14.59,0.0,DDO168,63.0,6.0,4.25,0.21,-1.0199966284162536,0.49044666690633093,0.5453033040636251,15935.71169256399,1.5841441429683625,0.8267089315960319,-1.6335446579801594
1.24,60.49643155343785,2.946392401145861,20.09,15.11,0.0,8.79,0.0,DDO168,63.0,6.0,4.25,0.21,-1.0199966284162536,0.49044666690633093,0.5453033040636251,15935.71169256399,1.5841441429683625,0.8267089315960319,-1.6335446579801594
1.64,65.58143846231886,3.166942855898464,20.2,15.99,0.0,5.9,0.0,DDO168,63.0,6.0,4.25,0.21,-1.0199966284162536,0.49044666690633093,0.5453033040636251,15935.71169256399,1.5841441429683625,0.8267089315960319,-1.6335446579801594
2.06,62.79806064991439,3.3250710627044393,22.0,16.89,0.0,4.09,0.0,DDO168,63.0,6.0,4.25,0.21,-1.0199966284162536,0.49044666690633093,0.5453033040636251,15935.71169256399,1.5841441429683625,0.8267089315960319,-1.6335446579801594
2.47,67.18971707660602,3.3946474050541617,22.63,17.03,0.0,2.87,0.0,DDO168,63.0,6.0,4.25,0.21,-1.0199966284162536,0.49044666690633093,0.5453033040636251,15935.71169256399,1.5841441429683625,0.8267089315960319,-1.6335446579801594
2.89,71.55152026632649,3.420526663402537,22.95,16.99,0.0,2.09,0.0,DDO168,63.0,6.0,4.25,0.21,-1.0199966284162536,0.49044666690633093,0.5453033040636251,15935.71169256399,1.5841441429683625,0.8267089315960319,-1.6335446579801594
3.3,69.22295725503417,3.4150721146256657,22.74,17.19,0.0,1.56,0.0,DDO168,63.0,6.0,4.25,0.21,-1.0199966284162536,0.49044666690633093,0.5453033040636251,15935.71169256399,1.5841441429683625,0.8267089315960319,-1.6335446579801594
3.71,68.36241602029494,3.3974044405678416,22.74,17.16,0.0,0.82,0.0,DDO168,63.0,6.0,4.25,0.21,-1.0199966284162536,0.49044666690633093,0.5453033040636251,15935.71169256399,1.5841441429683625,0.8267089315960319,-1.6335446579801594
4.12,72.55762472488283,3.3663155445286534,22.74,16.37,0.0,0.0,0.0,DDO168,63.0,6.0,4.25,0.21,-1.0199966284162536,0.49044666690633093,0.5453033040636251,15935.71169256399,1.5841441429683625,0.8267089315960319,-1.6335446579801594
0.31,3.2111569442584287,0.17792177007150967,1.0,4.05,0.0,29.26,0.0,UGC05750,64.0,10.0,58.7,11.7,0.22219604630171988,0.4277526693272468,0.7134649284731268,4799.507022077891,20.051428249625577,0.5989984884496089,-0.4949924422480448
1.47,13.033817947737024,0.6742841950730594,4.69,16.67,0.0,21.05,0.0,UGC05750,64.0,10.0,58.7,11.7,0.22219604630171988,0.4277526693272468,0.7134649284731268,4799.507022077891,20.051428249625577,0.5989984884496089,-0.4949924422480448
2.52,17.992132545386536,0.9240551379308259,7.69,21.39,0.0,16.18,0.0,UGC05750,64.0,10.0,58.7,11.7,0.22219604630171988,0.4277526693272468,0.7134649284731268,4799.507022077891,20.051428249625577,0.5989984884496089,-0.4949924422480448
3.35,22.570514959470323,1.0922869639507597,9.58,24.52,0.0,12.24,0.0,UGC05750,64.0,10.0,58.7,11.7,0.22219604630171988,0.4277526693272468,0.7134649284731268,4799.507022077891,20.051428249625577,0.5989984884496089,-0.4949924422480448
4.09,24.390932399779775,1.1836652590643126,11.47,24.68,0.0,10.94,0.0,UGC05750,64.0,10.0,58.7,11.7,0.22219604630171988,0.4277526693272468,0.7134649284731268,4799.507022077891,20.051428249625577,0.5989984884496089,-0.4949924422480448
4.82,28.04474565905224,1.3107964956023406,13.0,26.85,0.0,11.55,0.0,UGC05750,64.0,10.0,58.7,11.7,0.22219604630171988,0.4277526693272468,0.7134649284731268,4799.507022077891,20.051428249625577,0.5989984884496089,-0.4949924422480448
6.6,30.704131627536107,1.6663511535006401,16.38,35.05,0.0,8.67,0.0,UGC05750,64.0,10.0,58.7,11.7,0.22219604630171988,0.4277526693272468,0.7134649284731268,4799.507022077891,20.051428249625577,0.5989984884496089,-0.4949924422480448
7.86,38.513937263577695,1.85605087338081,18.53,38.67,0.0,7.08,0.0,UGC05750,64.0,10.0,58.7,11.7,0.22219604630171988,0.4277526693272468,0.7134649284731268,4799.507022077891,20.051428249625577,0.5989984884496089,-0.4949924422480448
9.43,40.69701711987849,2.065133966465026,20.89,42.63,0.0,4.37,0.0,UGC05750,64.0,10.0,58.7,11.7,0.22219604630171988,0.4277526693272468,0.7134649284731268,4799.507022077891,20.051428249625577,0.5989984884496089,-0.4949924422480448
11.43,41.21268037449906,2.1315755425366887,23.34,39.29,0.0,0.82,0.0,UGC05750,64.0,10.0,58.7,11.7,0.22219604630171988,0.4277526693272468,0.7134649284731268,4799.507022077891,20.051428249625577,0.5989984884496089,-0.4949924422480448
22.85,54.27915802687759,2.642663011089316,36.96,26.56,0.0,0.0,0.0,UGC05750,64.0,10.0,58.7,11.7,0.22219604630171988,0.4277526693272468,0.7134649284731268,4799.507022077891,20.051428249625577,0.5989984884496089,-0.4949924422480448
0.78,16.682355516031862,0.8620889331976894,3.09,15.78,0.0,53.49,0.0,UGC05005,41.0,10.0,53.7,10.7,0.31175386105575426,0.40453494758146946,0.43391704519200336,17730.783370074536,8.887549683844295,0.5825813495468244,-0.41290674773412206
2.34,36.35675554355016,1.7846824145323918,8.01,29.57,0.0,27.34,0.0,UGC05005,41.0,10.0,53.7,10.7,0.31175386105575426,0.40453494758146946,0.43391704519200336,17730.783370074536,8.887549683844295,0.5825813495468244,-0.41290674773412206
3.91,50.15062923404388,2.469014861270496,11.69,39.92,0.0,21.36,0.0,UGC05005,41.0,10.0,53.7,10.7,0.31175386105575426,0.40453494758146946,0.43391704519200336,17730.783370074536,8.887549683844295,0.5825813495468244,-0.41290674773412206
5.47,63.4487282339813,2.9392237817174585,14.84,44.43,0.0,11.76,0.0,UGC05005,41.0,10.0,53.7,10.7,0.31175386105575426,0.40453494758146946,0.43391704519200336,17730.783370074536,8.887549683844295,0.5825813495468244,-0.41290674773412206
7.04,64.34772051677655,3.2498282072552955,17.28,44.27,0.0,7.46,0.0,UGC05005,41.0,10.0,53.7,10.7,0.31175386105575426,0.40453494758146946,0.43391704519200336,17730.783370074536,8.887549683844295,0.5825813495468244,-0.41290674773412206
8.6,64.76453651614897,3.5071045345136165,20.43,44.23,0.0,4.27,0.0,UGC05005,41.0,10.0,53.7,10.7,0.31175386105575426,0.40453494758146946,0.43391704519200336,17730.783370074536,8.887549683844295,0.5825813495468244,-0.41290674773412206
10.17,71.32434525226373,3.7063346619917783,23.88,42.94,0.0,2.88,0.0,UGC05005,41.0,10.0,53.7,10.7,0.31175386105575426,0.40453494758146946,0.43391704519200336,17730.783370074536,8.887549683844295,0.5825813495468244,-0.41290674773412206
17.97,79.85103644867434,4.184929741719005,35.26,33.89,0.0,0.23,0.0,UGC05005,41.0,10.0,53.7,10.7,0.31175386105575426,0.40453494758146946,0.43391704519200336,17730.783370074536,8.887549683844295,0.5825813495468244,-0.41290674773412206
21.07,79.40262928959712,4.227552451166474,36.58,30.93,0.0,0.09,0.0,UGC05005,41.0,10.0,53.7,10.7,0.31175386105575426,0.40453494758146946,0.43391704519200336,17730.783370074536,8.887549683844295,0.5825813495468244,-0.41290674773412206
22.72,86.59969337147952,4.2377361045219075,37.09,29.59,0.0,0.05,0.0,UGC05005,41.0,10.0,53.7,10.7,0.31175386105575426,0.40453494758146946,0.43391704519200336,17730.783370074536,8.887549683844295,0.5825813495468244,-0.41290674773412206
28.61,82.26489181905532,4.250368346214849,39.02,25.82,0.0,0.0,0.0,UGC05005,41.0,10.0,53.7,10.7,0.31175386105575426,0.40453494758146946,0.43391704519200336,17730.783370074536,8.887549683844295,0.5825813495468244,-0.41290674773412206
1.74,116.96883068325384,5.817688781932211,17.89,202.16,0.0,1038.77,0.0,NGC3893,49.0,2.0,18.0,2.5,1.4663114267046808,0.31712663744847686,0.8218457626623386,9791.568336746792,8.133955398352759,0.3709355877718549,0.6453220611407253
3.5,126.7739099094193,6.144631225317577,17.67,210.45,0.0,328.04,0.0,NGC3893,49.0,2.0,18.0,2.5,1.4663114267046808,0.31712663744847686,0.8218457626623386,9791.568336746792,8.133955398352759,0.3709355877718549,0.6453220611407253
5.24,127.6353335230916,6.369658354676488,27.48,211.51,0.0,137.0,0.0,NGC3893,49.0,2.0,18.0,2.5,1.4663114267046808,0.31712663744847686,0.8218457626623386,9791.568336746792,8.133955398352759,0.3709355877718549,0.6453220611407253
6.98,129.23326818516534,6.085516856684191,42.57,187.95,0.0,48.78,0.0,NGC3893,49.0,2.0,18.0,2.5,1.4663114267046808,0.31712663744847686,0.8218457626623386,9791.568336746792,8.133955398352759,0.3709355877718549,0.6453220611407253
8.81,120.96200334873899,5.92225729600597,48.28,172.49,0.0,34.3,0.0,NGC3893,49.0,2.0,18.0,2.5,1.4663114267046808,0.31712663744847686,0.8218457626623386,9791.568336746792,8.133955398352759,0.3709355877718549,0.6453220611407253
10.9,116.16118295131479,5.696390630741402,45.48,161.01,0.0,15.26,0.0,NGC3893,49.0,2.0,18.0,2.5,1.4663114267046808,0.31712663744847686,0.8218457626623386,9791.568336746792,8.133955398352759,0.3709355877718549,0.6453220611407253
13.12,111.17881910951651,5.447307400774583,43.32,148.11,0.0,5.31,0.0,NGC3893,49.0,2.0,18.0,2.5,1.4663114267046808,0.31712663744847686,0.8218457626623386,9791.568336746792,8.133955398352759,0.3709355877718549,0.6453220611407253
15.33,96.92013758310732,5.226675520738772,43.11,134.96,0.0,1.91,0.0,NGC3893,49.0,2.0,18.0,2.5,1.4663114267046808,0.31712663744847686,0.8218457626623386,9791.568336746792,8.133955398352759,0.3709355877718549,0.6453220611407253
17.3,101.12014344257607,5.097972599710206,43.21,126.37,0.0,0.93,0.0,NGC3893,49.0,2.0,18.0,2.5,1.4663114267046808,0.31712663744847686,0.8218457626623386,9791.568336746792,8.133955398352759,0.3709355877718549,0.6453220611407253
19.05,99.08077724735794,5.019115837347054,44.51,119.3,0.0,0.0,0.0,NGC3893,49.0,2.0,18.0,2.5,1.4663114267046808,0.31712663744847686,0.8218457626623386,9791.568336746792,8.133955398352759,0.3709355877718549,0.6453220611407253
0.96,23.17765557802445,1.2335966413914858,1.81,20.68,0.0,44.6,0.0,UGC12732,39.0,6.0,13.2,4.0,-0.07909439583597586,0.5244748609032399,0.5119512686945162,13751.582427533764,6.026148276243834,0.6542290347982525,-0.7711451739912619
1.92,33.693318624734935,1.8420595049434656,-7.24,30.32,0.0,24.65,0.0,UGC12732,39.0,6.0,13.2,4.0,-0.07909439583597586,0.5244748609032399,0.5119512686945162,13751.582427533764,6.026148276243834,0.6542290347982525,-0.7711451739912619
2.88,44.831918896827304,2.2735722947345742,-2.56,33.18,0.0,15.63,0.0,UGC12732,39.0,6.0,13.2,4.0,-0.07909439583597586,0.5244748609032399,0.5119512686945162,13751.582427533764,6.026148276243834,0.6542290347982525,-0.7711451739912619
3.84,52.133627292068596,2.618421767263179,8.12,35.24,0.0,8.99,0.0,UGC12732,39.0,6.0,13.2,4.0,-0.07909439583597586,0.5244748609032399,0.5119512686945162,13751.582427533764,6.026148276243834,0.6542290347982525,-0.7711451739912619
4.8,54.897216791834374,2.8471138053025826,11.3,34.72,0.0,5.81,0.0,UGC12732,39.0,6.0,13.2,4.0,-0.07909439583597586,0.5244748609032399,0.5119512686945162,13751.582427533764,6.026148276243834,0.6542290347982525,-0.7711451739912619
5.76,61.32538402848555,3.0522116564587565,16.0,34.11,0.0,4.38,0.0,UGC12732,39.0,6.0,13.2,4.0,-0.07909439583597586,0.5244748609032399,0.5119512686945162,13751.582427533764,6.026148276243834,0.6542290347982525,-0.7711451739912619
6.72,62.214623877243795,3.213760460305208,18.2,34.88,0.0,2.64,0.0,UGC12732,39.0,6.0,13.2,4.0,-0.07909439583597586,0.5244748609032399,0.5119512686945162,13751.582427533764,6.026148276243834,0.6542290347982525,-0.7711451739912619
7.68,67.69330789906817,3.2938124539633176,19.2,33.08,0.0,1.24,0.0,UGC12732,39.0,6.0,13.2,4.0,-0.07909439583597586,0.5244748609032399,0.5119512686945162,13751.582427533764,6.026148276243834,0.6542290347982525,-0.7711451739912619
8.64,65.55637075300213,3.4010278840242165,23.3,31.11,0.0,0.86,0.0,UGC12732,39.0,6.0,13.2,4.0,-0.07909439583597586,0.5244748609032399,0.5119512686945162,13751.582427533764,6.026148276243834,0.6542290347982525,-0.7711451739912619
9.6,69.30720604116266,3.4720440258866754,25.5,29.68,0.0,0.52,0.0,UGC12732,39.0,6.0,13.2,4.0,-0.07909439583597586,0.5244748609032399,0.5119512686945162,13751.582427533764,6.026148276243834,0.6542290347982525,-0.7711451739912619
10.6,74.167272212867,3.535337279626073,27.8,28.19,0.0,0.32,0.0,UGC12732,39.0,6.0,13.2,4.0,-0.07909439583597586,0.5244748609032399,0.5119512686945162,13751.582427533764,6.026148276243834,0.6542290347982525,-0.7711451739912619
11.5,81.54620409068103,3.6127680462485507,31.1,26.95,0.0,0.2,0.0,UGC12732,39.0,6.0,13.2,4.0,-0.07909439583597586,0.5244748609032399,0.5119512686945162,13751.582427533764,6.026148276243834,0.6542290347982525,-0.7711451739912619
12.5,70.40700004484987,3.707122857839877,35.1,25.7,0.0,0.12,0.0,UGC12732,39.0,6.0,13.2,4.0,-0.07909439583597586,0.5244748609032399,0.5119512686945162,13751.582427533764,6.026148276243834,0.6542290347982525,-0.7711451739912619
13.4,73.9358912793842,3.7846955894038325,38.3,24.69,0.0,0.08,0.0,UGC12732,39.0,6.0,13.2,4.0,-0.07909439583597586,0.5244748609032399,0.5119512686945162,13751.582427533764,6.026148276243834,0.6542290347982525,-0.7711451739912619
14.4,73.97947048757632,3.8611083558965955,41.4,23.69,0.0,0.05,0.0,UGC12732,39.0,6.0,13.2,4.0,-0.07909439583597586,0.5244748609032399,0.5119512686945162,13751.582427533764,6.026148276243834,0.6542290347982525,-0.7711451739912619
15.4,81.23216691374365,3.90833736150434,43.4,22.77,0.0,0.0,0.0,UGC12732,39.0,6.0,13.2,4.0,-0.07909439583597586,0.5244748609032399,0.5119512686945162,13751.582427533764,6.026148276243834,0.6542290347982525,-0.7711451739912619
0.77,101.68162210710432,5.339671150876725,2.22,20.98,133.76,335.17,2678.7,IC4202,90.0,1.0,100.4,10.0,1.9536364872813983,0.3838486997049829,0.6261268608955388,6088.220401859997,9.202185112118073,0.2816024208978222,1.0919878955108888
1.59,139.0504019749861,7.121886715166517,3.89,40.96,176.62,322.39,948.63,IC4202,90.0,1.0,100.4,10.0,1.9536364872813983,0.3838486997049829,0.6261268608955388,6088.220401859997,9.202185112118073,0.2816024208978222,1.0919878955108888
2.36,130.0177354831199,7.26373928905894,4.02,58.24,176.92,310.83,463.05,IC4202,90.0,1.0,100.4,10.0,1.9536364872813983,0.3838486997049829,0.6261268608955388,6088.220401859997,9.202185112118073,0.2816024208978222,1.0919878955108888
3.13,134.68632420750083,7.258948831084147,0.9,74.68,172.53,299.69,349.2,IC4202,90.0,1.0,100.4,10.0,1.9536364872813983,0.3838486997049829,0.6261268608955388,6088.220401859997,9.202185112118073,0.2816024208978222,1.0919878955108888
3.95,146.8496242597823,7.497313515426292,0.0,91.45,173.49,288.26,188.22,IC4202,90.0,1.0,100.4,10.0,1.9536364872813983,0.3838486997049829,0.6261268608955388,6088.220401859997,9.202185112118073,0.2816024208978222,1.0919878955108888
4.73,155.93021533956937,7.739151797196183,0.0,107.35,174.08,276.77,83.53,IC4202,90.0,1.0,100.4,10.0,1.9536364872813983,0.3838486997049829,0.6261268608955388,6088.220401859997,9.202185112118073,0.2816024208978222,1.0919878955108888
5.5,153.11852661861388,7.727701214382558,0.0,120.52,167.74,257.54,24.93,IC4202,90.0,1.0,100.4,10.0,1.9536364872813983,0.3838486997049829,0.6261268608955388,6088.220401859997,9.202185112118073,0.2816024208978222,1.0919878955108888
6.27,139.57201792928112,7.657839251585287,0.0,132.68,159.21,255.77,7.38,IC4202,90.0,1.0,100.4,10.0,1.9536364872813983,0.3838486997049829,0.6261268608955388,6088.220401859997,9.202185112118073,0.2816024208978222,1.0919878955108888
7.08,150.92996625904908,7.725650861169157,0.0,150.86,150.44,254.06,2.06,IC4202,90.0,1.0,100.4,10.0,1.9536364872813983,0.3838486997049829,0.6261268608955388,6088.220401859997,9.202185112118073,0.2816024208978222,1.0919878955108888
7.86,164.6567437444435,7.916784259975607,0.24,170.8,142.84,239.48,0.6,IC4202,90.0,1.0,100.4,10.0,1.9536364872813983,0.3838486997049829,0.6261268608955388,6088.220401859997,9.202185112118073,0.2816024208978222,1.0919878955108888
8.66,166.8985342980138,8.119265724941286,0.0,187.59,136.33,211.03,0.17,IC4202,90.0,1.0,100.4,10.0,1.9536364872813983,0.3838486997049829,0.6261268608955388,6088.220401859997,9.202185112118073,0.2816024208978222,1.0919878955108888
9.45,164.73276326509614,8.269197243227609,3.8,199.82,130.53,180.74,0.05,IC4202,90.0,1.0,100.4,10.0,1.9536364872813983,0.3838486997049829,0.6261268608955388,6088.220401859997,9.202185112118073,0.2816024208978222,1.0919878955108888
10.24,159.70330808587025,8.355904291675337,0.0,208.12,125.41,151.13,0.01,IC4202,90.0,1.0,100.4,10.0,1.9536364872813983,0.3838486997049829,0.6261268608955388,6088.220401859997,9.202185112118073,0.2816024208978222,1.0919878955108888
11.02,173.0230337397186,8.386467895481287,3.35,212.98,120.9,124.69,0.0,IC4202,90.0,1.0,100.4,10.0,1.9536364872813983,0.3838486997049829,0.6261268608955388,6088.220401859997,9.202185112118073,0.2816024208978222,1.0919878955108888
11.79,163.0220603746626,8.394081882350225,15.63,214.9,116.92,101.97,0.0,IC4202,90.0,1.0,100.4,10.0,1.9536364872813983,0.3838486997049829,0.6261268608955388,6088.220401859997,9.202185112118073,0.2816024208978222,1.0919878955108888
12.47,157.64700372649986,8.371784998067302,22.51,214.77,113.67,85.47,0.0,IC4202,90.0,1.0,100.4,10.0,1.9536364872813983,0.3838486997049829,0.6261268608955388,6088.220401859997,9.202185112118073,0.2816024208978222,1.0919878955108888
13.34,159.93182637302004,8.330731214089775,30.77,213.03,109.94,69.15,0.0,IC4202,90.0,1.0,100.4,10.0,1.9536364872813983,0.3838486997049829,0.6261268608955388,6088.220401859997,9.202185112118073,0.2816024208978222,1.0919878955108888
14.11,177.73588082902808,8.286694307238385,37.16,210.67,106.85,58.36,0.0,IC4202,90.0,1.0,100.4,10.0,1.9536364872813983,0.3838486997049829,0.6261268608955388,6088.220401859997,9.202185112118073,0.2816024208978222,1.0919878955108888
14.59,166.88203465589763,8.253241778293262,39.71,209.26,105.08,53.0,0.0,IC4202,90.0,1.0,100.4,10.0,1.9536364872813983,0.3838486997049829,0.6261268608955388,6088.220401859997,9.202185112118073,0.2816024208978222,1.0919878955108888
14.98,174.10119003330547,8.228137305492096,41.88,208.03,103.7,48.81,0.0,IC4202,90.0,1.0,100.4,10.0,1.9536364872813983,0.3838486997049829,0.6261268608955388,6088.220401859997,9.202185112118073,0.2816024208978222,1.0919878955108888
15.75,159.39366721579347,8.16538155536533,44.73,205.55,101.13,41.91,0.0,IC4202,90.0,1.0,100.4,10.0,1.9536364872813983,0.3838486997049829,0.6261268608955388,6088.220401859997,9.202185112118073,0.2816024208978222,1.0919878955108888
16.52,169.41008160441595,8.090976850918237,46.3,203.07,98.75,35.71,0.0,IC4202,90.0,1.0,100.4,10.0,1.9536364872813983,0.3838486997049829,0.6261268608955388,6088.220401859997,9.202185112118073,0.2816024208978222,1.0919878955108888
17.1,155.6554338281925,8.024098062972937,46.79,201.06,97.06,31.62,0.0,IC4202,90.0,1.0,100.4,10.0,1.9536364872813983,0.3838486997049829,0.6261268608955388,6088.220401859997,9.202185112118073,0.2816024208978222,1.0919878955108888
17.88,157.27422783333765,7.926100650269953,46.99,198.19,94.92,26.82,0.0,IC4202,90.0,1.0,100.4,10.0,1.9536364872813983,0.3838486997049829,0.6261268608955388,6088.220401859997,9.202185112118073,0.2816024208978222,1.0919878955108888
18.65,176.03977675171873,7.828739422653893,47.18,195.23,92.94,22.81,0.0,IC4202,90.0,1.0,100.4,10.0,1.9536364872813983,0.3838486997049829,0.6261268608955388,6088.220401859997,9.202185112118073,0.2816024208978222,1.0919878955108888
19.62,160.19562168617398,7.713895851692327,47.77,191.47,90.61,18.65,0.0,IC4202,90.0,1.0,100.4,10.0,1.9536364872813983,0.3838486997049829,0.6261268608955388,6088.220401859997,9.202185112118073,0.2816024208978222,1.0919878955108888
20.78,148.7316210319917,7.627720427065952,51.51,186.83,88.05,14.6,0.0,IC4202,90.0,1.0,100.4,10.0,1.9536364872813983,0.3838486997049829,0.6261268608955388,6088.220401859997,9.202185112118073,0.2816024208978222,1.0919878955108888
22.13,150.69129026261288,7.566654330578999,57.31,181.4,85.32,10.95,0.0,IC4202,90.0,1.0,100.4,10.0,1.9536364872813983,0.3838486997049829,0.6261268608955388,6088.220401859997,9.202185112118073,0.2816024208978222,1.0919878955108888
23.0,152.71478695223155,7.513190413685689,59.87,177.88,83.69,9.17,0.0,IC4202,90.0,1.0,100.4,10.0,1.9536364872813983,0.3838486997049829,0.6261268608955388,6088.220401859997,9.202185112118073,0.2816024208978222,1.0919878955108888
23.58,158.564411268891,7.475765697165706,61.24,175.64,82.65,8.14,0.0,IC4202,90.0,1.0,100.4,10.0,1.9536364872813983,0.3838486997049829,0.6261268608955388,6088.220401859997,9.202185112118073,0.2816024208978222,1.0919878955108888
25.03,142.6907345083422,7.31339797348639,61.05,170.07,80.22,6.11,0.0,IC4202,90.0,1.0,100.4,10.0,1.9536364872813983,0.3838486997049829,0.6261268608955388,6088.220401859997,9.202185112118073,0.2816024208978222,1.0919878955108888
25.9,131.59783281310928,7.2074118290849505,60.16,166.98,78.87,5.18,0.0,IC4202,90.0,1.0,100.4,10.0,1.9536364872813983,0.3838486997049829,0.6261268608955388,6088.220401859997,9.202185112118073,0.2816024208978222,1.0919878955108888
1.25,20.82099960573058,1.0248225769034538,1.71,29.4,0.0,81.19,0.0,UGC00128,57.0,10.0,64.5,9.7,0.7788744720027395,0.4688196680404447,0.7024842404792846,4766.501714183096,32.325973935683464,0.49695192708567876,0.015240364571606215
3.75,36.2383626713986,1.7411477074926371,4.27,49.15,0.0,28.11,0.0,UGC00128,57.0,10.0,64.5,9.7,0.7788744720027395,0.4688196680404447,0.7024842404792846,4766.501714183096,32.325973935683464,0.49695192708567876,0.015240364571606215
6.25,35.10681376166445,1.8576128345922205,7.23,50.52,0.0,15.91,0.0,UGC00128,57.0,10.0,64.5,9.7,0.7788744720027395,0.4688196680404447,0.7024842404792846,4766.501714183096,32.325973935683464,0.49695192708567876,0.015240364571606215
8.76,41.60175814838859,1.9935765065531452,11.57,51.47,0.0,10.69,0.0,UGC00128,57.0,10.0,64.5,9.7,0.7788744720027395,0.4688196680404447,0.7024842404792846,4766.501714183096,32.325973935683464,0.49695192708567876,0.015240364571606215
11.25,47.26931935328349,2.13924914367311,13.37,53.63,0.0,8.58,0.0,UGC00128,57.0,10.0,64.5,9.7,0.7788744720027395,0.4688196680404447,0.7024842404792846,4766.501714183096,32.325973935683464,0.49695192708567876,0.015240364571606215
13.74,48.839157352845476,2.351098571241933,16.66,57.25,0.0,6.03,0.0,UGC00128,57.0,10.0,64.5,9.7,0.7788744720027395,0.4688196680404447,0.7024842404792846,4766.501714183096,32.325973935683464,0.49695192708567876,0.015240364571606215
16.22,51.54406540572501,2.5449390772888876,23.15,57.75,0.0,3.5,0.0,UGC00128,57.0,10.0,64.5,9.7,0.7788744720027395,0.4688196680404447,0.7024842404792846,4766.501714183096,32.325973935683464,0.49695192708567876,0.015240364571606215
18.71,54.5904459738022,2.7086671612322255,30.33,55.23,0.0,2.13,0.0,UGC00128,57.0,10.0,64.5,9.7,0.7788744720027395,0.4688196680404447,0.7024842404792846,4766.501714183096,32.325973935683464,0.49695192708567876,0.015240364571606215
21.3,61.98675530728206,2.845107202552196,35.52,52.6,0.0,1.35,0.0,UGC00128,57.0,10.0,64.5,9.7,0.7788744720027395,0.4688196680404447,0.7024842404792846,4766.501714183096,32.325973935683464,0.49695192708567876,0.015240364571606215
23.79,56.604608826717076,2.9678156260661854,39.51,50.52,0.0,0.8,0.0,UGC00128,57.0,10.0,64.5,9.7,0.7788744720027395,0.4688196680404447,0.7024842404792846,4766.501714183096,32.325973935683464,0.49695192708567876,0.015240364571606215
26.28,60.32724443242065,3.033212072291345,42.0,47.75,0.0,0.59,0.0,UGC00128,57.0,10.0,64.5,9.7,0.7788744720027395,0.4688196680404447,0.7024842404792846,4766.501714183096,32.325973935683464,0.49695192708567876,0.015240364571606215
28.77,64.10270500926765,3.1330427473958053,44.9,45.88,0.0,0.38,0.0,UGC00128,57.0,10.0,64.5,9.7,0.7788744720027395,0.4688196680404447,0.7024842404792846,4766.501714183096,32.325973935683464,0.49695192708567876,0.015240364571606215
31.25,65.04139232695518,3.13543139478803,45.1,43.92,0.0,0.25,0.0,UGC00128,57.0,10.0,64.5,9.7,0.7788744720027395,0.4688196680404447,0.7024842404792846,4766.501714183096,32.325973935683464,0.49695192708567876,0.015240364571606215
33.74,59.8120993614019,3.0574606103455095,43.0,42.1,0.0,0.17,0.0,UGC00128,57.0,10.0,64.5,9.7,0.7788744720027395,0.4688196680404447,0.7024842404792846,4766.501714183096,32.325973935683464,0.49695192708567876,0.015240364571606215
36.23,61.55117551449938,3.03098445718602,42.3,40.43,0.0,0.11,0.0,UGC00128,57.0,10.0,64.5,9.7,0.7788744720027395,0.4688196680404447,0.7024842404792846,4766.501714183096,32.325973935683464,0.49695192708567876,0.015240364571606215
38.82,59.82409068084227,3.0333562775482097,42.4,38.83,0.0,0.07,0.0,UGC00128,57.0,10.0,64.5,9.7,0.7788744720027395,0.4688196680404447,0.7024842404792846,4766.501714183096,32.325973935683464,0.49695192708567876,0.015240364571606215
41.31,60.5381295788137,3.0087829046965893,41.7,37.43,0.0,0.05,0.0,UGC00128,57.0,10.0,64.5,9.7,0.7788744720027395,0.4688196680404447,0.7024842404792846,4766.501714183096,32.325973935683464,0.49695192708567876,0.015240364571606215
43.8,58.777259552449415,2.9584019712941414,40.21,36.18,0.0,0.03,0.0,UGC00128,57.0,10.0,64.5,9.7,0.7788744720027395,0.4688196680404447,0.7024842404792846,4766.501714183096,32.325973935683464,0.49695192708567876,0.015240364571606215
46.28,54.916533021922874,2.912045274867009,38.81,35.02,0.0,0.02,0.0,UGC00128,57.0,10.0,64.5,9.7,0.7788744720027395,0.4688196680404447,0.7024842404792846,4766.501714183096,32.325973935683464,0.49695192708567876,0.015240364571606215
48.77,57.085855031913304,2.857309153583288,37.11,33.97,0.0,0.01,0.0,UGC00128,57.0,10.0,64.5,9.7,0.7788744720027395,0.4688196680404447,0.7024842404792846,4766.501714183096,32.325973935683464,0.49695192708567876,0.015240364571606215
51.26,58.756303199285036,2.8143831373353105,35.72,33.04,0.0,0.01,0.0,UGC00128,57.0,10.0,64.5,9.7,0.7788744720027395,0.4688196680404447,0.7024842404792846,4766.501714183096,32.325973935683464,0.49695192708567876,0.015240364571606215
53.75,52.97598480425807,2.783378117823512,34.72,32.1,0.0,0.0,0.0,UGC00128,57.0,10.0,64.5,9.7,0.7788744720027395,0.4688196680404447,0.7024842404792846,4766.501714183096,32.325973935683464,0.49695192708567876,0.015240364571606215
0.45,16.651154065817444,0.8791588277347606,8.4,9.99,0.0,26.06,0.0,D631-7,59.0,3.0,7.72,0.18,-1.0087739243075051,0.4729996609787805,0.8157856214998198,3991.35853567616,2.297561255724932,0.8246516606283985,-1.623258303141992
0.9,27.996699984525492,1.32468367419156,13.51,15.52,0.0,19.64,0.0,D631-7,59.0,3.0,7.72,0.18,-1.0087739243075051,0.4729996609787805,0.8157856214998198,3991.35853567616,2.297561255724932,0.8246516606283985,-1.623258303141992
1.35,36.59780612972626,1.6402141846323017,16.7,20.76,0.0,12.17,0.0,D631-7,59.0,3.0,7.72,0.18,-1.0087739243075051,0.4729996609787805,0.8157856214998198,3991.35853567616,2.297561255724932,0.8246516606283985,-1.623258303141992
1.8,39.80974598380131,1.8077052268248075,18.72,21.37,0.0,4.5,0.0,D631-7,59.0,3.0,7.72,0.18,-1.0087739243075051,0.4729996609787805,0.8157856214998198,3991.35853567616,2.297561255724932,0.8246516606283985,-1.623258303141992
2.25,37.41536922518894,1.891497445869034,19.9,19.92,0.0,2.1,0.0,D631-7,59.0,3.0,7.72,0.18,-1.0087739243075051,0.4729996609787805,0.8157856214998198,3991.35853567616,2.297561255724932,0.8246516606283985,-1.623258303141992
2.69,40.29502930165434,1.9428467900202415,20.61,18.76,0.0,1.13,0.0,D631-7,59.0,3.0,7.72,0.18,-1.0087739243075051,0.4729996609787805,0.8157856214998198,3991.35853567616,2.297561255724932,0.8246516606283985,-1.623258303141992
3.14,39.446928434411205,1.9604857058622427,20.73,17.36,0.0,0.54,0.0,D631-7,59.0,3.0,7.72,0.18,-1.0087739243075051,0.4729996609787805,0.8157856214998198,3991.35853567616,2.297561255724932,0.8246516606283985,-1.623258303141992
3.59,39.47642107398042,1.9637952997600885,20.61,16.32,0.0,0.37,0.0,D631-7,59.0,3.0,7.72,0.18,-1.0087739243075051,0.4729996609787805,0.8157856214998198,3991.35853567616,2.297561255724932,0.8246516606283985,-1.623258303141992
4.04,42.16133507036177,1.9566461117566902,20.38,15.37,0.0,0.18,0.0,D631-7,59.0,3.0,7.72,0.18,-1.0087739243075051,0.4729996609787805,0.8157856214998198,3991.35853567616,2.297561255724932,0.8246516606283985,-1.623258303141992
4.49,36.19880369272585,1.9377523508858658,19.9,14.49,0.0,0.1,0.0,D631-7,59.0,3.0,7.72,0.18,-1.0087739243075051,0.4729996609787805,0.8157856214998198,3991.35853567616,2.297561255724932,0.8246516606283985,-1.623258303141992
4.94,40.34205965022339,1.916005471378127,19.43,13.72,0.0,0.05,0.0,D631-7,59.0,3.0,7.72,0.18,-1.0087739243075051,0.4729996609787805,0.8157856214998198,3991.35853567616,2.297561255724932,0.8246516606283985,-1.623258303141992
5.39,37.69072137325098,1.8891622487196333,18.84,13.04,0.0,0.03,0.0,D631-7,59.0,3.0,7.72,0.18,-1.0087739243075051,0.4729996609787805,0.8157856214998198,3991.35853567616,2.297561255724932,0.8246516606283985,-1.623258303141992
5.84,39.844752995153364,1.8611615663706536,18.25,12.45,0.0,0.01,0.0,D631-7,59.0,3.0,7.72,0.18,-1.0087739243075051,0.4729996609787805,0.8157856214998198,3991.35853567616,2.297561255724932,0.8246516606283985,-1.623258303141992
6.29,36.987452853827506,1.832220006472535,17.65,11.93,0.0,0.01,0.0,D631-7,59.0,3.0,7.72,0.18,-1.0087739243075051,0.4729996609787805,0.8157856214998198,3991.35853567616,2.297561255724932,0.8246516606283985,-1.623258303141992
6.74,34.85252859516137,1.8032771309769549,17.06,11.48,0.0,0.0,0.0,D631-7,59.0,3.0,7.72,0.18,-1.0087739243075051,0.4729996609787805,0.8157856214998198,3991.35853567616,2.297561255724932,0.8246516606283985,-1.623258303141992
7.19,35.97715279630254,1.7742715258583457,16.47,11.08,0.0,0.0,0.0,D631-7,59.0,3.0,7.72,0.18,-1.0087739243075051,0.4729996609787805,0.8157856214998198,3991.35853567616,2.297561255724932,0.8246516606283985,-1.623258303141992
0.39,9.967864477278798,0.5579200550336892,-1.11,12.25,0.0,99.83,0.0,F568-V1,40.0,10.0,80.6,8.06,0.2816014438256552,0.5923340708661502,0.7057882231830803,4112.613521784012,5.038490660922262,0.5881086887665317,-0.44054344383265825
1.18,26.87032017099324,1.2856598014489897,-2.76,28.99,0.0,60.79,0.0,F568-V1,40.0,10.0,80.6,8.06,0.2816014438256552,0.5923340708661502,0.7057882231830803,4112.613521784012,5.038490660922262,0.5881086887665317,-0.44054344383265825
1.95,33.36512530000278,1.6119072332041124,-2.63,34.78,0.0,34.2,0.0,F568-V1,40.0,10.0,80.6,8.06,0.2816014438256552,0.5923340708661502,0.7057882231830803,4112.613521784012,5.038490660922262,0.5881086887665317,-0.44054344383265825
2.74,36.45189019370805,1.8091903644025533,-0.03,37.08,0.0,27.14,0.0,F568-V1,40.0,10.0,80.6,8.06,0.2816014438256552,0.5923340708661502,0.7057882231830803,4112.613521784012,5.038490660922262,0.5881086887665317,-0.44054344383265825
3.53,40.97671164653012,2.0418513723100236,3.84,41.2,0.0,22.68,0.0,F568-V1,40.0,10.0,80.6,8.06,0.2816014438256552,0.5923340708661502,0.7057882231830803,4112.613521784012,5.038490660922262,0.5881086887665317,-0.44054344383265825
4.3,47.00697099717374,2.2345650352403092,7.34,44.37,0.0,16.78,0.0,F568-V1,40.0,10.0,80.6,8.06,0.2816014438256552,0.5923340708661502,0.7057882231830803,4112.613521784012,5.038490660922262,0.5881086887665317,-0.44054344383265825
5.09,45.892908874199556,2.3483170188534266,9.92,45.35,0.0,11.52,0.0,F568-V1,40.0,10.0,80.6,8.06,0.2816014438256552,0.5923340708661502,0.7057882231830803,4112.613521784012,5.038490660922262,0.5881086887665317,-0.44054344383265825
5.87,46.49885120737612,2.410082841771176,12.15,44.94,0.0,9.36,0.0,F568-V1,40.0,10.0,80.6,8.06,0.2816014438256552,0.5923340708661502,0.7057882231830803,4112.613521784012,5.038490660922262,0.5881086887665317,-0.44054344383265825
6.4,48.75686870565155,2.4610449202090363,13.65,45.12,0.0,8.08,0.0,F568-V1,40.0,10.0,80.6,8.06,0.2816014438256552,0.5923340708661502,0.7057882231830803,4112.613521784012,5.038490660922262,0.5881086887665317,-0.44054344383265825
7.44,54.447410261567654,2.569595569696362,17.06,45.76,0.0,6.21,0.0,F568-V1,40.0,10.0,80.6,8.06,0.2816014438256552,0.5923340708661502,0.7057882231830803,4112.613521784012,5.038490660922262,0.5881086887665317,-0.44054344383265825
8.21,49.26564152690523,2.6468565179333576,19.87,46.01,0.0,4.32,0.0,F568-V1,40.0,10.0,80.6,8.06,0.2816014438256552,0.5923340708661502,0.7057882231830803,4112.613521784012,5.038490660922262,0.5881086887665317,-0.44054344383265825
9.0,56.968251949641854,2.6882176749009883,22.99,44.52,0.0,3.01,0.0,F568-V1,40.0,10.0,80.6,8.06,0.2816014438256552,0.5923340708661502,0.7057882231830803,4112.613521784012,5.038490660922262,0.5881086887665317,-0.44054344383265825
9.72,53.23041914558386,2.7493990156855332,26.1,43.69,0.0,2.45,0.0,F568-V1,40.0,10.0,80.6,8.06,0.2816014438256552,0.5923340708661502,0.7057882231830803,4112.613521784012,5.038490660922262,0.5881086887665317,-0.44054344383265825
11.79,55.155141382438536,2.91837625367078,34.23,40.77,0.0,1.17,0.0,F568-V1,40.0,10.0,80.6,8.06,0.2816014438256552,0.5923340708661502,0.7057882231830803,4112.613521784012,5.038490660922262,0.5881086887665317,-0.44054344383265825
17.63,60.034255684971015,2.8238043777893527,36.03,33.12,0.0,0.0,0.0,F568-V1,40.0,10.0,80.6,8.06,0.2816014438256552,0.5923340708661502,0.7057882231830803,4112.613521784012,5.038490660922262,0.5881086887665317,-0.44054344383265825
9.93,248.14097056766326,11.709140328229692,-13.26,255.96,207.88,296.2,20.38,UGC02487,36.0,5.0,69.1,10.4,2.38912619834589,0.4889686268416039,0.5188891666157052,10485.398159416738,26.3082595540932,0.2017713631959906,1.491143184020047
10.05,229.56935024002567,11.728938214590537,-13.37,257.66,206.72,291.07,19.35,UGC02487,36.0,5.0,69.1,10.4,2.38912619834589,0.4889686268416039,0.5188891666157052,10485.398159416738,26.3082595540932,0.2017713631959906,1.491143184020047
10.35,240.49821672822355,11.785476645563746,-13.47,261.62,204.38,276.87,17.03,UGC02487,36.0,5.0,69.1,10.4,2.38912619834589,0.4889686268416039,0.5188891666157052,10485.398159416738,26.3082595540932,0.2017713631959906,1.491143184020047
15.07,237.79063494788556,11.479659331699771,-11.85,272.35,172.87,136.01,2.35,UGC02487,36.0,5.0,69.1,10.4,2.38912619834589,0.4889686268416039,0.5188891666157052,10485.398159416738,26.3082595540932,0.2017713631959906,1.491143184020047
20.09,214.9642738536124,11.106180605805676,13.97,269.96,151.39,75.01,0.29,UGC02487,36.0,5.0,69.1,10.4,2.38912619834589,0.4889686268416039,0.5188891666157052,10485.398159416738,26.3082595540932,0.2017713631959906,1.491143184020047
25.12,218.16739305800647,10.718103974483991,27.34,262.34,134.72,44.66,0.03,UGC02487,36.0,5.0,69.1,10.4,2.38912619834589,0.4889686268416039,0.5188891666157052,10485.398159416738,26.3082595540932,0.2017713631959906,1.491143184020047
30.14,207.15359454379043,10.374215144491119,34.12,253.37,123.32,22.26,0.0,UGC02487,36.0,5.0,69.1,10.4,2.38912619834589,0.4889686268416039,0.5188891666157052,10485.398159416738,26.3082595540932,0.2017713631959906,1.491143184020047
35.17,190.12272458013297,9.767928638506586,36.15,235.34,114.11,10.73,0.0,UGC02487,36.0,5.0,69.1,10.4,2.38912619834589,0.4889686268416039,0.5188891666157052,10485.398159416738,26.3082595540932,0.2017713631959906,1.491143184020047
40.19,180.08029972664625,9.231170050404224,36.15,219.18,106.71,6.11,0.0,UGC02487,36.0,5.0,69.1,10.4,2.38912619834589,0.4889686268416039,0.5188891666157052,10485.398159416738,26.3082595540932,0.2017713631959906,1.491143184020047
45.21,176.835355354104,8.812231598739432,35.84,206.41,100.63,3.48,0.0,UGC02487,36.0,5.0,69.1,10.4,2.38912619834589,0.4889686268416039,0.5188891666157052,10485.398159416738,26.3082595540932,0.2017713631959906,1.491143184020047
50.24,169.20407869758773,8.447594427375913,37.87,194.11,95.47,1.63,0.0,UGC02487,36.0,5.0,69.1,10.4,2.38912619834589,0.4889686268416039,0.5188891666157052,10485.398159416738,26.3082595540932,0.2017713631959906,1.491143184020047
55.26,158.5855319533787,8.159996396745042,41.62,183.23,91.03,1.27,0.0,UGC02487,36.0,5.0,69.1,10.4,2.38912619834589,0.4889686268416039,0.5188891666157052,10485.398159416738,26.3082595540932,0.2017713631959906,1.491143184020047
60.28,155.61119157111625,7.9498699902949825,44.55,174.98,87.16,0.47,0.0,UGC02487,36.0,5.0,69.1,10.4,2.38912619834589,0.4889686268416039,0.5188891666157052,10485.398159416738,26.3082595540932,0.2017713631959906,1.491143184020047
65.31,162.99656350947248,7.720075782879182,46.17,166.27,83.74,0.25,0.0,UGC02487,36.0,5.0,69.1,10.4,2.38912619834589,0.4889686268416039,0.5188891666157052,10485.398159416738,26.3082595540932,0.2017713631959906,1.491143184020047
70.33,152.0219284176858,7.5206900405876445,46.48,159.17,80.69,0.13,0.0,UGC02487,36.0,5.0,69.1,10.4,2.38912619834589,0.4889686268416039,0.5188891666157052,10485.398159416738,26.3082595540932,0.2017713631959906,1.491143184020047
75.35,152.8682618253046,7.319491075408371,44.86,152.96,77.96,0.07,0.0,UGC02487,36.0,5.0,69.1,10.4,2.38912619834589,0.4889686268416039,0.5188891666157052,10485.398159416738,26.3082595540932,0.2017713631959906,1.491143184020047
80.38,151.11412942148038,7.127412340711415,42.32,147.51,75.48,0.0,0.0,UGC02487,36.0,5.0,69.1,10.4,2.38912619834589,0.4889686268416039,0.5188891666157052,10485.398159416738,26.3082595540932,0.2017713631959906,1.491143184020047
0.11,19.99673257663075,1.0159983158717545,1.06,11.98,0.0,401.24,0.0,NGC2976,61.0,10.0,3.58,0.18,0.22672875685699073,0.5726038058989094,1.180828077992595,17497.869092999983,0.8481362149902679,0.5981675823025979,-0.4908379115129897
0.17,29.68890648919299,1.358400480615557,1.76,15.44,0.0,385.05,0.0,NGC2976,61.0,10.0,3.58,0.18,0.22672875685699073,0.5726038058989094,1.180828077992595,17497.869092999983,0.8481362149902679,0.5981675823025979,-0.4908379115129897
0.24,37.15965500266012,1.7123917669313955,2.47,19.52,0.0,353.55,0.0,NGC2976,61.0,10.0,3.58,0.18,0.22672875685699073,0.5726038058989094,1.180828077992595,17497.869092999983,0.8481362149902679,0.5981675823025979,-0.4908379115129897
0.31,36.461112495490006,2.0204776229640364,2.93,23.11,0.0,326.8,0.0,NGC2976,61.0,10.0,3.58,0.18,0.22672875685699073,0.5726038058989094,1.180828077992595,17497.869092999983,0.8481362149902679,0.5981675823025979,-0.4908379115129897
0.38,43.5951639496419,2.290728682020253,3.29,26.27,0.0,306.5,0.0,NGC2976,61.0,10.0,3.58,0.18,0.22672875685699073,0.5726038058989094,1.180828077992595,17497.869092999983,0.8481362149902679,0.5981675823025979,-0.4908379115129897
0.45,52.31900446408479,2.5318530884593367,3.99,29.18,0.0,294.93,0.0,NGC2976,61.0,10.0,3.58,0.18,0.22672875685699073,0.5726038058989094,1.180828077992595,17497.869092999983,0.8481362149902679,0.5981675823025979,-0.4908379115129897
0.52,57.18633353623044,2.7506829629504024,4.46,32.19,0.0,286.81,0.0,NGC2976,61.0,10.0,3.58,0.18,0.22672875685699073,0.5726038058989094,1.180828077992595,17497.869092999983,0.8481362149902679,0.5981675823025979,-0.4908379115129897
0.59,61.16400856419174,2.9495729343884642,4.93,35.22,0.0,277.28,0.0,NGC2976,61.0,10.0,3.58,0.18,0.22672875685699073,0.5726038058989094,1.180828077992595,17497.869092999983,0.8481362149902679,0.5981675823025979,-0.4908379115129897
0.66,62.35224240978835,3.1286979307703833,5.88,38.01,0.0,266.34,0.0,NGC2976,61.0,10.0,3.58,0.18,0.22672875685699073,0.5726038058989094,1.180828077992595,17497.869092999983,0.8481362149902679,0.5981675823025979,-0.4908379115129897
0.73,67.30837433988955,3.2905390741599767,6.93,40.66,0.0,258.37,0.0,NGC2976,61.0,10.0,3.58,0.18,0.22672875685699073,0.5726038058989094,1.180828077992595,17497.869092999983,0.8481362149902679,0.5981675823025979,-0.4908379115129897
0.8,70.99299481080615,3.437414473787052,7.52,43.36,0.0,250.06,0.0,NGC2976,61.0,10.0,3.58,0.18,0.22672875685699073,0.5726038058989094,1.180828077992595,17497.869092999983,0.8481362149902679,0.5981675823025979,-0.4908379115129897
0.87,71.16084674546909,3.571949951144424,8.45,45.92,0.0,244.56,0.0,NGC2976,61.0,10.0,3.58,0.18,0.22672875685699073,0.5726038058989094,1.180828077992595,17497.869092999983,0.8481362149902679,0.5981675823025979,-0.4908379115129897
0.94,77.82548021786057,3.70116338914804,9.28,48.76,0.0,245.53,0.0,NGC2976,61.0,10.0,3.58,0.18,0.22672875685699073,0.5726038058989094,1.180828077992595,17497.869092999983,0.8481362149902679,0.5981675823025979,-0.4908379115129897
1.01,68.02539098502828,3.8344680497632435,10.11,52.24,0.0,248.27,0.0,NGC2976,61.0,10.0,3.58,0.18,0.22672875685699073,0.5726038058989094,1.180828077992595,17497.869092999983,0.8481362149902679,0.5981675823025979,-0.4908379115129897
1.08,81.8306431571819,3.9658554826367793,11.31,55.81,0.0,237.88,0.0,NGC2976,61.0,10.0,3.58,0.18,0.22672875685699073,0.5726038058989094,1.180828077992595,17497.869092999983,0.8481362149902679,0.5981675823025979,-0.4908379115129897
1.14,77.25360684011723,4.073279613237799,13.04,58.54,0.0,230.0,0.0,NGC2976,61.0,10.0,3.58,0.18,0.22672875685699073,0.5726038058989094,1.180828077992595,17497.869092999983,0.8481362149902679,0.5981675823025979,-0.4908379115129897
1.21,88.11564908733425,4.204256103112998,15.48,61.95,0.0,228.85,0.0,NGC2976,61.0,10.0,3.58,0.18,0.22672875685699073,0.5726038058989094,1.180828077992595,17497.869092999983,0.8481362149902679,0.5981675823025979,-0.4908379115129897
1.29,86.01457420681453,4.350472980923081,17.62,66.07,0.0,216.32,0.0,NGC2976,61.0,10.0,3.58,0.18,0.22672875685699073,0.5726038058989094,1.180828077992595,17497.869092999983,0.8481362149902679,0.5981675823025979,-0.4908379115129897
1.35,85.18436540433773,4.4572977451844595,19.66,68.88,0.0,203.26,0.0,NGC2976,61.0,10.0,3.58,0.18,0.22672875685699073,0.5726038058989094,1.180828077992595,17497.869092999983,0.8481362149902679,0.5981675823025979,-0.4908379115129897
1.42,93.11794205382883,4.57045200950887,21.7,71.85,0.0,189.42,0.0,NGC2976,61.0,10.0,3.58,0.18,0.22672875685699073,0.5726038058989094,1.180828077992595,17497.869092999983,0.8481362149902679,0.5981675823025979,-0.4908379115129897
1.49,89.27842395213685,4.677038280388074,23.73,74.58,0.0,174.06,0.0,NGC2976,61.0,10.0,3.58,0.18,0.22672875685699073,0.5726038058989094,1.180828077992595,17497.869092999983,0.8481362149902679,0.5981675823025979,-0.4908379115129897
1.56,91.18565501503865,4.777311583242077,25.98,76.94,0.0,155.41,0.0,NGC2976,61.0,10.0,3.58,0.18,0.22672875685699073,0.5726038058989094,1.180828077992595,17497.869092999983,0.8481362149902679,0.5981675823025979,-0.4908379115129897
1.63,89.52067076431501,4.856621295486641,27.71,78.73,0.0,134.59,0.0,NGC2976,61.0,10.0,3.58,0.18,0.22672875685699073,0.5726038058989094,1.180828077992595,17497.869092999983,0.8481362149902679,0.5981675823025979,-0.4908379115129897
1.74,98.7307243978394,4.943137224738558,30.15,80.17,0.0,99.94,0.0,NGC2976,61.0,10.0,3.58,0.18,0.22672875685699073,0.5726038058989094,1.180828077992595,17497.869092999983,0.8481362149902679,0.5981675823025979,-0.4908379115129897
1.93,100.71579424172792,4.913726955552166,29.44,78.52,0.0,58.42,0.0,NGC2976,61.0,10.0,3.58,0.18,0.22672875685699073,0.5726038058989094,1.180828077992595,17497.869092999983,0.8481362149902679,0.5981675823025979,-0.4908379115129897
2.1,102.18664312223962,4.86070098517937,29.75,75.56,0.0,46.09,0.0,NGC2976,61.0,10.0,3.58,0.18,0.22672875685699073,0.5726038058989094,1.180828077992595,17497.869092999983,0.8481362149902679,0.5981675823025979,-0.4908379115129897
2.27,95.78660637917211,4.823511618357822,29.85,73.66,0.0,41.53,0.0,NGC2976,61.0,10.0,3.58,0.18,0.22672875685699073,0.5726038058989094,1.180828077992595,17497.869092999983,0.8481362149902679,0.5981675823025979,-0.4908379115129897
0.87,37.4145762656368,1.7767061647769395,0.0,35.64,0.0,188.65,0.0,NGC3917,79.0,2.0,18.0,2.5,1.0407209836011935,0.6364371542548362,0.7029009617236543,17451.83319012387,4.437492161358024,0.44895197795865127,0.25524011020674364
1.74,50.94937728787066,2.5917138852191615,0.0,47.54,0.0,151.56,0.0,NGC3917,79.0,2.0,18.0,2.5,1.0407209836011935,0.6364371542548362,0.7029009617236543,17451.83319012387,4.437492161358024,0.44895197795865127,0.25524011020674364
2.61,65.92855742922485,3.3371007257380585,0.0,60.47,0.0,133.11,0.0,NGC3917,79.0,2.0,18.0,2.5,1.0407209836011935,0.6364371542548362,0.7029009617236543,17451.83319012387,4.437492161358024,0.44895197795865127,0.25524011020674364
3.5,79.90730194619586,4.027754568562196,7.38,73.72,0.0,113.1,0.0,NGC3917,79.0,2.0,18.0,2.5,1.0407209836011935,0.6364371542548362,0.7029009617236543,17451.83319012387,4.437492161358024,0.44895197795865127,0.25524011020674364
4.37,92.43873267787211,4.602887783718617,13.36,85.03,0.0,102.47,0.0,NGC3917,79.0,2.0,18.0,2.5,1.0407209836011935,0.6364371542548362,0.7029009617236543,17451.83319012387,4.437492161358024,0.44895197795865127,0.25524011020674364
5.24,97.31415415044518,5.095090786148859,14.01,96.27,0.0,83.86,0.0,NGC3917,79.0,2.0,18.0,2.5,1.0407209836011935,0.6364371542548362,0.7029009617236543,17451.83319012387,4.437492161358024,0.44895197795865127,0.25524011020674364
6.11,114.42826088379294,5.4417076234869715,12.18,104.34,0.0,66.19,0.0,NGC3917,79.0,2.0,18.0,2.5,1.0407209836011935,0.6364371542548362,0.7029009617236543,17451.83319012387,4.437492161358024,0.44895197795865127,0.25524011020674364
6.98,111.03133697674862,5.66498252722528,18.32,107.5,0.0,47.17,0.0,NGC3917,79.0,2.0,18.0,2.5,1.0407209836011935,0.6364371542548362,0.7029009617236543,17451.83319012387,4.437492161358024,0.44895197795865127,0.25524011020674364
7.85,118.86925123241956,5.809142563228243,21.34,109.28,0.0,36.52,0.0,NGC3917,79.0,2.0,18.0,2.5,1.0407209836011935,0.6364371542548362,0.7029009617236543,17451.83319012387,4.437492161358024,0.44895197795865127,0.25524011020674364
8.72,112.03262990878693,5.842784409199954,21.77,108.62,0.0,26.62,0.0,NGC3917,79.0,2.0,18.0,2.5,1.0407209836011935,0.6364371542548362,0.7029009617236543,17451.83319012387,4.437492161358024,0.44895197795865127,0.25524011020674364
9.6,120.39693126700506,5.9137526716246,27.37,107.75,0.0,19.83,0.0,NGC3917,79.0,2.0,18.0,2.5,1.0407209836011935,0.6364371542548362,0.7029009617236543,17451.83319012387,4.437492161358024,0.44895197795865127,0.25524011020674364
10.47,120.69999909446285,5.919105927684755,29.53,106.05,0.0,13.97,0.0,NGC3917,79.0,2.0,18.0,2.5,1.0407209836011935,0.6364371542548362,0.7029009617236543,17451.83319012387,4.437492161358024,0.44895197795865127,0.25524011020674364
11.35,115.48969999564879,5.898555633889284,32.11,103.37,0.0,9.49,0.0,NGC3917,79.0,2.0,18.0,2.5,1.0407209836011935,0.6364371542548362,0.7029009617236543,17451.83319012387,4.437492161358024,0.44895197795865127,0.25524011020674364
12.19,128.7569947370397,5.847038791453361,32.87,100.58,0.0,6.45,0.0,NGC3917,79.0,2.0,18.0,2.5,1.0407209836011935,0.6364371542548362,0.7029009617236543,17451.83319012387,4.437492161358024,0.44895197795865127,0.25524011020674364
13.12,116.75404336223983,5.731373733711042,30.82,96.92,0.0,3.54,0.0,NGC3917,79.0,2.0,18.0,2.5,1.0407209836011935,0.6364371542548362,0.7029009617236543,17451.83319012387,4.437492161358024,0.44895197795865127,0.25524011020674364
13.94,123.0790867503517,5.651811014568169,32.01,93.04,0.0,1.82,0.0,NGC3917,79.0,2.0,18.0,2.5,1.0407209836011935,0.6364371542548362,0.7029009617236543,17451.83319012387,4.437492161358024,0.44895197795865127,0.25524011020674364
14.86,115.97056424169092,5.533174080422667,31.79,88.38,0.0,0.79,0.0,NGC3917,79.0,2.0,18.0,2.5,1.0407209836011935,0.6364371542548362,0.7029009617236543,17451.83319012387,4.437492161358024,0.44895197795865127,0.25524011020674364
0.87,37.323571824102665,1.861574810425468,0.0,48.19,0.0,254.81,0.0,NGC3972,77.0,1.0,18.0,2.5,0.8559126891882446,0.4292818467345925,0.6410314813570154,11122.772642574655,3.7645753113592475,0.4828297969753039,0.08585101512348035
1.74,50.87659409677229,2.5807610345458043,5.93,61.19,0.0,156.18,0.0,NGC3972,77.0,1.0,18.0,2.5,0.8559126891882446,0.4292818467345925,0.6410314813570154,11122.772642574655,3.7645753113592475,0.4828297969753039,0.08585101512348035
2.61,58.143501457872276,3.1961864544656526,7.31,74.23,0.0,134.66,0.0,NGC3972,77.0,1.0,18.0,2.5,0.8559126891882446,0.4292818467345925,0.6410314813570154,11122.772642574655,3.7645753113592475,0.4828297969753039,0.08585101512348035
3.5,72.77977399781666,3.68047364503283,13.47,83.56,0.0,89.27,0.0,NGC3972,77.0,1.0,18.0,2.5,0.8559126891882446,0.4292818467345925,0.6410314813570154,11122.772642574655,3.7645753113592475,0.4828297969753039,0.08585101512348035
4.37,70.57982021964675,3.9691993214580226,16.7,88.18,0.0,79.83,0.0,NGC3972,77.0,1.0,18.0,2.5,0.8559126891882446,0.4292818467345925,0.6410314813570154,11122.772642574655,3.7645753113592475,0.4828297969753039,0.08585101512348035
5.24,89.37376086349163,4.387127058617586,20.91,99.34,0.0,68.87,0.0,NGC3972,77.0,1.0,18.0,2.5,0.8559126891882446,0.4292818467345925,0.6410314813570154,11122.772642574655,3.7645753113592475,0.4828297969753039,0.08585101512348035
6.11,90.15167463396048,4.677386371696964,24.68,106.44,0.0,37.78,0.0,NGC3972,77.0,1.0,18.0,2.5,0.8559126891882446,0.4292818467345925,0.6410314813570154,11122.772642574655,3.7645753113592475,0.4828297969753039,0.08585101512348035
6.98,90.38052560852626,4.686672474337909,28.34,102.6,0.0,19.69,0.0,NGC3972,77.0,1.0,18.0,2.5,0.8559126891882446,0.4292818467345925,0.6410314813570154,11122.772642574655,3.7645753113592475,0.4828297969753039,0.08585101512348035
7.85,91.61758339784035,4.631666269542115,30.6,97.1,0.0,11.87,0.0,NGC3972,77.0,1.0,18.0,2.5,0.8559126891882446,0.4292818467345925,0.6410314813570154,11122.772642574655,3.7645753113592475,0.4828297969753039,0.08585101512348035
8.72,92.12938378791989,4.544511064657609,30.07,92.41,0.0,8.09,0.0,NGC3972,77.0,1.0,18.0,2.5,0.8559126891882446,0.4292818467345925,0.6410314813570154,11122.772642574655,3.7645753113592475,0.4828297969753039,0.08585101512348035
1.17,104.89861095944623,5.511363532016736,2.58,183.66,0.0,2905.87,0.0,NGC0801,80.0,1.0,80.7,8.07,2.193917297086106,0.3595583564276605,0.4679914524605486,12841.289460959128,28.769709124563693,0.23755575181515864,1.3122212409242067
1.56,136.52380741498337,6.3232155545458735,3.43,210.66,0.0,2304.03,0.0,NGC0801,80.0,1.0,80.7,8.07,2.193917297086106,0.3595583564276605,0.4679914524605486,12841.289460959128,28.769709124563693,0.23755575181515864,1.3122212409242067
1.96,132.16500151224145,6.976831152486849,4.28,232.37,0.0,1870.29,0.0,NGC0801,80.0,1.0,80.7,8.07,2.193917297086106,0.3595583564276605,0.4679914524605486,12841.289460959128,28.769709124563693,0.23755575181515864,1.3122212409242067
2.73,164.18849790534748,7.950475840012231,5.96,264.64,0.0,1313.72,0.0,NGC0801,80.0,1.0,80.7,8.07,2.193917297086106,0.3595583564276605,0.4679914524605486,12841.289460959128,28.769709124563693,0.23755575181515864,1.3122212409242067
3.52,157.69005244595957,8.465050519619636,7.61,281.54,0.0,825.59,0.0,NGC0801,80.0,1.0,80.7,8.07,2.193917297086106,0.3595583564276605,0.4679914524605486,12841.289460959128,28.769709124563693,0.23755575181515864,1.3122212409242067
10.59,167.60602230756518,8.256812169581872,23.2,269.17,0.0,159.49,0.0,NGC0801,80.0,1.0,80.7,8.07,2.193917297086106,0.3595583564276605,0.4679914524605486,12841.289460959128,28.769709124563693,0.23755575181515864,1.3122212409242067
17.65,153.15788308301023,7.782307496331177,37.46,243.6,0.0,48.01,0.0,NGC0801,80.0,1.0,80.7,8.07,2.193917297086106,0.3595583564276605,0.4679914524605486,12841.289460959128,28.769709124563693,0.23755575181515864,1.3122212409242067
24.61,151.2311237929116,7.584237909421437,47.21,226.69,0.0,36.25,0.0,NGC0801,80.0,1.0,80.7,8.07,2.193917297086106,0.3595583564276605,0.4679914524605486,12841.289460959128,28.769709124563693,0.23755575181515864,1.3122212409242067
31.67,158.91666683442793,7.726111389232239,59.26,219.45,0.0,15.29,0.0,NGC0801,80.0,1.0,80.7,8.07,2.193917297086106,0.3595583564276605,0.4679914524605486,12841.289460959128,28.769709124563693,0.23755575181515864,1.3122212409242067
38.74,162.18420242256425,7.454606195205674,61.77,202.4,0.0,5.94,0.0,NGC0801,80.0,1.0,80.7,8.07,2.193917297086106,0.3595583564276605,0.4679914524605486,12841.289460959128,28.769709124563693,0.23755575181515864,1.3122212409242067
45.8,141.75529505578905,7.019428388814347,58.45,183.36,0.0,2.13,0.0,NGC0801,80.0,1.0,80.7,8.07,2.193917297086106,0.3595583564276605,0.4679914524605486,12841.289460959128,28.769709124563693,0.23755575181515864,1.3122212409242067
52.86,136.70482576285582,6.793002753181966,58.96,169.7,0.0,1.2,0.0,NGC0801,80.0,1.0,80.7,8.07,2.193917297086106,0.3595583564276605,0.4679914524605486,12841.289460959128,28.769709124563693,0.23755575181515864,1.3122212409242067
59.82,129.18448132493282,6.789666158820545,66.89,158.21,0.0,0.0,0.0,NGC0801,80.0,1.0,80.7,8.07,2.193917297086106,0.3595583564276605,0.4679914524605486,12841.289460959128,28.769709124563693,0.23755575181515864,1.3122212409242067
0.19,207.1230187063803,9.52690278285984,0.96,24.4,233.17,1609.94,5052.7,NGC6946,38.0,2.0,5.52,1.66,1.5196508284750305,0.5718787640046862,0.6614405361230122,6910.310128733319,14.055022819145197,0.36115776581114417,0.6942111709442791
0.56,130.67566993104484,7.252875858281974,2.86,62.52,168.53,1346.02,485.78,NGC6946,38.0,2.0,5.52,1.66,1.5196508284750305,0.5718787640046862,0.6614405361230122,6910.310128733319,14.055022819145197,0.36115776581114417,0.6942111709442791
0.94,129.5714101175177,6.576093766042281,4.5,91.94,137.01,1105.63,4.79,NGC6946,38.0,2.0,5.52,1.66,1.5196508284750305,0.5718787640046862,0.6614405361230122,6910.310128733319,14.055022819145197,0.36115776581114417,0.6942111709442791
1.22,134.1604832045843,6.4248545924678,5.34,109.48,120.39,984.97,0.11,NGC6946,38.0,2.0,5.52,1.66,1.5196508284750305,0.5718787640046862,0.6614405361230122,6910.310128733319,14.055022819145197,0.36115776581114417,0.6942111709442791
1.59,127.36912967508945,6.482117892020298,6.46,127.82,105.47,802.43,0.0,NGC6946,38.0,2.0,5.52,1.66,1.5196508284750305,0.5718787640046862,0.6614405361230122,6910.310128733319,14.055022819145197,0.36115776581114417,0.6942111709442791
1.96,125.41595116076888,6.529419054603858,6.51,138.39,94.99,679.4,0.0,NGC6946,38.0,2.0,5.52,1.66,1.5196508284750305,0.5718787640046862,0.6614405361230122,6910.310128733319,14.055022819145197,0.36115776581114417,0.6942111709442791
2.34,133.22617861139057,6.751057696049961,6.51,151.17,86.94,641.26,0.0,NGC6946,38.0,2.0,5.52,1.66,1.5196508284750305,0.5718787640046862,0.6614405361230122,6910.310128733319,14.055022819145197,0.36115776581114417,0.6942111709442791
2.71,132.88851139845508,7.136842260009023,6.44,166.55,80.79,529.81,0.0,NGC6946,38.0,2.0,5.52,1.66,1.5196508284750305,0.5718787640046862,0.6614405361230122,6910.310128733319,14.055022819145197,0.36115776581114417,0.6942111709442791
2.99,144.92420037200412,7.203366637082943,6.38,170.5,76.91,471.62,0.0,NGC6946,38.0,2.0,5.52,1.66,1.5196508284750305,0.5718787640046862,0.6614405361230122,6910.310128733319,14.055022819145197,0.36115776581114417,0.6942111709442791
3.37,165.1813185348832,7.360869830190987,7.55,177.07,72.44,404.45,0.0,NGC6946,38.0,2.0,5.52,1.66,1.5196508284750305,0.5718787640046862,0.6614405361230122,6910.310128733319,14.055022819145197,0.36115776581114417,0.6942111709442791
3.74,157.40993255139406,7.4442987973129675,10.54,180.71,68.77,348.88,0.0,NGC6946,38.0,2.0,5.52,1.66,1.5196508284750305,0.5718787640046862,0.6614405361230122,6910.310128733319,14.055022819145197,0.36115776581114417,0.6942111709442791
4.12,142.2702294756695,7.531115243125587,12.86,184.13,65.52,319.37,0.0,NGC6946,38.0,2.0,5.52,1.66,1.5196508284750305,0.5718787640046862,0.6614405361230122,6910.310128733319,14.055022819145197,0.36115776581114417,0.6942111709442791
4.4,146.16469576584757,7.6419356038603015,13.54,187.91,63.4,300.02,0.0,NGC6946,38.0,2.0,5.52,1.66,1.5196508284750305,0.5718787640046862,0.6614405361230122,6910.310128733319,14.055022819145197,0.36115776581114417,0.6942111709442791
4.77,152.9246189516427,7.804158955345127,14.41,193.15,60.89,267.87,0.0,NGC6946,38.0,2.0,5.52,1.66,1.5196508284750305,0.5718787640046862,0.6614405361230122,6910.310128733319,14.055022819145197,0.36115776581114417,0.6942111709442791
5.15,167.37208584894523,7.968423632016577,17.51,197.95,58.6,241.97,0.0,NGC6946,38.0,2.0,5.52,1.66,1.5196508284750305,0.5718787640046862,0.6614405361230122,6910.310128733319,14.055022819145197,0.36115776581114417,0.6942111709442791
5.52,157.31181140632324,8.202503055452398,20.8,204.45,56.6,207.99,0.0,NGC6946,38.0,2.0,5.52,1.66,1.5196508284750305,0.5718787640046862,0.6614405361230122,6910.310128733319,14.055022819145197,0.36115776581114417,0.6942111709442791
5.89,158.77420896625082,8.222481191309903,23.41,204.89,54.8,141.7,0.0,NGC6946,38.0,2.0,5.52,1.66,1.5196508284750305,0.5718787640046862,0.6614405361230122,6910.310128733319,14.055022819145197,0.36115776581114417,0.6942111709442791
6.17,169.35023307762398,8.108798892547801,25.15,201.57,53.54,126.19,0.0,NGC6946,38.0,2.0,5.52,1.66,1.5196508284750305,0.5718787640046862,0.6614405361230122,6910.310128733319,14.055022819145197,0.36115776581114417,0.6942111709442791
6.55,168.88704224070236,8.094409512463612,27.66,200.86,51.96,123.94,0.0,NGC6946,38.0,2.0,5.52,1.66,1.5196508284750305,0.5718787640046862,0.6614405361230122,6910.310128733319,14.055022819145197,0.36115776581114417,0.6942111709442791
6.92,159.66967718162152,8.135543123572168,31.15,201.34,50.55,98.46,0.0,NGC6946,38.0,2.0,5.52,1.66,1.5196508284750305,0.5718787640046862,0.6614405361230122,6910.310128733319,14.055022819145197,0.36115776581114417,0.6942111709442791
7.3,152.04802313584483,8.052437138277403,34.05,198.33,49.22,72.51,0.0,NGC6946,38.0,2.0,5.52,1.66,1.5196508284750305,0.5718787640046862,0.6614405361230122,6910.310128733319,14.055022819145197,0.36115776581114417,0.6942111709442791
7.58,146.48869060689637,7.939656617410598,34.92,194.96,48.3,60.13,0.0,NGC6946,38.0,2.0,5.52,1.66,1.5196508284750305,0.5718787640046862,0.6614405361230122,6910.310128733319,14.055022819145197,0.36115776581114417,0.6942111709442791
7.95,149.97356630602363,7.770244525656749,35.89,189.92,47.17,49.35,0.0,NGC6946,38.0,2.0,5.52,1.66,1.5196508284750305,0.5718787640046862,0.6614405361230122,6910.310128733319,14.055022819145197,0.36115776581114417,0.6942111709442791
8.33,135.23655052221446,7.610612031075151,37.34,184.93,46.08,46.41,0.0,NGC6946,38.0,2.0,5.52,1.66,1.5196508284750305,0.5718787640046862,0.6614405361230122,6910.310128733319,14.055022819145197,0.36115776581114417,0.6942111709442791
8.7,156.72373474229568,7.5530166350470545,38.88,182.77,45.09,46.83,0.0,NGC6946,38.0,2.0,5.52,1.66,1.5196508284750305,0.5718787640046862,0.6614405361230122,6910.310128733319,14.055022819145197,0.36115776581114417,0.6942111709442791
9.08,145.3001161049519,7.501308538650386,39.08,181.24,44.13,41.04,0.0,NGC6946,38.0,2.0,5.52,1.66,1.5196508284750305,0.5718787640046862,0.6614405361230122,6910.310128733319,14.055022819145197,0.36115776581114417,0.6942111709442791
9.36,152.4766047084463,7.444676454916991,38.4,179.87,43.47,35.55,0.0,NGC6946,38.0,2.0,5.52,1.66,1.5196508284750305,0.5718787640046862,0.6614405361230122,6910.310128733319,14.055022819145197,0.36115776581114417,0.6942111709442791
9.73,160.582247505172,7.343143488608823,37.72,177.19,42.63,30.1,0.0,NGC6946,38.0,2.0,5.52,1.66,1.5196508284750305,0.5718787640046862,0.6614405361230122,6910.310128733319,14.055022819145197,0.36115776581114417,0.6942111709442791
10.1,153.58098618393936,7.253625717791093,37.43,174.69,41.85,25.97,0.0,NGC6946,38.0,2.0,5.52,1.66,1.5196508284750305,0.5718787640046862,0.6614405361230122,6910.310128733319,14.055022819145197,0.36115776581114417,0.6942111709442791
10.48,134.9154535827766,7.157749414770691,37.14,171.99,41.08,22.33,0.0,NGC6946,38.0,2.0,5.52,1.66,1.5196508284750305,0.5718787640046862,0.6614405361230122,6910.310128733319,14.055022819145197,0.36115776581114417,0.6942111709442791
10.76,147.9459368969962,7.0891835634749185,36.66,170.15,40.54,19.9,0.0,NGC6946,38.0,2.0,5.52,1.66,1.5196508284750305,0.5718787640046862,0.6614405361230122,6910.310128733319,14.055022819145197,0.36115776581114417,0.6942111709442791
11.13,147.89700008679304,6.990169178969708,35.89,167.51,39.86,17.13,0.0,NGC6946,38.0,2.0,5.52,1.66,1.5196508284750305,0.5718787640046862,0.6614405361230122,6910.310128733319,14.055022819145197,0.36115776581114417,0.6942111709442791
11.51,132.98301361722855,6.906901218058621,36.08,164.95,39.2,14.62,0.0,NGC6946,38.0,2.0,5.52,1.66,1.5196508284750305,0.5718787640046862,0.6614405361230122,6910.310128733319,14.055022819145197,0.36115776581114417,0.6942111709442791
11.88,130.0762130763475,6.82932959846021,36.76,162.35,38.58,12.58,0.0,NGC6946,38.0,2.0,5.52,1.66,1.5196508284750305,0.5718787640046862,0.6614405361230122,6910.310128733319,14.055022819145197,0.36115776581114417,0.6942111709442791
12.26,134.46131586776934,6.760142435892057,37.82,159.81,37.98,10.77,0.0,NGC6946,38.0,2.0,5.52,1.66,1.5196508284750305,0.5718787640046862,0.6614405361230122,6910.310128733319,14.055022819145197,0.36115776581114417,0.6942111709442791
12.54,123.54133557330361,6.714722444035089,38.79,158.0,37.55,9.59,0.0,NGC6946,38.0,2.0,5.52,1.66,1.5196508284750305,0.5718787640046862,0.6614405361230122,6910.310128733319,14.055022819145197,0.36115776581114417,0.6942111709442791
12.91,142.94083185452064,6.657472703754397,40.14,155.62,37.01,8.27,0.0,NGC6946,38.0,2.0,5.52,1.66,1.5196508284750305,0.5718787640046862,0.6614405361230122,6910.310128733319,14.055022819145197,0.36115776581114417,0.6942111709442791
13.29,116.28066414334731,6.608870042864924,42.08,153.17,36.48,7.06,0.0,NGC6946,38.0,2.0,5.52,1.66,1.5196508284750305,0.5718787640046862,0.6614405361230122,6910.310128733319,14.055022819145197,0.36115776581114417,0.6942111709442791
13.66,124.09136644546172,6.5680464480553855,44.01,150.89,35.98,6.08,0.0,NGC6946,38.0,2.0,5.52,1.66,1.5196508284750305,0.5718787640046862,0.6614405361230122,6910.310128733319,14.055022819145197,0.36115776581114417,0.6942111709442791
14.03,128.71142166621985,6.5234964528725845,45.46,148.68,35.5,5.22,0.0,NGC6946,38.0,2.0,5.52,1.66,1.5196508284750305,0.5718787640046862,0.6614405361230122,6910.310128733319,14.055022819145197,0.36115776581114417,0.6942111709442791
14.31,128.36938736013937,6.492183926216383,46.53,147.06,35.16,4.65,0.0,NGC6946,38.0,2.0,5.52,1.66,1.5196508284750305,0.5718787640046862,0.6614405361230122,6910.310128733319,14.055022819145197,0.36115776581114417,0.6942111709442791
14.69,129.3455829612037,6.414003099984228,45.94,144.87,34.7,3.99,0.0,NGC6946,38.0,2.0,5.52,1.66,1.5196508284750305,0.5718787640046862,0.6614405361230122,6910.310128733319,14.055022819145197,0.36115776581114417,0.6942111709442791
15.06,128.24552896892817,6.326411678694934,44.59,142.8,34.27,3.42,0.0,NGC6946,38.0,2.0,5.52,1.66,1.5196508284750305,0.5718787640046862,0.6614405361230122,6910.310128733319,14.055022819145197,0.36115776581114417,0.6942111709442791
15.44,123.76528424611676,6.25507214038257,44.01,140.8,33.84,2.94,0.0,NGC6946,38.0,2.0,5.52,1.66,1.5196508284750305,0.5718787640046862,0.6614405361230122,6910.310128733319,14.055022819145197,0.36115776581114417,0.6942111709442791
15.72,131.35305118001776,6.214399282801359,44.2,139.35,33.54,2.61,0.0,NGC6946,38.0,2.0,5.52,1.66,1.5196508284750305,0.5718787640046862,0.6614405361230122,6910.310128733319,14.055022819145197,0.36115776581114417,0.6942111709442791
16.09,107.00361067573049,5.991034338555739,33.85,137.46,33.15,2.25,0.0,NGC6946,38.0,2.0,5.52,1.66,1.5196508284750305,0.5718787640046862,0.6614405361230122,6910.310128733319,14.055022819145197,0.36115776581114417,0.6942111709442791
16.47,118.66745029343326,5.93342132119079,33.85,135.59,32.77,1.93,0.0,NGC6946,38.0,2.0,5.52,1.66,1.5196508284750305,0.5718787640046862,0.6614405361230122,6910.310128733319,14.055022819145197,0.36115776581114417,0.6942111709442791
16.84,113.42063994306119,5.881161306783627,33.85,133.88,32.41,1.65,0.0,NGC6946,38.0,2.0,5.52,1.66,1.5196508284750305,0.5718787640046862,0.6614405361230122,6910.310128733319,14.055022819145197,0.36115776581114417,0.6942111709442791
17.21,117.37415643311463,5.830079627724243,33.85,132.2,32.06,1.42,0.0,NGC6946,38.0,2.0,5.52,1.66,1.5196508284750305,0.5718787640046862,0.6614405361230122,6910.310128733319,14.055022819145197,0.36115776581114417,0.6942111709442791
17.5,117.08584725534195,5.790378214948117,33.85,130.89,31.79,1.26,0.0,NGC6946,38.0,2.0,5.52,1.66,1.5196508284750305,0.5718787640046862,0.6614405361230122,6910.310128733319,14.055022819145197,0.36115776581114417,0.6942111709442791
17.87,109.61529345019291,5.742577051565324,33.85,129.3,31.46,1.09,0.0,NGC6946,38.0,2.0,5.52,1.66,1.5196508284750305,0.5718787640046862,0.6614405361230122,6910.310128733319,14.055022819145197,0.36115776581114417,0.6942111709442791
18.24,110.30495329773403,5.6978492012854245,33.85,127.8,31.14,0.93,0.0,NGC6946,38.0,2.0,5.52,1.66,1.5196508284750305,0.5718787640046862,0.6614405361230122,6910.310128733319,14.055022819145197,0.36115776581114417,0.6942111709442791
18.62,117.54812780075953,5.6533672007874,33.85,126.3,30.82,0.8,0.0,NGC6946,38.0,2.0,5.52,1.66,1.5196508284750305,0.5718787640046862,0.6614405361230122,6910.310128733319,14.055022819145197,0.36115776581114417,0.6942111709442791
18.9,114.37919173134095,5.620859769676365,33.85,125.2,30.59,0.71,0.0,NGC6946,38.0,2.0,5.52,1.66,1.5196508284750305,0.5718787640046862,0.6614405361230122,6910.310128733319,14.055022819145197,0.36115776581114417,0.6942111709442791
19.27,107.87377925890469,5.583600746879081,33.85,123.92,30.3,0.61,0.0,NGC6946,38.0,2.0,5.52,1.66,1.5196508284750305,0.5718787640046862,0.6614405361230122,6910.310128733319,14.055022819145197,0.36115776581114417,0.6942111709442791
19.65,122.31972460601784,5.549924218394137,33.85,122.75,30.0,0.52,0.0,NGC6946,38.0,2.0,5.52,1.66,1.5196508284750305,0.5718787640046862,0.6614405361230122,6910.310128733319,14.055022819145197,0.36115776581114417,0.6942111709442791
20.02,122.71239660858879,5.500534288715329,33.85,121.08,29.72,0.0,0.0,NGC6946,38.0,2.0,5.52,1.66,1.5196508284750305,0.5718787640046862,0.6614405361230122,6910.310128733319,14.055022819145197,0.36115776581114417,0.6942111709442791
20.4,101.10865779280226,5.4542658472327545,33.85,119.5,29.44,0.0,0.0,NGC6946,38.0,2.0,5.52,1.66,1.5196508284750305,0.5718787640046862,0.6614405361230122,6910.310128733319,14.055022819145197,0.36115776581114417,0.6942111709442791
0.09,91.3329329138209,4.516723271100747,-0.75,12.18,80.49,2863.21,29242.18,UGC02953,50.0,4.0,16.5,4.95,2.1131374899484974,0.5359811304651345,1.2473762865783438,12630.333163716592,52.35511761244902,0.2523637651410814,1.238181174294593
0.17,171.40269222602905,8.66022556668055,-0.9,23.29,154.33,2799.34,23293.66,UGC02953,50.0,4.0,16.5,4.95,2.1131374899484974,0.5359811304651345,1.2473762865783438,12630.333163716592,52.35511761244902,0.2523637651410814,1.238181174294593
0.26,222.8597160457485,11.452897948613364,-0.97,35.2,203.79,2729.19,15656.33,UGC02953,50.0,4.0,16.5,4.95,2.1131374899484974,0.5359811304651345,1.2473762865783438,12630.333163716592,52.35511761244902,0.2523637651410814,1.238181174294593
0.34,250.3740689767862,12.653152495832005,-1.0,45.31,224.63,2668.31,11345.04,UGC02953,50.0,4.0,16.5,4.95,2.1131374899484974,0.5359811304651345,1.2473762865783438,12630.333163716592,52.35511761244902,0.2523637651410814,1.238181174294593
0.43,260.0320870185835,13.369760364405508,-1.04,56.16,236.57,2601.44,8539.84,UGC02953,50.0,4.0,16.5,4.95,2.1131374899484974,0.5359811304651345,1.2473762865783438,12630.333163716592,52.35511761244902,0.2523637651410814,1.238181174294593
0.51,286.05399105438397,13.78911808672205,-1.11,65.37,243.18,2543.41,6949.05,UGC02953,50.0,4.0,16.5,4.95,2.1131374899484974,0.5359811304651345,1.2473762865783438,12630.333163716592,52.35511761244902,0.2523637651410814,1.238181174294593
0.6,277.7547790421188,14.16982737854468,-1.21,75.35,248.89,2479.67,5592.32,UGC02953,50.0,4.0,16.5,4.95,2.1131374899484974,0.5359811304651345,1.2473762865783438,12630.333163716592,52.35511761244902,0.2523637651410814,1.238181174294593
0.69,282.53475360371846,14.445367465124964,-1.34,84.97,252.61,2417.53,4572.83,UGC02953,50.0,4.0,16.5,4.95,2.1131374899484974,0.5359811304651345,1.2473762865783438,12630.333163716592,52.35511761244902,0.2523637651410814,1.238181174294593
0.77,275.2617991776673,14.643268015638478,-1.48,93.17,255.01,2363.6,3849.38,UGC02953,50.0,4.0,16.5,4.95,2.1131374899484974,0.5359811304651345,1.2473762865783438,12630.333163716592,52.35511761244902,0.2523637651410814,1.238181174294593
0.86,295.21190374927363,14.797284962586893,-1.64,102.03,256.4,2304.36,3221.94,UGC02953,50.0,4.0,16.5,4.95,2.1131374899484974,0.5359811304651345,1.2473762865783438,12630.333163716592,52.35511761244902,0.2523637651410814,1.238181174294593
0.95,285.0606266088869,14.920048256174411,-1.82,110.51,257.17,2246.61,2765.52,UGC02953,50.0,4.0,16.5,4.95,2.1131374899484974,0.5359811304651345,1.2473762865783438,12630.333163716592,52.35511761244902,0.2523637651410814,1.238181174294593
1.03,298.4731538267104,15.059760403028882,-2.0,117.74,258.4,2196.5,2416.65,UGC02953,50.0,4.0,16.5,4.95,2.1131374899484974,0.5359811304651345,1.2473762865783438,12630.333163716592,52.35511761244902,0.2523637651410814,1.238181174294593
1.11,318.8728060353626,15.154243949929494,-2.17,124.74,258.76,2147.5,2096.14,UGC02953,50.0,4.0,16.5,4.95,2.1131374899484974,0.5359811304651345,1.2473762865783438,12630.333163716592,52.35511761244902,0.2523637651410814,1.238181174294593
1.2,311.1759704533999,15.279245710198783,-2.35,132.45,259.47,2093.68,1752.88,UGC02953,50.0,4.0,16.5,4.95,2.1131374899484974,0.5359811304651345,1.2473762865783438,12630.333163716592,52.35511761244902,0.2523637651410814,1.238181174294593
1.29,315.4169946708495,15.382649127762924,-2.54,139.94,259.74,2041.21,1444.87,UGC02953,50.0,4.0,16.5,4.95,2.1131374899484974,0.5359811304651345,1.2473762865783438,12630.333163716592,52.35511761244902,0.2523637651410814,1.238181174294593
1.38,314.6700888039053,15.458276854503987,-2.73,147.1,259.48,1990.06,1174.7,UGC02953,50.0,4.0,16.5,4.95,2.1131374899484974,0.5359811304651345,1.2473762865783438,12630.333163716592,52.35511761244902,0.2523637651410814,1.238181174294593
1.46,310.8091729667602,15.494613395253062,-2.94,153.23,258.65,1945.67,969.16,UGC02953,50.0,4.0,16.5,4.95,2.1131374899484974,0.5359811304651345,1.2473762865783438,12630.333163716592,52.35511761244902,0.2523637651410814,1.238181174294593
1.55,308.13729387319876,15.505579594424752,-3.15,159.87,257.13,1896.9,770.65,UGC02953,50.0,4.0,16.5,4.95,2.1131374899484974,0.5359811304651345,1.2473762865783438,12630.333163716592,52.35511761244902,0.2523637651410814,1.238181174294593
1.63,305.12275652871455,15.494604606984144,-3.37,165.58,255.36,1854.59,629.73,UGC02953,50.0,4.0,16.5,4.95,2.1131374899484974,0.5359811304651345,1.2473762865783438,12630.333163716592,52.35511761244902,0.2523637651410814,1.238181174294593
1.72,320.92295154636355,15.459373893880448,-3.59,171.83,252.89,1808.11,495.74,UGC02953,50.0,4.0,16.5,4.95,2.1131374899484974,0.5359811304651345,1.2473762865783438,12630.333163716592,52.35511761244902,0.2523637651410814,1.238181174294593
1.8,291.60069386586525,15.415753367874196,-3.81,177.21,250.43,1767.23,402.06,UGC02953,50.0,4.0,16.5,4.95,2.1131374899484974,0.5359811304651345,1.2473762865783438,12630.333163716592,52.35511761244902,0.2523637651410814,1.238181174294593
1.89,327.6146340337026,15.351618611319319,-4.02,183.03,247.35,1719.56,316.59,UGC02953,50.0,4.0,16.5,4.95,2.1131374899484974,0.5359811304651345,1.2473762865783438,12630.333163716592,52.35511761244902,0.2523637651410814,1.238181174294593
1.98,306.08419709821675,15.278177320688627,-4.24,188.55,244.09,1672.1,250.14,UGC02953,50.0,4.0,16.5,4.95,2.1131374899484974,0.5359811304651345,1.2473762865783438,12630.333163716592,52.35511761244902,0.2523637651410814,1.238181174294593
2.07,292.62003549810805,15.200014619007021,-4.48,193.82,240.73,1628.43,196.88,UGC02953,50.0,4.0,16.5,4.95,2.1131374899484974,0.5359811304651345,1.2473762865783438,12630.333163716592,52.35511761244902,0.2523637651410814,1.238181174294593
2.15,295.1606134472918,15.128021287177425,-4.72,198.33,237.68,1591.58,160.14,UGC02953,50.0,4.0,16.5,4.95,2.1131374899484974,0.5359811304651345,1.2473762865783438,12630.333163716592,52.35511761244902,0.2523637651410814,1.238181174294593
2.23,290.9275323184843,15.05601551511792,-4.99,202.68,234.62,1556.82,129.09,UGC02953,50.0,4.0,16.5,4.95,2.1131374899484974,0.5359811304651345,1.2473762865783438,12630.333163716592,52.35511761244902,0.2523637651410814,1.238181174294593
2.32,301.92191464033823,14.976132047798936,-5.25,207.44,231.17,1520.1,101.99,UGC02953,50.0,4.0,16.5,4.95,2.1131374899484974,0.5359811304651345,1.2473762865783438,12630.333163716592,52.35511761244902,0.2523637651410814,1.238181174294593
2.4,287.45778885629113,14.907968518227575,-5.52,211.55,228.14,1490.64,82.62,UGC02953,50.0,4.0,16.5,4.95,2.1131374899484974,0.5359811304651345,1.2473762865783438,12630.333163716592,52.35511761244902,0.2523637651410814,1.238181174294593
2.49,313.64769176932646,14.835197493589007,-5.8,216.16,224.74,1462.65,65.01,UGC02953,50.0,4.0,16.5,4.95,2.1131374899484974,0.5359811304651345,1.2473762865783438,12630.333163716592,52.35511761244902,0.2523637651410814,1.238181174294593
2.58,283.87291962694115,14.770922427664187,-6.06,220.83,221.41,1439.08,51.48,UGC02953,50.0,4.0,16.5,4.95,2.1131374899484974,0.5359811304651345,1.2473762865783438,12630.333163716592,52.35511761244902,0.2523637651410814,1.238181174294593
2.67,260.9084622200774,14.717742771754175,-6.31,225.64,218.17,1415.29,40.48,UGC02953,50.0,4.0,16.5,4.95,2.1131374899484974,0.5359811304651345,1.2473762865783438,12630.333163716592,52.35511761244902,0.2523637651410814,1.238181174294593
2.75,282.8476524302556,14.678895132344032,-6.56,230.0,215.36,1394.11,32.75,UGC02953,50.0,4.0,16.5,4.95,2.1131374899484974,0.5359811304651345,1.2473762865783438,12630.333163716592,52.35511761244902,0.2523637651410814,1.238181174294593
2.83,263.5347494303475,14.647753637641365,-6.82,234.46,212.6,1373.66,26.62,UGC02953,50.0,4.0,16.5,4.95,2.1131374899484974,0.5359811304651345,1.2473762865783438,12630.333163716592,52.35511761244902,0.2523637651410814,1.238181174294593
2.92,291.8607547935052,14.622186227562873,-7.07,239.57,209.57,1344.19,20.95,UGC02953,50.0,4.0,16.5,4.95,2.1131374899484974,0.5359811304651345,1.2473762865783438,12630.333163716592,52.35511761244902,0.2523637651410814,1.238181174294593
3.0,307.53843520630784,14.603548514245606,-7.31,243.97,206.96,1311.28,16.93,UGC02953,50.0,4.0,16.5,4.95,2.1131374899484974,0.5359811304651345,1.2473762865783438,12630.333163716592,52.35511761244902,0.2523637651410814,1.238181174294593
3.09,301.16897341575594,14.58603627362426,-7.55,248.68,204.14,1269.31,13.39,UGC02953,50.0,4.0,16.5,4.95,2.1131374899484974,0.5359811304651345,1.2473762865783438,12630.333163716592,52.35511761244902,0.2523637651410814,1.238181174294593
3.18,271.8556057373462,14.567014577747756,-7.78,252.98,201.42,1224.91,10.58,UGC02953,50.0,4.0,16.5,4.95,2.1131374899484974,0.5359811304651345,1.2473762865783438,12630.333163716592,52.35511761244902,0.2523637651410814,1.238181174294593
3.27,279.8396235014574,14.546384079696125,-8.0,256.93,198.78,1182.82,8.31,UGC02953,50.0,4.0,16.5,4.95,2.1131374899484974,0.5359811304651345,1.2473762865783438,12630.333163716592,52.35511761244902,0.2523637651410814,1.238181174294593
3.35,316.35466633878025,14.525918984868424,-8.21,260.17,196.48,1144.53,6.73,UGC02953,50.0,4.0,16.5,4.95,2.1131374899484974,0.5359811304651345,1.2473762865783438,12630.333163716592,52.35511761244902,0.2523637651410814,1.238181174294593
3.43,294.6951125985144,14.50377474364749,-8.4,263.1,194.27,1105.43,5.47,UGC02953,50.0,4.0,16.5,4.95,2.1131374899484974,0.5359811304651345,1.2473762865783438,12630.333163716592,52.35511761244902,0.2523637651410814,1.238181174294593
4.21,284.873105244578,14.24072260426421,-9.93,282.25,175.61,838.68,0.7,UGC02953,50.0,4.0,16.5,4.95,2.1131374899484974,0.5359811304651345,1.2473762865783438,12630.333163716592,52.35511761244902,0.2523637651410814,1.238181174294593
4.29,299.3422818282558,14.216441509817002,-10.07,283.7,173.97,817.02,0.56,UGC02953,50.0,4.0,16.5,4.95,2.1131374899484974,0.5359811304651345,1.2473762865783438,12630.333163716592,52.35511761244902,0.2523637651410814,1.238181174294593
4.38,318.54186362993016,14.187214908434811,-10.2,285.12,172.2,793.56,0.44,UGC02953,50.0,4.0,16.5,4.95,2.1131374899484974,0.5359811304651345,1.2473762865783438,12630.333163716592,52.35511761244902,0.2523637651410814,1.238181174294593
4.47,301.5504785908501,14.159577442832623,-10.32,286.54,170.45,771.06,0.35,UGC02953,50.0,4.0,16.5,4.95,2.1131374899484974,0.5359811304651345,1.2473762865783438,12630.333163716592,52.35511761244902,0.2523637651410814,1.238181174294593
4.8,283.1903884527626,14.06150004209686,-10.66,290.98,164.51,698.48,0.15,UGC02953,50.0,4.0,16.5,4.95,2.1131374899484974,0.5359811304651345,1.2473762865783438,12630.333163716592,52.35511761244902,0.2523637651410814,1.238181174294593
5.25,284.3799102304252,13.971224111698582,-10.87,296.92,157.31,618.22,0.04,UGC02953,50.0,4.0,16.5,4.95,2.1131374899484974,0.5359811304651345,1.2473762865783438,12630.333163716592,52.35511761244902,0.2523637651410814,1.238181174294593
5.32,287.81158249779406,13.959861697875454,-10.98,297.8,156.27,605.44,0.04,UGC02953,50.0,4.0,16.5,4.95,2.1131374899484974,0.5359811304651345,1.2473762865783438,12630.333163716592,52.35511761244902,0.2523637651410814,1.238181174294593
5.41,270.3211914448102,13.943208723305313,-10.98,298.79,154.97,589.09,0.03,UGC02953,50.0,4.0,16.5,4.95,2.1131374899484974,0.5359811304651345,1.2473762865783438,12630.333163716592,52.35511761244902,0.2523637651410814,1.238181174294593
5.5,263.7480529822083,13.924510151376092,-10.87,299.65,153.7,572.85,0.02,UGC02953,50.0,4.0,16.5,4.95,2.1131374899484974,0.5359811304651345,1.2473762865783438,12630.333163716592,52.35511761244902,0.2523637651410814,1.238181174294593
5.58,278.8078271546937,13.903928941241208,-10.87,300.25,152.59,558.57,0.02,UGC02953,50.0,4.0,16.5,4.95,2.1131374899484974,0.5359811304651345,1.2473762865783438,12630.333163716592,52.35511761244902,0.2523637651410814,1.238181174294593
5.67,264.3201554327359,13.873042871365847,-10.87,300.59,151.39,543.65,0.01,UGC02953,50.0,4.0,16.5,4.95,2.1131374899484974,0.5359811304651345,1.2473762865783438,12630.333163716592,52.35511761244902,0.2523637651410814,1.238181174294593
5.76,276.1429062528654,13.849707137824167,-10.77,301.15,150.21,529.17,0.01,UGC02953,50.0,4.0,16.5,4.95,2.1131374899484974,0.5359811304651345,1.2473762865783438,12630.333163716592,52.35511761244902,0.2523637651410814,1.238181174294593
6.0,277.0776147582832,13.787615362768612,-10.56,302.48,147.17,492.68,0.01,UGC02953,50.0,4.0,16.5,4.95,2.1131374899484974,0.5359811304651345,1.2473762865783438,12630.333163716592,52.35511761244902,0.2523637651410814,1.238181174294593
6.18,306.9429449943952,13.738974630947244,-10.25,303.22,145.01,468.31,0.0,UGC02953,50.0,4.0,16.5,4.95,2.1131374899484974,0.5359811304651345,1.2473762865783438,12630.333163716592,52.35511761244902,0.2523637651410814,1.238181174294593
6.27,262.64052788845436,13.715662102369354,-10.11,303.58,143.96,458.48,0.0,UGC02953,50.0,4.0,16.5,4.95,2.1131374899484974,0.5359811304651345,1.2473762865783438,12630.333163716592,52.35511761244902,0.2523637651410814,1.238181174294593
6.36,272.2220762194245,13.69449571129921,-9.94,303.97,142.94,449.61,0.0,UGC02953,50.0,4.0,16.5,4.95,2.1131374899484974,0.5359811304651345,1.2473762865783438,12630.333163716592,52.35511761244902,0.2523637651410814,1.238181174294593
6.45,271.2606687676754,13.675378649800008,-9.76,304.41,141.93,441.7,0.0,UGC02953,50.0,4.0,16.5,4.95,2.1131374899484974,0.5359811304651345,1.2473762865783438,12630.333163716592,52.35511761244902,0.2523637651410814,1.238181174294593
6.53,279.1811234059271,13.6603650930492,-9.58,304.83,141.06,435.47,0.0,UGC02953,50.0,4.0,16.5,4.95,2.1131374899484974,0.5359811304651345,1.2473762865783438,12630.333163716592,52.35511761244902,0.2523637651410814,1.238181174294593
6.61,287.2581318348958,13.64859097830363,-9.37,305.34,140.2,430.01,0.0,UGC02953,50.0,4.0,16.5,4.95,2.1131374899484974,0.5359811304651345,1.2473762865783438,12630.333163716592,52.35511761244902,0.2523637651410814,1.238181174294593
6.7,266.10788125075277,13.639901392376391,-9.15,306.03,139.26,424.77,0.0,UGC02953,50.0,4.0,16.5,4.95,2.1131374899484974,0.5359811304651345,1.2473762865783438,12630.333163716592,52.35511761244902,0.2523637651410814,1.238181174294593
6.79,261.52676076898626,13.636350235924295,-8.91,306.85,138.35,417.48,0.0,UGC02953,50.0,4.0,16.5,4.95,2.1131374899484974,0.5359811304651345,1.2473762865783438,12630.333163716592,52.35511761244902,0.2523637651410814,1.238181174294593
6.87,250.07898381196165,13.621386894689557,-8.64,307.19,137.53,408.19,0.0,UGC02953,50.0,4.0,16.5,4.95,2.1131374899484974,0.5359811304651345,1.2473762865783438,12630.333163716592,52.35511761244902,0.2523637651410814,1.238181174294593
6.96,259.7244972860529,13.616822998994502,-8.36,307.95,136.63,397.12,0.0,UGC02953,50.0,4.0,16.5,4.95,2.1131374899484974,0.5359811304651345,1.2473762865783438,12630.333163716592,52.35511761244902,0.2523637651410814,1.238181174294593
7.05,279.5158156901732,13.61072339368372,-8.05,308.63,135.75,385.39,0.0,UGC02953,50.0,4.0,16.5,4.95,2.1131374899484974,0.5359811304651345,1.2473762865783438,12630.333163716592,52.35511761244902,0.2523637651410814,1.238181174294593
7.2,272.46266051059956,13.592111042468918,-7.43,309.44,134.31,364.37,0.0,UGC02953,50.0,4.0,16.5,4.95,2.1131374899484974,0.5359811304651345,1.2473762865783438,12630.333163716592,52.35511761244902,0.2523637651410814,1.238181174294593
7.39,257.23253348297715,13.54956091247795,-6.59,309.73,132.58,335.1,0.0,UGC02953,50.0,4.0,16.5,4.95,2.1131374899484974,0.5359811304651345,1.2473762865783438,12630.333163716592,52.35511761244902,0.2523637651410814,1.238181174294593
7.47,265.40414797557037,13.522239962133884,-6.16,309.53,131.86,325.32,0.0,UGC02953,50.0,4.0,16.5,4.95,2.1131374899484974,0.5359811304651345,1.2473762865783438,12630.333163716592,52.35511761244902,0.2523637651410814,1.238181174294593
7.99,267.11034548190577,13.33453342038792,-2.38,307.52,127.53,288.76,0.0,UGC02953,50.0,4.0,16.5,4.95,2.1131374899484974,0.5359811304651345,1.2473762865783438,12630.333163716592,52.35511761244902,0.2523637651410814,1.238181174294593
8.08,272.8753311134595,13.308603398621736,-0.67,307.34,126.82,285.24,0.0,UGC02953,50.0,4.0,16.5,4.95,2.1131374899484974,0.5359811304651345,1.2473762865783438,12630.333163716592,52.35511761244902,0.2523637651410814,1.238181174294593
8.16,257.79266959461364,13.283758854156957,2.0,307.11,126.2,282.8,0.0,UGC02953,50.0,4.0,16.5,4.95,2.1131374899484974,0.5359811304651345,1.2473762865783438,12630.333163716592,52.35511761244902,0.2523637651410814,1.238181174294593
8.25,262.02699983942136,13.267485483443501,2.92,307.22,125.51,276.89,0.0,UGC02953,50.0,4.0,16.5,4.95,2.1131374899484974,0.5359811304651345,1.2473762865783438,12630.333163716592,52.35511761244902,0.2523637651410814,1.238181174294593
8.34,240.92770729711822,13.251208230070063,3.49,307.32,124.83,270.93,0.0,UGC02953,50.0,4.0,16.5,4.95,2.1131374899484974,0.5359811304651345,1.2473762865783438,12630.333163716592,52.35511761244902,0.2523637651410814,1.238181174294593
8.4,249.54991253241917,13.239695497722526,3.85,307.36,124.38,266.95,0.0,UGC02953,50.0,4.0,16.5,4.95,2.1131374899484974,0.5359811304651345,1.2473762865783438,12630.333163716592,52.35511761244902,0.2523637651410814,1.238181174294593
9.59,279.6634040554766,12.936769475440332,7.94,304.71,116.41,195.24,0.0,UGC02953,50.0,4.0,16.5,4.95,2.1131374899484974,0.5359811304651345,1.2473762865783438,12630.333163716592,52.35511761244902,0.2523637651410814,1.238181174294593
10.8,224.63195600362607,12.611370428873231,12.02,299.89,109.7,155.37,0.0,UGC02953,50.0,4.0,16.5,4.95,2.1131374899484974,0.5359811304651345,1.2473762865783438,12630.333163716592,52.35511761244902,0.2523637651410814,1.238181174294593
12.02,244.7087930760235,12.445648241051801,17.77,298.77,103.98,118.88,0.0,UGC02953,50.0,4.0,16.5,4.95,2.1131374899484974,0.5359811304651345,1.2473762865783438,12630.333163716592,52.35511761244902,0.2523637651410814,1.238181174294593
13.22,247.43886204402494,12.237817703617708,22.79,295.36,99.15,82.4,0.0,UGC02953,50.0,4.0,16.5,4.95,2.1131374899484974,0.5359811304651345,1.2473762865783438,12630.333163716592,52.35511761244902,0.2523637651410814,1.238181174294593
14.42,233.34793226369095,11.889946233152534,24.88,287.38,94.93,50.37,0.0,UGC02953,50.0,4.0,16.5,4.95,2.1131374899484974,0.5359811304651345,1.2473762865783438,12630.333163716592,52.35511761244902,0.2523637651410814,1.238181174294593
15.63,218.66525522933108,11.393656210733722,24.46,274.79,91.19,30.81,0.0,UGC02953,50.0,4.0,16.5,4.95,2.1131374899484974,0.5359811304651345,1.2473762865783438,12630.333163716592,52.35511761244902,0.2523637651410814,1.238181174294593
16.83,217.55731323798378,10.911187628245994,24.25,262.23,87.87,22.51,0.0,UGC02953,50.0,4.0,16.5,4.95,2.1131374899484974,0.5359811304651345,1.2473762865783438,12630.333163716592,52.35511761244902,0.2523637651410814,1.238181174294593
18.03,211.46247029626082,10.575749156850598,25.92,253.58,84.9,18.71,0.0,UGC02953,50.0,4.0,16.5,4.95,2.1131374899484974,0.5359811304651345,1.2473762865783438,12630.333163716592,52.35511761244902,0.2523637651410814,1.238181174294593
19.23,204.61678206674156,10.273018785511221,28.33,245.5,82.21,12.92,0.0,UGC02953,50.0,4.0,16.5,4.95,2.1131374899484974,0.5359811304651345,1.2473762865783438,12630.333163716592,52.35511761244902,0.2523637651410814,1.238181174294593
20.43,180.85400809248353,9.979645467588789,31.05,237.34,79.76,9.23,0.0,UGC02953,50.0,4.0,16.5,4.95,2.1131374899484974,0.5359811304651345,1.2473762865783438,12630.333163716592,52.35511761244902,0.2523637651410814,1.238181174294593
21.64,192.7206268307032,9.707577951974201,33.56,229.62,77.5,6.57,0.0,UGC02953,50.0,4.0,16.5,4.95,2.1131374899484974,0.5359811304651345,1.2473762865783438,12630.333163716592,52.35511761244902,0.2523637651410814,1.238181174294593
22.84,180.9579806284329,9.452026418388392,34.91,222.49,75.43,4.66,0.0,UGC02953,50.0,4.0,16.5,4.95,2.1131374899484974,0.5359811304651345,1.2473762865783438,12630.333163716592,52.35511761244902,0.2523637651410814,1.238181174294593
24.04,179.00404502586113,9.202221596101493,34.6,215.84,73.53,3.32,0.0,UGC02953,50.0,4.0,16.5,4.95,2.1131374899484974,0.5359811304651345,1.2473762865783438,12630.333163716592,52.35511761244902,0.2523637651410814,1.238181174294593
25.24,181.17505541262986,8.957100976908526,32.72,209.67,71.76,2.37,0.0,UGC02953,50.0,4.0,16.5,4.95,2.1131374899484974,0.5359811304651345,1.2473762865783438,12630.333163716592,52.35511761244902,0.2523637651410814,1.238181174294593
26.44,180.22509260472776,8.731527592044525,31.05,203.93,70.11,1.69,0.0,UGC02953,50.0,4.0,16.5,4.95,2.1131374899484974,0.5359811304651345,1.2473762865783438,12630.333163716592,52.35511761244902,0.2523637651410814,1.238181174294593
27.65,178.28218942009673,8.531563818118501,30.52,198.57,68.56,1.2,0.0,UGC02953,50.0,4.0,16.5,4.95,2.1131374899484974,0.5359811304651345,1.2473762865783438,12630.333163716592,52.35511761244902,0.2523637651410814,1.238181174294593
28.85,162.85257160581233,8.349878003547712,30.21,193.62,67.12,0.86,0.0,UGC02953,50.0,4.0,16.5,4.95,2.1131374899484974,0.5359811304651345,1.2473762865783438,12630.333163716592,52.35511761244902,0.2523637651410814,1.238181174294593
30.05,171.21712973525777,8.182809549507068,30.0,189.02,65.76,0.61,0.0,UGC02953,50.0,4.0,16.5,4.95,2.1131374899484974,0.5359811304651345,1.2473762865783438,12630.333163716592,52.35511761244902,0.2523637651410814,1.238181174294593
31.25,170.17827533997416,8.037237424434002,30.73,184.73,64.49,0.43,0.0,UGC02953,50.0,4.0,16.5,4.95,2.1131374899484974,0.5359811304651345,1.2473762865783438,12630.333163716592,52.35511761244902,0.2523637651410814,1.238181174294593
32.34,167.3930405532106,7.919567963021045,31.88,181.07,63.39,0.32,0.0,UGC02953,50.0,4.0,16.5,4.95,2.1131374899484974,0.5359811304651345,1.2473762865783438,12630.333163716592,52.35511761244902,0.2523637651410814,1.238181174294593
33.55,166.82666574245323,7.79936772664787,33.03,177.28,62.24,0.23,0.0,UGC02953,50.0,4.0,16.5,4.95,2.1131374899484974,0.5359811304651345,1.2473762865783438,12630.333163716592,52.35511761244902,0.2523637651410814,1.238181174294593
34.75,152.5203173795472,7.681972317860643,33.45,173.75,61.15,0.16,0.0,UGC02953,50.0,4.0,16.5,4.95,2.1131374899484974,0.5359811304651345,1.2473762865783438,12630.333163716592,52.35511761244902,0.2523637651410814,1.238181174294593
35.95,150.01967732340069,7.566865505246554,33.24,170.44,60.13,0.12,0.0,UGC02953,50.0,4.0,16.5,4.95,2.1131374899484974,0.5359811304651345,1.2473762865783438,12630.333163716592,52.35511761244902,0.2523637651410814,1.238181174294593
37.15,155.31214696971224,7.457948055684366,32.93,167.32,59.15,0.08,0.0,UGC02953,50.0,4.0,16.5,4.95,2.1131374899484974,0.5359811304651345,1.2473762865783438,12630.333163716592,52.35511761244902,0.2523637651410814,1.238181174294593
38.35,137.10825550556325,7.3581685899253815,32.82,164.38,58.21,0.06,0.0,UGC02953,50.0,4.0,16.5,4.95,2.1131374899484974,0.5359811304651345,1.2473762865783438,12630.333163716592,52.35511761244902,0.2523637651410814,1.238181174294593
39.56,146.87709458368394,7.267750822655575,33.03,161.57,57.32,0.04,0.0,UGC02953,50.0,4.0,16.5,4.95,2.1131374899484974,0.5359811304651345,1.2473762865783438,12630.333163716592,52.35511761244902,0.2523637651410814,1.238181174294593
40.76,139.98918589159226,7.190200573056636,33.76,158.94,56.47,0.03,0.0,UGC02953,50.0,4.0,16.5,4.95,2.1131374899484974,0.5359811304651345,1.2473762865783438,12630.333163716592,52.35511761244902,0.2523637651410814,1.238181174294593
41.96,139.68883031575038,7.115650210150682,34.29,156.44,55.65,0.02,0.0,UGC02953,50.0,4.0,16.5,4.95,2.1131374899484974,0.5359811304651345,1.2473762865783438,12630.333163716592,52.35511761244902,0.2523637651410814,1.238181174294593
43.16,128.53546736909874,7.039766085873713,34.29,154.06,54.87,0.02,0.0,UGC02953,50.0,4.0,16.5,4.95,2.1131374899484974,0.5359811304651345,1.2473762865783438,12630.333163716592,52.35511761244902,0.2523637651410814,1.238181174294593
44.36,133.11440854957485,6.96589220958289,34.08,151.79,54.13,0.01,0.0,UGC02953,50.0,4.0,16.5,4.95,2.1131374899484974,0.5359811304651345,1.2473762865783438,12630.333163716592,52.35511761244902,0.2523637651410814,1.238181174294593
45.57,137.89358747383923,6.901751574186557,34.39,149.61,53.4,0.01,0.0,UGC02953,50.0,4.0,16.5,4.95,2.1131374899484974,0.5359811304651345,1.2473762865783438,12630.333163716592,52.35511761244902,0.2523637651410814,1.238181174294593
46.77,142.95002931076527,6.843495213329416,34.81,147.54,52.71,0.01,0.0,UGC02953,50.0,4.0,16.5,4.95,2.1131374899484974,0.5359811304651345,1.2473762865783438,12630.333163716592,52.35511761244902,0.2523637651410814,1.238181174294593
47.97,142.38786498116167,6.783596217691938,34.81,145.56,52.05,0.0,0.0,UGC02953,50.0,4.0,16.5,4.95,2.1131374899484974,0.5359811304651345,1.2473762865783438,12630.333163716592,52.35511761244902,0.2523637651410814,1.238181174294593
49.17,133.94636509157576,6.724325322071174,34.6,143.67,51.41,0.0,0.0,UGC02953,50.0,4.0,16.5,4.95,2.1131374899484974,0.5359811304651345,1.2473762865783438,12630.333163716592,52.35511761244902,0.2523637651410814,1.238181174294593
50.37,132.1410709874733,6.670182948005902,34.6,141.84,50.79,0.0,0.0,UGC02953,50.0,4.0,16.5,4.95,2.1131374899484974,0.5359811304651345,1.2473762865783438,12630.333163716592,52.35511761244902,0.2523637651410814,1.238181174294593
51.58,126.8941385862936,6.619647082141082,34.6,140.1,50.2,0.0,0.0,UGC02953,50.0,4.0,16.5,4.95,2.1131374899484974,0.5359811304651345,1.2473762865783438,12630.333163716592,52.35511761244902,0.2523637651410814,1.238181174294593
52.78,133.94886236987625,6.565362309482682,34.18,138.41,49.62,0.0,0.0,UGC02953,50.0,4.0,16.5,4.95,2.1131374899484974,0.5359811304651345,1.2473762865783438,12630.333163716592,52.35511761244902,0.2523637651410814,1.238181174294593
53.98,128.61479952713572,6.51134324339772,33.56,136.79,49.07,0.0,0.0,UGC02953,50.0,4.0,16.5,4.95,2.1131374899484974,0.5359811304651345,1.2473762865783438,12630.333163716592,52.35511761244902,0.2523637651410814,1.238181174294593
55.18,133.1493087205048,6.461712840695345,33.14,135.22,48.53,0.0,0.0,UGC02953,50.0,4.0,16.5,4.95,2.1131374899484974,0.5359811304651345,1.2473762865783438,12630.333163716592,52.35511761244902,0.2523637651410814,1.238181174294593
57.59,138.6444430733857,6.373962825130738,32.72,132.24,47.5,0.0,0.0,UGC02953,50.0,4.0,16.5,4.95,2.1131374899484974,0.5359811304651345,1.2473762865783438,12630.333163716592,52.35511761244902,0.2523637651410814,1.238181174294593
59.99,125.43786013652478,6.282062081396302,31.36,129.47,46.54,0.0,0.0,UGC02953,50.0,4.0,16.5,4.95,2.1131374899484974,0.5359811304651345,1.2473762865783438,12630.333163716592,52.35511761244902,0.2523637651410814,1.238181174294593
62.39,114.77605413983537,6.203223964899039,30.52,126.87,45.64,0.0,0.0,UGC02953,50.0,4.0,16.5,4.95,2.1131374899484974,0.5359811304651345,1.2473762865783438,12630.333163716592,52.35511761244902,0.2523637651410814,1.238181174294593
2.67,228.1491971774519,11.279628074466153,-12.02,317.9,136.84,2029.41,0.0,NGC7331,75.0,2.0,14.7,1.5,2.098004791250703,0.4100954586936486,0.500360820348875,6609.5175406218295,9.680667015458807,0.25513779013463433,1.2243110493268283
3.21,219.58590544654183,11.882466348694315,-12.52,344.05,124.77,1695.43,0.0,NGC7331,75.0,2.0,14.7,1.5,2.098004791250703,0.4100954586936486,0.500360820348875,6609.5175406218295,9.680667015458807,0.25513779013463433,1.2243110493268283
3.74,256.50499801371933,12.419365075921304,-12.91,365.51,115.63,1209.56,0.0,NGC7331,75.0,2.0,14.7,1.5,2.098004791250703,0.4100954586936486,0.500360820348875,6609.5175406218295,9.680667015458807,0.25513779013463433,1.2243110493268283
4.27,264.6429256248428,12.44770739896507,-12.71,368.89,108.22,879.42,0.0,NGC7331,75.0,2.0,14.7,1.5,2.098004791250703,0.4100954586936486,0.500360820348875,6609.5175406218295,9.680667015458807,0.25513779013463433,1.2243110493268283
4.81,242.7452411014341,12.35965838463312,-11.52,367.77,101.96,718.98,0.0,NGC7331,75.0,2.0,14.7,1.5,2.098004791250703,0.4100954586936486,0.500360820348875,6609.5175406218295,9.680667015458807,0.25513779013463433,1.2243110493268283
5.35,240.12782601916,12.426397856687553,-9.56,371.23,96.68,558.39,0.0,NGC7331,75.0,2.0,14.7,1.5,2.098004791250703,0.4100954586936486,0.500360820348875,6609.5175406218295,9.680667015458807,0.25513779013463433,1.2243110493268283
5.88,240.06681145928755,12.20929782146708,-6.26,365.05,92.22,415.53,0.0,NGC7331,75.0,2.0,14.7,1.5,2.098004791250703,0.4100954586936486,0.500360820348875,6609.5175406218295,9.680667015458807,0.25513779013463433,1.2243110493268283
6.41,244.17858511271731,12.037629864265861,4.8,360.1,88.33,334.62,0.0,NGC7331,75.0,2.0,14.7,1.5,2.098004791250703,0.4100954586936486,0.500360820348875,6609.5175406218295,9.680667015458807,0.25513779013463433,1.2243110493268283
7.48,238.71888100773612,11.565853984763198,12.22,345.54,81.76,196.95,0.0,NGC7331,75.0,2.0,14.7,1.5,2.098004791250703,0.4100954586936486,0.500360820348875,6609.5175406218295,9.680667015458807,0.25513779013463433,1.2243110493268283
8.55,230.94255565588597,10.902662238880785,16.59,324.23,76.48,125.71,0.0,NGC7331,75.0,2.0,14.7,1.5,2.098004791250703,0.4100954586936486,0.500360820348875,6609.5175406218295,9.680667015458807,0.25513779013463433,1.2243110493268283
9.62,223.11649093944973,10.51817184082028,22.45,311.29,72.1,108.76,0.0,NGC7331,75.0,2.0,14.7,1.5,2.098004791250703,0.4100954586936486,0.500360820348875,6609.5175406218295,9.680667015458807,0.25513779013463433,1.2243110493268283
10.66,216.05435520539265,10.198264652079049,28.21,299.93,68.49,79.7,0.0,NGC7331,75.0,2.0,14.7,1.5,2.098004791250703,0.4100954586936486,0.500360820348875,6609.5175406218295,9.680667015458807,0.25513779013463433,1.2243110493268283
11.74,211.3577628525514,9.894136326993276,33.77,288.64,65.26,68.87,0.0,NGC7331,75.0,2.0,14.7,1.5,2.098004791250703,0.4100954586936486,0.500360820348875,6609.5175406218295,9.680667015458807,0.25513779013463433,1.2243110493268283
12.83,200.25375761853138,9.692173616594532,38.94,280.42,62.43,55.08,0.0,NGC7331,75.0,2.0,14.7,1.5,2.098004791250703,0.4100954586936486,0.500360820348875,6609.5175406218295,9.680667015458807,0.25513779013463433,1.2243110493268283
13.91,175.29178386955928,9.491087630250142,43.31,272.13,59.96,43.42,0.0,NGC7331,75.0,2.0,14.7,1.5,2.098004791250703,0.4100954586936486,0.500360820348875,6609.5175406218295,9.680667015458807,0.25513779013463433,1.2243110493268283
15.0,184.19707545551168,9.270559355936106,45.59,263.74,57.74,35.37,0.0,NGC7331,75.0,2.0,14.7,1.5,2.098004791250703,0.4100954586936486,0.500360820348875,6609.5175406218295,9.680667015458807,0.25513779013463433,1.2243110493268283
16.08,184.45327711984132,9.08014171883853,47.38,256.44,55.77,30.67,0.0,NGC7331,75.0,2.0,14.7,1.5,2.098004791250703,0.4100954586936486,0.500360820348875,6609.5175406218295,9.680667015458807,0.25513779013463433,1.2243110493268283
17.07,175.55968329072482,8.949422097648718,49.66,250.86,54.12,27.32,0.0,NGC7331,75.0,2.0,14.7,1.5,2.098004791250703,0.4100954586936486,0.500360820348875,6609.5175406218295,9.680667015458807,0.25513779013463433,1.2243110493268283
18.15,185.47102997511556,8.869433137583277,53.93,245.89,52.49,23.83,0.0,NGC7331,75.0,2.0,14.7,1.5,2.098004791250703,0.4100954586936486,0.500360820348875,6609.5175406218295,9.680667015458807,0.25513779013463433,1.2243110493268283
19.24,173.20828595459702,8.819255245922431,57.71,242.0,50.98,19.98,0.0,NGC7331,75.0,2.0,14.7,1.5,2.098004791250703,0.4100954586936486,0.500360820348875,6609.5175406218295,9.680667015458807,0.25513779013463433,1.2243110493268283
20.32,166.64857081193026,8.736833420093474,60.09,237.62,49.61,14.17,0.0,NGC7331,75.0,2.0,14.7,1.5,2.098004791250703,0.4100954586936486,0.500360820348875,6609.5175406218295,9.680667015458807,0.25513779013463433,1.2243110493268283
21.41,184.09793678932778,8.584936107920496,61.78,231.06,48.33,9.38,0.0,NGC7331,75.0,2.0,14.7,1.5,2.098004791250703,0.4100954586936486,0.500360820348875,6609.5175406218295,9.680667015458807,0.25513779013463433,1.2243110493268283
22.49,174.41755135683627,8.439829429149615,63.67,224.49,47.15,7.57,0.0,NGC7331,75.0,2.0,14.7,1.5,2.098004791250703,0.4100954586936486,0.500360820348875,6609.5175406218295,9.680667015458807,0.25513779013463433,1.2243110493268283
23.48,168.29053756459803,8.323281331782022,64.56,219.56,46.15,6.48,0.0,NGC7331,75.0,2.0,14.7,1.5,2.098004791250703,0.4100954586936486,0.500360820348875,6609.5175406218295,9.680667015458807,0.25513779013463433,1.2243110493268283
24.57,170.59578501902138,8.152059852002305,62.97,214.35,45.11,5.34,0.0,NGC7331,75.0,2.0,14.7,1.5,2.098004791250703,0.4100954586936486,0.500360820348875,6609.5175406218295,9.680667015458807,0.25513779013463433,1.2243110493268283
25.65,168.47713561527584,7.998901447511286,61.48,209.72,44.15,4.39,0.0,NGC7331,75.0,2.0,14.7,1.5,2.098004791250703,0.4100954586936486,0.500360820348875,6609.5175406218295,9.680667015458807,0.25513779013463433,1.2243110493268283
26.74,159.97726456480876,7.864755072035772,60.79,205.21,43.24,3.53,0.0,NGC7331,75.0,2.0,14.7,1.5,2.098004791250703,0.4100954586936486,0.500360820348875,6609.5175406218295,9.680667015458807,0.25513779013463433,1.2243110493268283
27.82,135.5009541331869,7.724224082593564,59.4,200.95,42.4,2.83,0.0,NGC7331,75.0,2.0,14.7,1.5,2.098004791250703,0.4100954586936486,0.500360820348875,6609.5175406218295,9.680667015458807,0.25513779013463433,1.2243110493268283
28.91,146.38146586002443,7.574951147220499,57.31,196.85,41.59,2.28,0.0,NGC7331,75.0,2.0,14.7,1.5,2.098004791250703,0.4100954586936486,0.500360820348875,6609.5175406218295,9.680667015458807,0.25513779013463433,1.2243110493268283
29.89,145.41163058942075,7.440438987296045,55.13,193.34,40.9,1.87,0.0,NGC7331,75.0,2.0,14.7,1.5,2.098004791250703,0.4100954586936486,0.500360820348875,6609.5175406218295,9.680667015458807,0.25513779013463433,1.2243110493268283
30.98,138.81472826990876,7.299968174055583,52.84,189.65,40.18,1.51,0.0,NGC7331,75.0,2.0,14.7,1.5,2.098004791250703,0.4100954586936486,0.500360820348875,6609.5175406218295,9.680667015458807,0.25513779013463433,1.2243110493268283
32.06,145.11773707489428,7.184516785796737,51.55,186.2,39.49,1.22,0.0,NGC7331,75.0,2.0,14.7,1.5,2.098004791250703,0.4100954586936486,0.500360820348875,6609.5175406218295,9.680667015458807,0.25513779013463433,1.2243110493268283
33.15,150.3109119027995,7.092746235644538,51.35,182.89,38.84,0.98,0.0,NGC7331,75.0,2.0,14.7,1.5,2.098004791250703,0.4100954586936486,0.500360820348875,6609.5175406218295,9.680667015458807,0.25513779013463433,1.2243110493268283
34.23,136.68134738797525,7.00387835604666,50.86,179.88,38.22,0.79,0.0,NGC7331,75.0,2.0,14.7,1.5,2.098004791250703,0.4100954586936486,0.500360820348875,6609.5175406218295,9.680667015458807,0.25513779013463433,1.2243110493268283
35.32,130.28181351655738,6.905945292470642,49.27,177.27,37.63,0.0,0.0,NGC7331,75.0,2.0,14.7,1.5,2.098004791250703,0.4100954586936486,0.500360820348875,6609.5175406218295,9.680667015458807,0.25513779013463433,1.2243110493268283
36.31,149.58099054445253,6.790482756562786,47.97,173.78,37.11,0.0,0.0,NGC7331,75.0,2.0,14.7,1.5,2.098004791250703,0.4100954586936486,0.500360820348875,6609.5175406218295,9.680667015458807,0.25513779013463433,1.2243110493268283
5.03,116.10251990650313,6.017249096065763,0.0,178.85,0.0,374.65,0.0,NGC5907,88.0,2.0,17.3,0.9,1.9430614895368719,0.4506363739912117,0.5269889968392427,8523.826860750094,43.954176669688415,0.28354095867194434,1.0822952066402782
7.55,145.24194065985836,6.985991918780671,0.0,207.41,0.0,244.19,0.0,NGC5907,88.0,2.0,17.3,0.9,1.9430614895368719,0.4506363739912117,0.5269889968392427,8523.826860750094,43.954176669688415,0.28354095867194434,1.0822952066402782
10.07,149.41134587673272,7.657140975796999,0.0,227.06,0.0,167.7,0.0,NGC5907,88.0,2.0,17.3,0.9,1.9430614895368719,0.4506363739912117,0.5269889968392427,8523.826860750094,43.954176669688415,0.28354095867194434,1.0822952066402782
12.58,150.90104682205518,7.910083270886713,16.93,232.81,0.0,90.71,0.0,NGC5907,88.0,2.0,17.3,0.9,1.9430614895368719,0.4506363739912117,0.5269889968392427,8523.826860750094,43.954176669688415,0.28354095867194434,1.0822952066402782
15.1,155.52122998745241,7.70723937071537,24.45,224.63,0.0,54.89,0.0,NGC5907,88.0,2.0,17.3,0.9,1.9430614895368719,0.4506363739912117,0.5269889968392427,8523.826860750094,43.954176669688415,0.28354095867194434,1.0822952066402782
17.61,156.7337657874048,7.545881712902264,31.1,217.25,0.0,36.13,0.0,NGC5907,88.0,2.0,17.3,0.9,1.9430614895368719,0.4506363739912117,0.5269889968392427,8523.826860750094,43.954176669688415,0.28354095867194434,1.0822952066402782
20.13,144.011433267765,7.43624542599612,42.26,208.93,0.0,21.37,0.0,NGC5907,88.0,2.0,17.3,0.9,1.9430614895368719,0.4506363739912117,0.5269889968392427,8523.826860750094,43.954176669688415,0.28354095867194434,1.0822952066402782
22.65,148.71747431595935,7.314948273786178,53.67,198.38,0.0,12.2,0.0,NGC5907,88.0,2.0,17.3,0.9,1.9430614895368719,0.4506363739912117,0.5269889968392427,8523.826860750094,43.954176669688415,0.28354095867194434,1.0822952066402782
25.16,138.11314778735343,6.938090060070569,49.79,187.6,0.0,7.37,0.0,NGC5907,88.0,2.0,17.3,0.9,1.9430614895368719,0.4506363739912117,0.5269889968392427,8523.826860750094,43.954176669688415,0.28354095867194434,1.0822952066402782
27.68,154.24236211454664,6.757773904998065,54.3,177.97,0.0,4.72,0.0,NGC5907,88.0,2.0,17.3,0.9,1.9430614895368719,0.4506363739912117,0.5269889968392427,8523.826860750094,43.954176669688415,0.28354095867194434,1.0822952066402782
30.2,130.25206960612212,6.751806368700162,64.08,169.55,0.0,3.15,0.0,NGC5907,88.0,2.0,17.3,0.9,1.9430614895368719,0.4506363739912117,0.5269889968392427,8523.826860750094,43.954176669688415,0.28354095867194434,1.0822952066402782
32.71,139.2135921164266,6.510123221837329,61.58,162.23,0.0,2.08,0.0,NGC5907,88.0,2.0,17.3,0.9,1.9430614895368719,0.4506363739912117,0.5269889968392427,8523.826860750094,43.954176669688415,0.28354095867194434,1.0822952066402782
35.23,128.2928098969065,6.431473683671957,64.96,155.53,0.0,1.3,0.0,NGC5907,88.0,2.0,17.3,0.9,1.9430614895368719,0.4506363739912117,0.5269889968392427,8523.826860750094,43.954176669688415,0.28354095867194434,1.0822952066402782
37.75,123.475388482244,6.2131489848338,61.95,149.39,0.0,0.8,0.0,NGC5907,88.0,2.0,17.3,0.9,1.9430614895368719,0.4506363739912117,0.5269889968392427,8523.826860750094,43.954176669688415,0.28354095867194434,1.0822952066402782
40.26,126.8106706864517,6.11971431851063,63.21,143.82,0.0,0.5,0.0,NGC5907,88.0,2.0,17.3,0.9,1.9430614895368719,0.4506363739912117,0.5269889968392427,8523.826860750094,43.954176669688415,0.28354095867194434,1.0822952066402782
42.78,124.24934389749889,5.946654541735602,60.7,138.81,0.0,0.31,0.0,NGC5907,88.0,2.0,17.3,0.9,1.9430614895368719,0.4506363739912117,0.5269889968392427,8523.826860750094,43.954176669688415,0.28354095867194434,1.0822952066402782
45.29,124.35913141287402,5.847512105713534,60.57,134.25,0.0,0.2,0.0,NGC5907,88.0,2.0,17.3,0.9,1.9430614895368719,0.4506363739912117,0.5269889968392427,8523.826860750094,43.954176669688415,0.28354095867194434,1.0822952066402782
47.81,116.9335427714629,5.752154362965452,60.07,130.16,0.0,0.12,0.0,NGC5907,88.0,2.0,17.3,0.9,1.9430614895368719,0.4506363739912117,0.5269889968392427,8523.826860750094,43.954176669688415,0.28354095867194434,1.0822952066402782
50.33,111.40527111646954,5.742657084892849,62.33,126.52,0.0,0.0,0.0,NGC5907,88.0,2.0,17.3,0.9,1.9430614895368719,0.4506363739912117,0.5269889968392427,8523.826860750094,43.954176669688415,0.28354095867194434,1.0822952066402782
3.5,94.26145470272195,4.616488760413346,0.0,138.23,0.0,367.95,0.0,NGC3726,53.0,2.0,18.0,2.5,1.5455174076014924,0.44177933173467987,0.7871606199650992,4562.899096814434,20.246510340070223,0.3564160777337242,0.7179196113313789
5.24,115.5397990690679,5.4861764452124575,0.0,163.99,0.0,200.43,0.0,NGC3726,53.0,2.0,18.0,2.5,1.5455174076014924,0.44177933173467987,0.7871606199650992,4562.899096814434,20.246510340070223,0.3564160777337242,0.7179196113313789
6.98,128.7103001048665,5.981859447999597,8.76,177.95,0.0,156.27,0.0,NGC3726,53.0,2.0,18.0,2.5,1.5455174076014924,0.44177933173467987,0.7871606199650992,4562.899096814434,20.246510340070223,0.3564160777337242,0.7179196113313789
8.72,126.17246907513224,6.257065067244192,23.82,182.72,0.0,66.34,0.0,NGC3726,53.0,2.0,18.0,2.5,1.5455174076014924,0.44177933173467987,0.7871606199650992,4562.899096814434,20.246510340070223,0.3564160777337242,0.7179196113313789
10.47,112.39382095430848,6.0706028790852455,31.14,173.68,0.0,42.03,0.0,NGC3726,53.0,2.0,18.0,2.5,1.5455174076014924,0.44177933173467987,0.7871606199650992,4562.899096814434,20.246510340070223,0.3564160777337242,0.7179196113313789
12.19,112.02074397528384,5.951989436863524,37.29,166.41,0.0,26.8,0.0,NGC3726,53.0,2.0,18.0,2.5,1.5455174076014924,0.44177933173467987,0.7871606199650992,4562.899096814434,20.246510340070223,0.3564160777337242,0.7179196113313789
13.94,109.93863334121673,5.922716613800969,46.45,159.41,0.0,15.65,0.0,NGC3726,53.0,2.0,18.0,2.5,1.5455174076014924,0.44177933173467987,0.7871606199650992,4562.899096814434,20.246510340070223,0.3564160777337242,0.7179196113313789
16.03,124.3407419767697,5.758757913734087,53.13,148.01,0.0,6.69,0.0,NGC3726,53.0,2.0,18.0,2.5,1.5455174076014924,0.44177933173467987,0.7871606199650992,4562.899096814434,20.246510340070223,0.3564160777337242,0.7179196113313789
22.3,96.75397794150605,5.051743437464196,48.17,124.21,0.0,1.41,0.0,NGC3726,53.0,2.0,18.0,2.5,1.5455174076014924,0.44177933173467987,0.7871606199650992,4562.899096814434,20.246510340070223,0.3564160777337242,0.7179196113313789
27.52,97.23755871218124,4.5797986205109025,42.67,109.5,0.0,0.29,0.0,NGC3726,53.0,2.0,18.0,2.5,1.5455174076014924,0.44177933173467987,0.7871606199650992,4562.899096814434,20.246510340070223,0.3564160777337242,0.7179196113313789
30.08,90.72658577927625,4.40725577157212,40.52,103.96,0.0,0.14,0.0,NGC3726,53.0,2.0,18.0,2.5,1.5455174076014924,0.44177933173467987,0.7871606199650992,4562.899096814434,20.246510340070223,0.3564160777337242,0.7179196113313789
32.52,92.88952610538557,4.277613395570516,39.01,99.53,0.0,0.0,0.0,NGC3726,53.0,2.0,18.0,2.5,1.5455174076014924,0.44177933173467987,0.7871606199650992,4562.899096814434,20.246510340070223,0.3564160777337242,0.7179196113313789
0.32,50.837795540193056,2.5198085745408068,0.0,63.28,0.0,1084.92,0.0,NGC3198,73.0,3.0,13.8,1.4,1.2819305880867338,0.6299112812050089,0.6836928118758392,16761.350608244276,11.928581807331884,0.4047350484545016,0.4763247577274921
0.64,57.34535868590126,2.94543138768209,0.0,73.66,0.0,590.57,0.0,NGC3198,73.0,3.0,13.8,1.4,1.2819305880867338,0.6299112812050089,0.6836928118758392,16761.350608244276,11.928581807331884,0.4047350484545016,0.4763247577274921
0.96,63.3726988947262,3.1738127500813262,0.0,78.98,0.0,410.97,0.0,NGC3198,73.0,3.0,13.8,1.4,1.2819305880867338,0.6299112812050089,0.6836928118758392,16761.350608244276,11.928581807331884,0.4047350484545016,0.4763247577274921
1.28,72.20514005870601,3.3413888012918456,0.35,82.7,0.0,329.34,0.0,NGC3198,73.0,3.0,13.8,1.4,1.2819305880867338,0.6299112812050089,0.6836928118758392,16761.350608244276,11.928581807331884,0.4047350484545016,0.4763247577274921
1.61,62.684795286112944,3.42579894585166,0.15,84.22,0.0,268.62,0.0,NGC3198,73.0,3.0,13.8,1.4,1.2819305880867338,0.6299112812050089,0.6836928118758392,16761.350608244276,11.928581807331884,0.4047350484545016,0.4763247577274921
1.93,69.13332156440752,3.4125607542015794,-0.05,83.17,0.0,247.67,0.0,NGC3198,73.0,3.0,13.8,1.4,1.2819305880867338,0.6299112812050089,0.6836928118758392,16761.350608244276,11.928581807331884,0.4047350484545016,0.4763247577274921
2.24,68.52016050312857,3.588749339319289,-0.47,87.04,0.0,227.56,0.0,NGC3198,73.0,3.0,13.8,1.4,1.2819305880867338,0.6299112812050089,0.6836928118758392,16761.350608244276,11.928581807331884,0.4047350484545016,0.4763247577274921
2.57,74.50250734088574,3.6906113083997973,-0.95,88.91,0.0,205.02,0.0,NGC3198,73.0,3.0,13.8,1.4,1.2819305880867338,0.6299112812050089,0.6836928118758392,16761.350608244276,11.928581807331884,0.4047350484545016,0.4763247577274921
2.89,77.61035862957655,3.7241312735908885,-1.43,88.98,0.0,200.2,0.0,NGC3198,73.0,3.0,13.8,1.4,1.2819305880867338,0.6299112812050089,0.6836928118758392,16761.350608244276,11.928581807331884,0.4047350484545016,0.4763247577274921
3.21,78.5255479866663,3.9376197485476947,-1.14,93.81,0.0,208.58,0.0,NGC3198,73.0,3.0,13.8,1.4,1.2819305880867338,0.6299112812050089,0.6836928118758392,16761.350608244276,11.928581807331884,0.4047350484545016,0.4763247577274921
3.54,88.24320442552954,4.247978625606988,-0.39,101.22,0.0,208.47,0.0,NGC3198,73.0,3.0,13.8,1.4,1.2819305880867338,0.6299112812050089,0.6836928118758392,16761.350608244276,11.928581807331884,0.4047350484545016,0.4763247577274921
3.85,83.79152808212702,4.551374097650564,0.36,108.53,0.0,196.07,0.0,NGC3198,73.0,3.0,13.8,1.4,1.2819305880867338,0.6299112812050089,0.6836928118758392,16761.350608244276,11.928581807331884,0.4047350484545016,0.4763247577274921
4.17,102.21766834775222,4.842835129261304,1.52,115.51,0.0,179.96,0.0,NGC3198,73.0,3.0,13.8,1.4,1.2819305880867338,0.6299112812050089,0.6836928118758392,16761.350608244276,11.928581807331884,0.4047350484545016,0.4763247577274921
4.5,98.16834168973236,5.06104015012443,3.07,120.51,0.0,164.19,0.0,NGC3198,73.0,3.0,13.8,1.4,1.2819305880867338,0.6299112812050089,0.6836928118758392,16761.350608244276,11.928581807331884,0.4047350484545016,0.4763247577274921
4.82,108.78606999917551,5.275139044432207,4.63,125.42,0.0,150.99,0.0,NGC3198,73.0,3.0,13.8,1.4,1.2819305880867338,0.6299112812050089,0.6836928118758392,16761.350608244276,11.928581807331884,0.4047350484545016,0.4763247577274921
5.15,110.09237116395522,5.454857143217577,6.02,129.4,0.0,138.08,0.0,NGC3198,73.0,3.0,13.8,1.4,1.2819305880867338,0.6299112812050089,0.6836928118758392,16761.350608244276,11.928581807331884,0.4047350484545016,0.4763247577274921
5.46,97.92848420312494,5.6234077269913065,7.16,133.15,0.0,126.0,0.0,NGC3198,73.0,3.0,13.8,1.4,1.2819305880867338,0.6299112812050089,0.6836928118758392,16761.350608244276,11.928581807331884,0.4047350484545016,0.4763247577274921
5.78,111.14664098774621,5.775670927679153,8.31,136.45,0.0,113.63,0.0,NGC3198,73.0,3.0,13.8,1.4,1.2819305880867338,0.6299112812050089,0.6836928118758392,16761.350608244276,11.928581807331884,0.4047350484545016,0.4763247577274921
6.1,119.60315132232716,5.91494284644136,9.46,139.41,0.0,101.19,0.0,NGC3198,73.0,3.0,13.8,1.4,1.2819305880867338,0.6299112812050089,0.6836928118758392,16761.350608244276,11.928581807331884,0.4047350484545016,0.4763247577274921
6.43,130.08597506921797,6.035358607475439,10.61,141.85,0.0,86.52,0.0,NGC3198,73.0,3.0,13.8,1.4,1.2819305880867338,0.6299112812050089,0.6836928118758392,16761.350608244276,11.928581807331884,0.4047350484545016,0.4763247577274921
6.74,123.37372612634377,6.081337535821336,11.77,142.32,0.0,70.23,0.0,NGC3198,73.0,3.0,13.8,1.4,1.2819305880867338,0.6299112812050089,0.6836928118758392,16761.350608244276,11.928581807331884,0.4047350484545016,0.4763247577274921
7.06,122.7634353194451,6.06008877061069,12.87,140.94,0.0,57.67,0.0,NGC3198,73.0,3.0,13.8,1.4,1.2819305880867338,0.6299112812050089,0.6836928118758392,16761.350608244276,11.928581807331884,0.4047350484545016,0.4763247577274921
8.04,110.84818722290937,5.963646809331018,16.39,135.68,0.0,40.74,0.0,NGC3198,73.0,3.0,13.8,1.4,1.2819305880867338,0.6299112812050089,0.6836928118758392,16761.350608244276,11.928581807331884,0.4047350484545016,0.4763247577274921
9.04,126.25296822274706,5.891097196550268,20.03,130.79,0.0,31.83,0.0,NGC3198,73.0,3.0,13.8,1.4,1.2819305880867338,0.6299112812050089,0.6836928118758392,16761.350608244276,11.928581807331884,0.4047350484545016,0.4763247577274921
10.04,128.69044772978594,5.901315786530326,23.68,128.1,0.0,26.64,0.0,NGC3198,73.0,3.0,13.8,1.4,1.2819305880867338,0.6299112812050089,0.6836928118758392,16761.350608244276,11.928581807331884,0.4047350484545016,0.4763247577274921
11.04,119.25508094020304,5.954246903907654,27.08,126.67,0.0,21.02,0.0,NGC3198,73.0,3.0,13.8,1.4,1.2819305880867338,0.6299112812050089,0.6836928118758392,16761.350608244276,11.928581807331884,0.4047350484545016,0.4763247577274921
12.05,118.58482539331436,5.9951147052338785,30.11,124.98,0.0,15.42,0.0,NGC3198,73.0,3.0,13.8,1.4,1.2819305880867338,0.6299112812050089,0.6836928118758392,16761.350608244276,11.928581807331884,0.4047350484545016,0.4763247577274921
14.05,109.20491882650438,5.94120092476572,34.48,118.12,0.0,6.42,0.0,NGC3198,73.0,3.0,13.8,1.4,1.2819305880867338,0.6299112812050089,0.6836928118758392,16761.350608244276,11.928581807331884,0.4047350484545016,0.4763247577274921
16.07,120.32998802819434,5.762013986591799,36.43,108.22,0.0,2.95,0.0,NGC3198,73.0,3.0,13.8,1.4,1.2819305880867338,0.6299112812050089,0.6836928118758392,16761.350608244276,11.928581807331884,0.4047350484545016,0.4763247577274921
18.13,128.46221050990695,5.658560035622717,37.76,101.1,0.0,2.39,0.0,NGC3198,73.0,3.0,13.8,1.4,1.2819305880867338,0.6299112812050089,0.6836928118758392,16761.350608244276,11.928581807331884,0.4047350484545016,0.4763247577274921
20.05,116.58277298008613,5.627365770473675,39.83,96.4,0.0,1.44,0.0,NGC3198,73.0,3.0,13.8,1.4,1.2819305880867338,0.6299112812050089,0.6836928118758392,16761.350608244276,11.928581807331884,0.4047350484545016,0.4763247577274921
22.12,118.5493453292495,5.575197435763806,40.92,91.56,0.0,0.72,0.0,NGC3198,73.0,3.0,13.8,1.4,1.2819305880867338,0.6299112812050089,0.6836928118758392,16761.350608244276,11.928581807331884,0.4047350484545016,0.4763247577274921
24.03,113.37195400950472,5.519008481880486,41.77,87.03,0.0,0.28,0.0,NGC3198,73.0,3.0,13.8,1.4,1.2819305880867338,0.6299112812050089,0.6836928118758392,16761.350608244276,11.928581807331884,0.4047350484545016,0.4763247577274921
26.1,104.37337899713965,5.489006899743632,43.71,82.67,0.0,0.16,0.0,NGC3198,73.0,3.0,13.8,1.4,1.2819305880867338,0.6299112812050089,0.6836928118758392,16761.350608244276,11.928581807331884,0.4047350484545016,0.4763247577274921
28.16,116.72126362349765,5.470452944654779,45.41,79.06,0.0,0.08,0.0,NGC3198,73.0,3.0,13.8,1.4,1.2819305880867338,0.6299112812050089,0.6836928118758392,16761.350608244276,11.928581807331884,0.4047350484545016,0.4763247577274921
30.08,101.78788956180259,5.42422508504357,45.29,76.07,0.0,0.04,0.0,NGC3198,73.0,3.0,13.8,1.4,1.2819305880867338,0.6299112812050089,0.6836928118758392,16761.350608244276,11.928581807331884,0.4047350484545016,0.4763247577274921
32.14,106.23461948920036,5.368276345959756,44.56,73.27,0.0,0.02,0.0,NGC3198,73.0,3.0,13.8,1.4,1.2819305880867338,0.6299112812050089,0.6836928118758392,16761.350608244276,11.928581807331884,0.4047350484545016,0.4763247577274921
34.06,108.25972798779922,5.338553156219929,44.81,70.91,0.0,0.01,0.0,NGC3198,73.0,3.0,13.8,1.4,1.2819305880867338,0.6299112812050089,0.6836928118758392,16761.350608244276,11.928581807331884,0.4047350484545016,0.4763247577274921
36.12,111.24929468509,5.327288988566766,45.9,68.62,0.0,0.01,0.0,NGC3198,73.0,3.0,13.8,1.4,1.2819305880867338,0.6299112812050089,0.6836928118758392,16761.350608244276,11.928581807331884,0.4047350484545016,0.4763247577274921
38.19,108.5090939992291,5.314908414290296,46.75,66.59,0.0,0.0,0.0,NGC3198,73.0,3.0,13.8,1.4,1.2819305880867338,0.6299112812050089,0.6836928118758392,16761.350608244276,11.928581807331884,0.4047350484545016,0.4763247577274921
40.1,108.12529183547291,5.3036822284034715,47.48,64.84,0.0,0.0,0.0,NGC3198,73.0,3.0,13.8,1.4,1.2819305880867338,0.6299112812050089,0.6836928118758392,16761.350608244276,11.928581807331884,0.4047350484545016,0.4763247577274921
42.17,102.13192253611689,5.308722571651394,48.93,63.1,0.0,0.0,0.0,NGC3198,73.0,3.0,13.8,1.4,1.2819305880867338,0.6299112812050089,0.6836928118758392,16761.350608244276,11.928581807331884,0.4047350484545016,0.4763247577274921
44.08,98.40962286246254,5.259557283708168,47.84,61.63,0.0,0.0,0.0,NGC3198,73.0,3.0,13.8,1.4,1.2819305880867338,0.6299112812050089,0.6836928118758392,16761.350608244276,11.928581807331884,0.4047350484545016,0.4763247577274921
0.92,209.62020696220134,10.744315086068564,-5.19,121.44,254.98,2850.07,1353.62,NGC0891,90.0,1.0,9.91,0.5,1.839917775678681,0.5071285620182433,0.5943996736267491,22296.117483203656,13.322358619381731,0.3024485736244708,0.9877571318776459
2.32,223.80720056567583,12.332727545210968,-10.42,280.89,185.98,1970.54,19.18,NGC0891,90.0,1.0,9.91,0.5,1.839917775678681,0.5071285620182433,0.5943996736267491,22296.117483203656,13.322358619381731,0.3024485736244708,0.9877571318776459
3.24,245.02286050747642,13.136172061796277,-11.44,325.09,158.37,904.93,1.73,NGC0891,90.0,1.0,9.91,0.5,1.839917775678681,0.5071285620182433,0.5943996736267491,22296.117483203656,13.322358619381731,0.3024485736244708,0.9877571318776459
4.17,227.94795097821074,12.412178086915524,-11.64,311.44,139.66,398.34,0.15,NGC0891,90.0,1.0,9.91,0.5,1.839917775678681,0.5071285620182433,0.5943996736267491,22296.117483203656,13.322358619381731,0.3024485736244708,0.9877571318776459
5.1,235.61315666206636,11.67427051886282,-11.54,293.95,126.35,271.63,0.01,NGC0891,90.0,1.0,9.91,0.5,1.839917775678681,0.5071285620182433,0.5943996736267491,22296.117483203656,13.322358619381731,0.3024485736244708,0.9877571318776459
6.03,227.1421191902082,11.130061481607108,-11.44,280.55,116.3,183.28,0.0,NGC0891,90.0,1.0,9.91,0.5,1.839917775678681,0.5071285620182433,0.5943996736267491,22296.117483203656,13.322358619381731,0.3024485736244708,0.9877571318776459
6.96,237.08939506187238,10.773293789434739,-9.02,271.7,108.06,131.67,0.0,NGC0891,90.0,1.0,9.91,0.5,1.839917775678681,0.5071285620182433,0.5943996736267491,22296.117483203656,13.322358619381731,0.3024485736244708,0.9877571318776459
7.89,192.0261326748954,10.378405185429173,6.44,260.33,101.6,102.27,0.0,NGC0891,90.0,1.0,9.91,0.5,1.839917775678681,0.5071285620182433,0.5943996736267491,22296.117483203656,13.322358619381731,0.3024485736244708,0.9877571318776459
8.8,196.84211215181304,10.188302580084496,16.24,254.4,96.17,60.87,0.0,NGC0891,90.0,1.0,9.91,0.5,1.839917775678681,0.5071285620182433,0.5943996736267491,22296.117483203656,13.322358619381731,0.3024485736244708,0.9877571318776459
9.73,205.13957530709018,9.809371555186399,25.64,241.26,91.46,35.23,0.0,NGC0891,90.0,1.0,9.91,0.5,1.839917775678681,0.5071285620182433,0.5943996736267491,22296.117483203656,13.322358619381731,0.3024485736244708,0.9877571318776459
10.64,188.95607281181458,9.551327521062552,32.27,231.49,87.46,35.29,0.0,NGC0891,90.0,1.0,9.91,0.5,1.839917775678681,0.5071285620182433,0.5943996736267491,22296.117483203656,13.322358619381731,0.3024485736244708,0.9877571318776459
11.58,184.21889457696605,9.364045914447784,35.44,224.36,83.84,17.47,0.0,NGC0891,90.0,1.0,9.91,0.5,1.839917775678681,0.5071285620182433,0.5943996736267491,22296.117483203656,13.322358619381731,0.3024485736244708,0.9877571318776459
12.52,197.90466029421924,9.116178232453326,42.18,213.5,80.63,15.2,0.0,NGC0891,90.0,1.0,9.91,0.5,1.839917775678681,0.5071285620182433,0.5943996736267491,22296.117483203656,13.322358619381731,0.3024485736244708,0.9877571318776459
13.46,177.28196472440965,9.016662950254913,46.37,208.0,77.76,12.53,0.0,NGC0891,90.0,1.0,9.91,0.5,1.839917775678681,0.5071285620182433,0.5943996736267491,22296.117483203656,13.322358619381731,0.3024485736244708,0.9877571318776459
14.4,167.00876472355162,8.862794088852322,49.33,200.84,75.18,6.77,0.0,NGC0891,90.0,1.0,9.91,0.5,1.839917775678681,0.5071285620182433,0.5943996736267491,22296.117483203656,13.322358619381731,0.3024485736244708,0.9877571318776459
15.33,162.1461136576443,8.678777101253136,49.33,193.84,72.86,4.92,0.0,NGC0891,90.0,1.0,9.91,0.5,1.839917775678681,0.5071285620182433,0.5943996736267491,22296.117483203656,13.322358619381731,0.3024485736244708,0.9877571318776459
16.27,172.9478283968714,8.504643394796672,47.29,188.07,70.73,3.39,0.0,NGC0891,90.0,1.0,9.91,0.5,1.839917775678681,0.5071285620182433,0.5943996736267491,22296.117483203656,13.322358619381731,0.3024485736244708,0.9877571318776459
17.11,169.26206830397862,8.335880538135873,45.04,182.56,68.97,0.0,0.0,NGC0891,90.0,1.0,9.91,0.5,1.839917775678681,0.5071285620182433,0.5943996736267491,22296.117483203656,13.322358619381731,0.3024485736244708,0.9877571318776459
0.23,10.849452277443072,0.5604988766365463,-0.86,9.67,0.0,142.64,0.0,NGC0100,89.0,1.0,13.5,4.05,0.20844135643856737,0.364585814854146,0.5579026370983572,16142.68378701928,4.204211057131889,0.6015199060910318,-0.5075995304551588
0.69,25.783266868242446,1.2502665385656744,-1.93,23.77,0.0,114.33,0.0,NGC0100,89.0,1.0,13.5,4.05,0.20844135643856737,0.364585814854146,0.5579026370983572,16142.68378701928,4.204211057131889,0.6015199060910318,-0.5075995304551588
1.15,36.60592572017464,1.7794178723579954,-3.62,34.7,0.0,92.98,0.0,NGC0100,89.0,1.0,13.5,4.05,0.20844135643856737,0.364585814854146,0.5579026370983572,16142.68378701928,4.204211057131889,0.6015199060910318,-0.5075995304551588
1.59,39.598156433812704,2.1737022633358625,-4.31,41.73,0.0,70.0,0.0,NGC0100,89.0,1.0,13.5,4.05,0.20844135643856737,0.364585814854146,0.5579026370983572,16142.68378701928,4.204211057131889,0.6015199060910318,-0.5075995304551588
2.05,49.3151330960238,2.504840145302063,-3.92,46.7,0.0,54.62,0.0,NGC0100,89.0,1.0,13.5,4.05,0.20844135643856737,0.364585814854146,0.5579026370983572,16142.68378701928,4.204211057131889,0.6015199060910318,-0.5075995304551588
2.51,56.85072394715175,2.7847354498704178,3.21,50.33,0.0,43.18,0.0,NGC0100,89.0,1.0,13.5,4.05,0.20844135643856737,0.364585814854146,0.5579026370983572,16142.68378701928,4.204211057131889,0.6015199060910318,-0.5075995304551588
2.97,58.75016219723706,3.0241617919817245,7.43,53.12,0.0,33.14,0.0,NGC0100,89.0,1.0,13.5,4.05,0.20844135643856737,0.364585814854146,0.5579026370983572,16142.68378701928,4.204211057131889,0.6015199060910318,-0.5075995304551588
3.42,57.47220773849765,3.217736325558487,10.05,55.1,0.0,25.5,0.0,NGC0100,89.0,1.0,13.5,4.05,0.20844135643856737,0.364585814854146,0.5579026370983572,16142.68378701928,4.204211057131889,0.6015199060910318,-0.5075995304551588
3.88,66.1983648117054,3.357428322664336,11.97,55.08,0.0,16.1,0.0,NGC0100,89.0,1.0,13.5,4.05,0.20844135643856737,0.364585814854146,0.5579026370983572,16142.68378701928,4.204211057131889,0.6015199060910318,-0.5075995304551588
4.34,71.87752262348056,3.4636275998523653,13.61,54.16,0.0,13.06,0.0,NGC0100,89.0,1.0,13.5,4.05,0.20844135643856737,0.364585814854146,0.5579026370983572,16142.68378701928,4.204211057131889,0.6015199060910318,-0.5075995304551588
4.79,76.60678527179202,3.549830653885069,14.82,53.32,0.0,9.76,0.0,NGC0100,89.0,1.0,13.5,4.05,0.20844135643856737,0.364585814854146,0.5579026370983572,16142.68378701928,4.204211057131889,0.6015199060910318,-0.5075995304551588
5.24,64.46436379809909,3.6197190798412815,15.7,52.48,0.0,7.4,0.0,NGC0100,89.0,1.0,13.5,4.05,0.20844135643856737,0.364585814854146,0.5579026370983572,16142.68378701928,4.204211057131889,0.6015199060910318,-0.5075995304551588
5.7,82.94753719401862,3.668082893550233,16.36,50.92,0.0,5.05,0.0,NGC0100,89.0,1.0,13.5,4.05,0.20844135643856737,0.364585814854146,0.5579026370983572,16142.68378701928,4.204211057131889,0.6015199060910318,-0.5075995304551588
6.16,69.86933950345802,3.7021058769333273,16.58,49.36,0.0,4.2,0.0,NGC0100,89.0,1.0,13.5,4.05,0.20844135643856737,0.364585814854146,0.5579026370983572,16142.68378701928,4.204211057131889,0.6015199060910318,-0.5075995304551588
7.16,78.68995838215035,3.754834554443518,17.02,46.44,0.0,2.37,0.0,NGC0100,89.0,1.0,13.5,4.05,0.20844135643856737,0.364585814854146,0.5579026370983572,16142.68378701928,4.204211057131889,0.6015199060910318,-0.5075995304551588
7.52,80.06219467830354,3.7704364634990273,17.46,45.44,0.0,2.01,0.0,NGC0100,89.0,1.0,13.5,4.05,0.20844135643856737,0.364585814854146,0.5579026370983572,16142.68378701928,4.204211057131889,0.6015199060910318,-0.5075995304551588
7.98,79.45749705921095,3.7867526830235363,18.01,44.24,0.0,1.61,0.0,NGC0100,89.0,1.0,13.5,4.05,0.20844135643856737,0.364585814854146,0.5579026370983572,16142.68378701928,4.204211057131889,0.6015199060910318,-0.5075995304551588
8.44,76.61341262326779,3.8022264640387053,18.77,43.11,0.0,1.27,0.0,NGC0100,89.0,1.0,13.5,4.05,0.20844135643856737,0.364585814854146,0.5579026370983572,16142.68378701928,4.204211057131889,0.6015199060910318,-0.5075995304551588
8.9,71.8998044481588,3.8166250071669463,19.76,41.91,0.0,0.96,0.0,NGC0100,89.0,1.0,13.5,4.05,0.20844135643856737,0.364585814854146,0.5579026370983572,16142.68378701928,4.204211057131889,0.6015199060910318,-0.5075995304551588
9.35,78.99886700940503,3.8299586383463,20.86,40.72,0.0,0.84,0.0,NGC0100,89.0,1.0,13.5,4.05,0.20844135643856737,0.364585814854146,0.5579026370983572,16142.68378701928,4.204211057131889,0.6015199060910318,-0.5075995304551588
9.62,74.0485548343725,3.8397433328152264,21.63,40.12,0.0,0.83,0.0,NGC0100,89.0,1.0,13.5,4.05,0.20844135643856737,0.364585814854146,0.5579026370983572,16142.68378701928,4.204211057131889,0.6015199060910318,-0.5075995304551588
0.87,170.55192703702465,8.934857338421962,3.06,22.47,153.43,149.17,3961.96,NGC4217,86.0,2.0,18.0,2.5,1.6299139440964185,0.27970518040559034,1.3427275609772553,18673.253093506064,7.4981546580469045,0.34094506980039685,0.7952746509980158
1.74,273.0823183021574,12.72073051758684,12.07,39.91,217.64,130.84,2479.37,NGC4217,86.0,2.0,18.0,2.5,1.6299139440964185,0.27970518040559034,1.3427275609772553,18673.253093506064,7.4981546580469045,0.34094506980039685,0.7952746509980158
2.61,328.01679181763296,15.193088453425137,14.22,54.38,259.32,114.76,1223.98,NGC4217,86.0,2.0,18.0,2.5,1.6299139440964185,0.27970518040559034,1.3427275609772553,18673.253093506064,7.4981546580469045,0.34094506980039685,0.7952746509980158
3.5,347.18784583568333,16.10740439929088,13.58,67.47,273.94,99.78,265.76,NGC4217,86.0,2.0,18.0,2.5,1.6299139440964185,0.27970518040559034,1.3427275609772553,18673.253093506064,7.4981546580469045,0.34094506980039685,0.7952746509980158
4.37,303.3108546697851,15.181640079400792,15.41,76.15,256.31,85.76,44.82,NGC4217,86.0,2.0,18.0,2.5,1.6299139440964185,0.27970518040559034,1.3427275609772553,18673.253093506064,7.4981546580469045,0.34094506980039685,0.7952746509980158
5.24,266.3382838922719,14.168785535214846,20.15,86.2,236.55,77.15,7.58,NGC4217,86.0,2.0,18.0,2.5,1.6299139440964185,0.27970518040559034,1.3427275609772553,18673.253093506064,7.4981546580469045,0.34094506980039685,0.7952746509980158
6.11,264.21088200044477,13.328711663872102,23.71,98.08,219.32,66.37,1.29,NGC4217,86.0,2.0,18.0,2.5,1.6299139440964185,0.27970518040559034,1.3427275609772553,18673.253093506064,7.4981546580469045,0.34094506980039685,0.7952746509980158
6.98,224.98115134013213,12.641357117761546,21.44,106.18,205.28,49.85,0.22,NGC4217,86.0,2.0,18.0,2.5,1.6299139440964185,0.27970518040559034,1.3427275609772553,18673.253093506064,7.4981546580469045,0.34094506980039685,0.7952746509980158
7.85,221.86850992806325,12.125295669102869,24.46,114.52,193.65,30.1,0.04,NGC4217,86.0,2.0,18.0,2.5,1.6299139440964185,0.27970518040559034,1.3427275609772553,18673.253093506064,7.4981546580469045,0.34094506980039685,0.7952746509980158
8.72,233.24948304033805,11.60910779098962,27.91,106.83,183.73,8.06,0.01,NGC4217,86.0,2.0,18.0,2.5,1.6299139440964185,0.27970518040559034,1.3427275609772553,18673.253093506064,7.4981546580469045,0.34094506980039685,0.7952746509980158
9.6,212.04945180419264,11.155447254882027,30.71,97.81,175.09,4.44,0.0,NGC4217,86.0,2.0,18.0,2.5,1.6299139440964185,0.27970518040559034,1.3427275609772553,18673.253093506064,7.4981546580469045,0.34094506980039685,0.7952746509980158
10.47,213.87118759272457,10.782214442632716,32.87,91.79,167.63,3.82,0.0,NGC4217,86.0,2.0,18.0,2.5,1.6299139440964185,0.27970518040559034,1.3427275609772553,18673.253093506064,7.4981546580469045,0.34094506980039685,0.7952746509980158
11.35,208.0395498308722,10.458978795977291,33.95,87.56,161.03,3.27,0.0,NGC4217,86.0,2.0,18.0,2.5,1.6299139440964185,0.27970518040559034,1.3427275609772553,18673.253093506064,7.4981546580469045,0.34094506980039685,0.7952746509980158
12.19,223.13746610719926,10.174649732931405,32.87,84.33,155.43,2.45,0.0,NGC4217,86.0,2.0,18.0,2.5,1.6299139440964185,0.27970518040559034,1.3427275609772553,18673.253093506064,7.4981546580469045,0.34094506980039685,0.7952746509980158
13.12,210.79199257251366,9.897440537900213,32.44,81.01,149.82,1.62,0.0,NGC4217,86.0,2.0,18.0,2.5,1.6299139440964185,0.27970518040559034,1.3427275609772553,18673.253093506064,7.4981546580469045,0.34094506980039685,0.7952746509980158
13.94,192.9929322630625,9.671345526458314,31.36,78.12,145.35,1.12,0.0,NGC4217,86.0,2.0,18.0,2.5,1.6299139440964185,0.27970518040559034,1.3427275609772553,18673.253093506064,7.4981546580469045,0.34094506980039685,0.7952746509980158
14.86,200.30675818724467,9.444467303196634,30.5,75.23,140.78,0.75,0.0,NGC4217,86.0,2.0,18.0,2.5,1.6299139440964185,0.27970518040559034,1.3427275609772553,18673.253093506064,7.4981546580469045,0.34094506980039685,0.7952746509980158
15.79,177.78510796055355,9.249867564356352,31.36,72.41,136.57,0.5,0.0,NGC4217,86.0,2.0,18.0,2.5,1.6299139440964185,0.27970518040559034,1.3427275609772553,18673.253093506064,7.4981546580469045,0.34094506980039685,0.7952746509980158
16.72,178.6474804262028,9.085416510563707,33.41,69.87,132.72,0.36,0.0,NGC4217,86.0,2.0,18.0,2.5,1.6299139440964185,0.27970518040559034,1.3427275609772553,18673.253093506064,7.4981546580469045,0.34094506980039685,0.7952746509980158
0.16,87.42323348361712,4.345637051779906,-1.22,8.07,119.49,516.57,16013.38,UGC06786,64.0,3.0,29.3,7.32,1.5647074800071368,0.6165842619457446,0.5259348897844208,20903.098982036092,11.690948869573823,0.3528982821610741,0.7355085891946292
0.32,145.13543662483363,6.709133522176373,-1.2,15.74,184.15,504.88,8275.13,UGC06786,64.0,3.0,29.3,7.32,1.5647074800071368,0.6165842619457446,0.5259348897844208,20903.098982036092,11.690948869573823,0.3528982821610741,0.7355085891946292
0.49,141.98074712283375,7.376426736190182,-1.08,23.42,201.67,492.74,4561.05,UGC06786,64.0,3.0,29.3,7.32,1.5647074800071368,0.6165842619457446,0.5259348897844208,20903.098982036092,11.690948869573823,0.3528982821610741,0.7355085891946292
0.65,154.36770228098675,7.6321873821196835,-0.96,30.3,207.64,481.58,2982.73,UGC06786,64.0,3.0,29.3,7.32,1.5647074800071368,0.6165842619457446,0.5259348897844208,20903.098982036092,11.690948869573823,0.3528982821610741,0.7355085891946292
1.3,147.32516653147565,7.7122781304730665,-0.33,55.43,203.18,438.8,756.43,UGC06786,64.0,3.0,29.3,7.32,1.5647074800071368,0.6165842619457446,0.5259348897844208,20903.098982036092,11.690948869573823,0.3528982821610741,0.7355085891946292
1.46,144.698447158582,7.676126514049348,0.44,61.06,200.04,428.86,576.9,UGC06786,64.0,3.0,29.3,7.32,1.5647074800071368,0.6165842619457446,0.5259348897844208,20903.098982036092,11.690948869573823,0.3528982821610741,0.7355085891946292
1.62,143.41198891108274,7.6428713927951115,0.74,66.51,196.81,419.15,433.08,UGC06786,64.0,3.0,29.3,7.32,1.5647074800071368,0.6165842619457446,0.5259348897844208,20903.098982036092,11.690948869573823,0.3528982821610741,0.7355085891946292
3.72,160.28577428177297,7.4708751550039825,4.94,126.3,147.67,305.74,0.87,UGC06786,64.0,3.0,29.3,7.32,1.5647074800071368,0.6165842619457446,0.5259348897844208,20903.098982036092,11.690948869573823,0.3528982821610741,0.7355085891946292
3.89,168.05118168043043,7.514887271613858,5.38,130.52,144.55,297.38,0.48,UGC06786,64.0,3.0,29.3,7.32,1.5647074800071368,0.6165842619457446,0.5259348897844208,20903.098982036092,11.690948869573823,0.3528982821610741,0.7355085891946292
4.05,154.83930686310342,7.559389565867914,5.86,134.47,141.56,291.65,0.28,UGC06786,64.0,3.0,29.3,7.32,1.5647074800071368,0.6165842619457446,0.5259348897844208,20903.098982036092,11.690948869573823,0.3528982821610741,0.7355085891946292
4.22,147.105371903299,7.628479921825394,6.37,138.94,138.76,286.76,0.16,UGC06786,64.0,3.0,29.3,7.32,1.5647074800071368,0.6165842619457446,0.5259348897844208,20903.098982036092,11.690948869573823,0.3528982821610741,0.7355085891946292
4.26,158.34354999857317,7.647639639703733,6.53,140.05,138.12,285.57,0.13,UGC06786,64.0,3.0,29.3,7.32,1.5647074800071368,0.6165842619457446,0.5259348897844208,20903.098982036092,11.690948869573823,0.3528982821610741,0.7355085891946292
4.38,151.58884476767457,7.708295464472553,6.92,143.43,136.21,282.2,0.09,UGC06786,64.0,3.0,29.3,7.32,1.5647074800071368,0.6165842619457446,0.5259348897844208,20903.098982036092,11.690948869573823,0.3528982821610741,0.7355085891946292
4.54,162.35239038650514,7.804878675655267,7.46,148.24,133.79,278.12,0.05,UGC06786,64.0,3.0,29.3,7.32,1.5647074800071368,0.6165842619457446,0.5259348897844208,20903.098982036092,11.690948869573823,0.3528982821610741,0.7355085891946292
4.71,160.91548748080598,7.930389726103385,7.98,153.86,131.35,269.69,0.03,UGC06786,64.0,3.0,29.3,7.32,1.5647074800071368,0.6165842619457446,0.5259348897844208,20903.098982036092,11.690948869573823,0.3528982821610741,0.7355085891946292
4.86,163.0335280449322,8.039245880125817,8.49,158.53,129.31,255.82,0.02,UGC06786,64.0,3.0,29.3,7.32,1.5647074800071368,0.6165842619457446,0.5259348897844208,20903.098982036092,11.690948869573823,0.3528982821610741,0.7355085891946292
5.02,167.7423955410346,8.139959646181387,9.0,162.82,127.24,236.68,0.01,UGC06786,64.0,3.0,29.3,7.32,1.5647074800071368,0.6165842619457446,0.5259348897844208,20903.098982036092,11.690948869573823,0.3528982821610741,0.7355085891946292
5.18,159.51193273337515,8.213582578726685,9.51,166.08,125.27,217.59,0.01,UGC06786,64.0,3.0,29.3,7.32,1.5647074800071368,0.6165842619457446,0.5259348897844208,20903.098982036092,11.690948869573823,0.3528982821610741,0.7355085891946292
5.35,162.12373391272826,8.273462802794986,10.02,168.84,123.26,198.81,0.0,UGC06786,64.0,3.0,29.3,7.32,1.5647074800071368,0.6165842619457446,0.5259348897844208,20903.098982036092,11.690948869573823,0.3528982821610741,0.7355085891946292
5.51,151.87738751461285,8.308957170077825,10.53,170.67,121.46,180.68,0.0,UGC06786,64.0,3.0,29.3,7.32,1.5647074800071368,0.6165842619457446,0.5259348897844208,20903.098982036092,11.690948869573823,0.3528982821610741,0.7355085891946292
5.68,162.7839843421348,8.323085064538606,11.06,171.8,119.61,163.83,0.0,UGC06786,64.0,3.0,29.3,7.32,1.5647074800071368,0.6165842619457446,0.5259348897844208,20903.098982036092,11.690948869573823,0.3528982821610741,0.7355085891946292
5.84,154.68892789077447,8.3266066352716,11.59,172.47,117.97,151.85,0.0,UGC06786,64.0,3.0,29.3,7.32,1.5647074800071368,0.6165842619457446,0.5259348897844208,20903.098982036092,11.690948869573823,0.3528982821610741,0.7355085891946292
6.0,165.30876418689718,8.325666580528743,12.13,172.94,116.4,142.07,0.0,UGC06786,64.0,3.0,29.3,7.32,1.5647074800071368,0.6165842619457446,0.5259348897844208,20903.098982036092,11.690948869573823,0.3528982821610741,0.7355085891946292
6.15,158.57063583058522,8.32725357906423,12.55,173.44,114.95,134.81,0.0,UGC06786,64.0,3.0,29.3,7.32,1.5647074800071368,0.6165842619457446,0.5259348897844208,20903.098982036092,11.690948869573823,0.3528982821610741,0.7355085891946292
6.48,167.5069766538191,8.333168657765524,13.72,174.41,111.99,115.63,0.0,UGC06786,64.0,3.0,29.3,7.32,1.5647074800071368,0.6165842619457446,0.5259348897844208,20903.098982036092,11.690948869573823,0.3528982821610741,0.7355085891946292
6.64,170.33851417470603,8.328192499135065,14.25,174.58,110.63,107.0,0.0,UGC06786,64.0,3.0,29.3,7.32,1.5647074800071368,0.6165842619457446,0.5259348897844208,20903.098982036092,11.690948869573823,0.3528982821610741,0.7355085891946292
6.81,154.51416837820742,8.3162103178128,14.68,174.53,109.24,98.11,0.0,UGC06786,64.0,3.0,29.3,7.32,1.5647074800071368,0.6165842619457446,0.5259348897844208,20903.098982036092,11.690948869573823,0.3528982821610741,0.7355085891946292
7.1,159.01003206595823,8.28750430295109,15.64,174.07,106.99,82.68,0.0,UGC06786,64.0,3.0,29.3,7.32,1.5647074800071368,0.6165842619457446,0.5259348897844208,20903.098982036092,11.690948869573823,0.3528982821610741,0.7355085891946292
7.13,157.83310318454483,8.28229450844326,15.74,173.95,106.76,81.11,0.0,UGC06786,64.0,3.0,29.3,7.32,1.5647074800071368,0.6165842619457446,0.5259348897844208,20903.098982036092,11.690948869573823,0.3528982821610741,0.7355085891946292
8.52,163.39627376455306,7.875850169794912,20.1,162.17,97.67,42.84,0.0,UGC06786,64.0,3.0,29.3,7.32,1.5647074800071368,0.6165842619457446,0.5259348897844208,20903.098982036092,11.690948869573823,0.3528982821610741,0.7355085891946292
10.66,163.23874036994758,7.5203177835138835,25.95,149.89,87.32,25.13,0.0,UGC06786,64.0,3.0,29.3,7.32,1.5647074800071368,0.6165842619457446,0.5259348897844208,20903.098982036092,11.690948869573823,0.3528982821610741,0.7355085891946292
11.99,154.0555047136051,7.388208723190708,28.72,144.35,82.33,18.64,0.0,UGC06786,64.0,3.0,29.3,7.32,1.5647074800071368,0.6165842619457446,0.5259348897844208,20903.098982036092,11.690948869573823,0.3528982821610741,0.7355085891946292
12.1,145.00546952255573,7.379194996271789,29.04,143.9,81.96,18.15,0.0,UGC06786,64.0,3.0,29.3,7.32,1.5647074800071368,0.6165842619457446,0.5259348897844208,20903.098982036092,11.690948869573823,0.3528982821610741,0.7355085891946292
12.33,157.96402101386005,7.359141578924909,29.36,143.03,81.19,17.16,0.0,UGC06786,64.0,3.0,29.3,7.32,1.5647074800071368,0.6165842619457446,0.5259348897844208,20903.098982036092,11.690948869573823,0.3528982821610741,0.7355085891946292
12.78,135.3988641076191,7.324442995620564,30.21,141.37,79.75,15.35,0.0,UGC06786,64.0,3.0,29.3,7.32,1.5647074800071368,0.6165842619457446,0.5259348897844208,20903.098982036092,11.690948869573823,0.3528982821610741,0.7355085891946292
14.93,153.93215245101553,7.15984877677679,33.5,133.3,73.78,8.44,0.0,UGC06786,64.0,3.0,29.3,7.32,1.5647074800071368,0.6165842619457446,0.5259348897844208,20903.098982036092,11.690948869573823,0.3528982821610741,0.7355085891946292
17.08,135.21160919273908,6.989924859320367,35.21,125.19,68.98,4.75,0.0,UGC06786,64.0,3.0,29.3,7.32,1.5647074800071368,0.6165842619457446,0.5259348897844208,20903.098982036092,11.690948869573823,0.3528982821610741,0.7355085891946292
19.23,117.64673582219928,6.832098669980711,35.84,117.76,65.01,2.4,0.0,UGC06786,64.0,3.0,29.3,7.32,1.5647074800071368,0.6165842619457446,0.5259348897844208,20903.098982036092,11.690948869573823,0.3528982821610741,0.7355085891946292
21.27,151.3321905111598,6.68109553962252,35.52,111.0,61.81,1.83,0.0,UGC06786,64.0,3.0,29.3,7.32,1.5647074800071368,0.6165842619457446,0.5259348897844208,20903.098982036092,11.690948869573823,0.3528982821610741,0.7355085891946292
23.42,141.73440746832304,6.568461206113814,34.46,106.04,58.91,1.1,0.0,UGC06786,64.0,3.0,29.3,7.32,1.5647074800071368,0.6165842619457446,0.5259348897844208,20903.098982036092,11.690948869573823,0.3528982821610741,0.7355085891946292
25.57,122.27378251904899,6.446279681123254,32.87,101.01,56.38,0.42,0.0,UGC06786,64.0,3.0,29.3,7.32,1.5647074800071368,0.6165842619457446,0.5259348897844208,20903.098982036092,11.690948869573823,0.3528982821610741,0.7355085891946292
27.72,127.6506329093876,6.3290484495191395,31.59,96.03,54.15,0.24,0.0,UGC06786,64.0,3.0,29.3,7.32,1.5647074800071368,0.6165842619457446,0.5259348897844208,20903.098982036092,11.690948869573823,0.3528982821610741,0.7355085891946292
29.87,123.36987577994505,6.235367939376928,30.53,91.96,52.16,0.13,0.0,UGC06786,64.0,3.0,29.3,7.32,1.5647074800071368,0.6165842619457446,0.5259348897844208,20903.098982036092,11.690948869573823,0.3528982821610741,0.7355085891946292
32.02,123.7139791746169,6.154244368579371,29.67,88.37,50.38,0.07,0.0,UGC06786,64.0,3.0,29.3,7.32,1.5647074800071368,0.6165842619457446,0.5259348897844208,20903.098982036092,11.690948869573823,0.3528982821610741,0.7355085891946292
34.05,112.74276790402583,6.088702918243724,29.04,85.42,48.86,0.0,0.0,UGC06786,64.0,3.0,29.3,7.32,1.5647074800071368,0.6165842619457446,0.5259348897844208,20903.098982036092,11.690948869573823,0.3528982821610741,0.7355085891946292
1.74,39.13851429740687,1.9491534404383506,0.0,56.25,0.0,84.05,0.0,UGC06917,56.0,2.0,18.0,2.5,0.5335178620169675,0.42738630931156246,0.7796400995898701,4464.018178812827,7.624079439390658,0.5419290578689117,-0.2096452893445584
2.61,47.19581725097069,2.111743214787229,0.0,59.09,0.0,59.41,0.0,UGC06917,56.0,2.0,18.0,2.5,0.5335178620169675,0.42738630931156246,0.7796400995898701,4464.018178812827,7.624079439390658,0.5419290578689117,-0.2096452893445584
3.5,44.1287754426694,2.288330281933699,6.4,61.72,0.0,38.85,0.0,UGC06917,56.0,2.0,18.0,2.5,0.5335178620169675,0.42738630931156246,0.7796400995898701,4464.018178812827,7.624079439390658,0.5419290578689117,-0.2096452893445584
4.37,50.70739234094811,2.502915266896342,14.66,63.73,0.0,29.86,0.0,UGC06917,56.0,2.0,18.0,2.5,0.5335178620169675,0.42738630931156246,0.7796400995898701,4464.018178812827,7.624079439390658,0.5419290578689117,-0.2096452893445584
5.24,47.58046498845366,2.6311270411988774,17.89,64.38,0.0,19.57,0.0,UGC06917,56.0,2.0,18.0,2.5,0.5335178620169675,0.42738630931156246,0.7796400995898701,4464.018178812827,7.624079439390658,0.5419290578689117,-0.2096452893445584
6.11,51.29217039141614,2.736039613644298,20.91,64.3,0.0,16.34,0.0,UGC06917,56.0,2.0,18.0,2.5,0.5335178620169675,0.42738630931156246,0.7796400995898701,4464.018178812827,7.624079439390658,0.5419290578689117,-0.2096452893445584
6.98,60.970380261603545,2.858630754571898,24.79,64.23,0.0,10.95,0.0,UGC06917,56.0,2.0,18.0,2.5,0.5335178620169675,0.42738630931156246,0.7796400995898701,4464.018178812827,7.624079439390658,0.5419290578689117,-0.2096452893445584
7.85,55.839848247473554,2.9301186090566436,27.59,62.94,0.0,8.29,0.0,UGC06917,56.0,2.0,18.0,2.5,0.5335178620169675,0.42738630931156246,0.7796400995898701,4464.018178812827,7.624079439390658,0.5419290578689117,-0.2096452893445584
8.72,61.115418345772746,2.9767856063089884,29.1,61.95,0.0,6.21,0.0,UGC06917,56.0,2.0,18.0,2.5,0.5335178620169675,0.42738630931156246,0.7796400995898701,4464.018178812827,7.624079439390658,0.5419290578689117,-0.2096452893445584
9.6,61.22620287065198,3.0707944237478393,32.76,60.68,0.0,4.78,0.0,UGC06917,56.0,2.0,18.0,2.5,0.5335178620169675,0.42738630931156246,0.7796400995898701,4464.018178812827,7.624079439390658,0.5419290578689117,-0.2096452893445584
10.47,60.60672122517044,3.1973241412132,36.86,60.19,0.0,3.35,0.0,UGC06917,56.0,2.0,18.0,2.5,0.5335178620169675,0.42738630931156246,0.7796400995898701,4464.018178812827,7.624079439390658,0.5419290578689117,-0.2096452893445584
0.45,45.8544470799533,2.220302249903494,0.0,65.19,0.0,2096.34,0.0,ESO563-G021,83.0,3.0,60.8,9.1,2.191977493867602,0.4614717043366442,0.6218343039568085,17496.00168293479,16.01688111983903,0.23791134355184523,1.3104432822407737
1.34,79.71176401278935,4.104078211658407,0.0,120.17,0.0,997.68,0.0,ESO563-G021,83.0,3.0,60.8,9.1,2.191977493867602,0.4614717043366442,0.6218343039568085,17496.00168293479,16.01688111983903,0.23791134355184523,1.3104432822407737
2.23,90.06506845739004,4.717202817993512,0.0,137.48,0.0,691.26,0.0,ESO563-G021,83.0,3.0,60.8,9.1,2.191977493867602,0.4614717043366442,0.6218343039568085,17496.00168293479,16.01688111983903,0.23791134355184523,1.3104432822407737
3.12,102.32203276797041,5.044883687731075,0.0,146.18,0.0,574.33,0.0,ESO563-G021,83.0,3.0,60.8,9.1,2.191977493867602,0.4614717043366442,0.6218343039568085,17496.00168293479,16.01688111983903,0.23791134355184523,1.3104432822407737
4.01,108.94982903575156,5.474870020757933,0.0,157.86,0.0,548.02,0.0,ESO563-G021,83.0,3.0,60.8,9.1,2.191977493867602,0.4614717043366442,0.6218343039568085,17496.00168293479,16.01688111983903,0.23791134355184523,1.3104432822407737
4.9,128.53875620184442,6.112660719265883,0.0,175.79,0.0,524.14,0.0,ESO563-G021,83.0,3.0,60.8,9.1,2.191977493867602,0.4614717043366442,0.6218343039568085,17496.00168293479,16.01688111983903,0.23791134355184523,1.3104432822407737
5.79,157.00475884175634,6.930157773166541,0.0,199.19,0.0,483.52,0.0,ESO563-G021,83.0,3.0,60.8,9.1,2.191977493867602,0.4614717043366442,0.6218343039568085,17496.00168293479,16.01688111983903,0.23791134355184523,1.3104432822407737
6.69,158.18827971254106,7.589543406455604,0.0,217.87,0.0,426.75,0.0,ESO563-G021,83.0,3.0,60.8,9.1,2.191977493867602,0.4614717043366442,0.6218343039568085,17496.00168293479,16.01688111983903,0.23791134355184523,1.3104432822407737
7.58,159.4275176714738,7.985242365166471,0.0,228.65,0.0,376.92,0.0,ESO563-G021,83.0,3.0,60.8,9.1,2.191977493867602,0.4614717043366442,0.6218343039568085,17496.00168293479,16.01688111983903,0.23791134355184523,1.3104432822407737
8.47,167.67166278679335,8.456326135711477,0.0,241.76,0.0,345.98,0.0,ESO563-G021,83.0,3.0,60.8,9.1,2.191977493867602,0.4614717043366442,0.6218343039568085,17496.00168293479,16.01688111983903,0.23791134355184523,1.3104432822407737
10.23,175.35793943169952,9.160274643010167,0.0,260.94,0.0,282.74,0.0,ESO563-G021,83.0,3.0,60.8,9.1,2.191977493867602,0.4614717043366442,0.6218343039568085,17496.00168293479,16.01688111983903,0.23791134355184523,1.3104432822407737
12.06,185.07469545235338,9.693161038007629,0.04,275.04,0.0,199.54,0.0,ESO563-G021,83.0,3.0,60.8,9.1,2.191977493867602,0.4614717043366442,0.6218343039568085,17496.00168293479,16.01688111983903,0.23791134355184523,1.3104432822407737
13.44,186.9114696298086,9.839214503698333,0.4,277.98,0.0,164.72,0.0,ESO563-G021,83.0,3.0,60.8,9.1,2.191977493867602,0.4614717043366442,0.6218343039568085,17496.00168293479,16.01688111983903,0.23791134355184523,1.3104432822407737
15.18,196.80467921678311,10.038665844964168,3.11,282.25,0.0,131.46,0.0,ESO563-G021,83.0,3.0,60.8,9.1,2.191977493867602,0.4614717043366442,0.6218343039568085,17496.00168293479,16.01688111983903,0.23791134355184523,1.3104432822407737
16.83,198.7272182613706,10.15320465414281,15.18,283.33,0.0,96.52,0.0,ESO563-G021,83.0,3.0,60.8,9.1,2.191977493867602,0.4614717043366442,0.6218343039568085,17496.00168293479,16.01688111983903,0.23791134355184523,1.3104432822407737
18.56,207.879588104753,10.021321190743903,22.91,276.47,0.0,70.44,0.0,ESO563-G021,83.0,3.0,60.8,9.1,2.191977493867602,0.4614717043366442,0.6218343039568085,17496.00168293479,16.01688111983903,0.23791134355184523,1.3104432822407737
20.3,196.10716172104313,10.004956474984212,33.06,272.19,0.0,62.6,0.0,ESO563-G021,83.0,3.0,60.8,9.1,2.191977493867602,0.4614717043366442,0.6218343039568085,17496.00168293479,16.01688111983903,0.23791134355184523,1.3104432822407737
21.94,199.54138196319047,10.076549692127758,33.62,273.0,0.0,50.58,0.0,ESO563-G021,83.0,3.0,60.8,9.1,2.191977493867602,0.4614717043366442,0.6218343039568085,17496.00168293479,16.01688111983903,0.23791134355184523,1.3104432822407737
23.68,190.07282196715954,10.120093447523766,39.67,271.34,0.0,32.65,0.0,ESO563-G021,83.0,3.0,60.8,9.1,2.191977493867602,0.4614717043366442,0.6218343039568085,17496.00168293479,16.01688111983903,0.23791134355184523,1.3104432822407737
25.41,214.60093070404287,9.914767301538653,44.98,261.62,0.0,19.67,0.0,ESO563-G021,83.0,3.0,60.8,9.1,2.191977493867602,0.4614717043366442,0.6218343039568085,17496.00168293479,16.01688111983903,0.23791134355184523,1.3104432822407737
27.06,198.93991254591253,9.70107984530153,46.29,252.97,0.0,13.79,0.0,ESO563-G021,83.0,3.0,60.8,9.1,2.191977493867602,0.4614717043366442,0.6218343039568085,17496.00168293479,16.01688111983903,0.23791134355184523,1.3104432822407737
28.8,205.33625621574603,9.423904330480793,43.21,243.84,0.0,7.98,0.0,ESO563-G021,83.0,3.0,60.8,9.1,2.191977493867602,0.4614717043366442,0.6218343039568085,17496.00168293479,16.01688111983903,0.23791134355184523,1.3104432822407737
30.53,190.92398612565395,9.180412299939952,45.08,233.85,0.0,4.31,0.0,ESO563-G021,83.0,3.0,60.8,9.1,2.191977493867602,0.4614717043366442,0.6218343039568085,17496.00168293479,16.01688111983903,0.23791134355184523,1.3104432822407737
32.18,194.29690153820786,9.041423594749588,52.43,224.75,0.0,2.73,0.0,ESO563-G021,83.0,3.0,60.8,9.1,2.191977493867602,0.4614717043366442,0.6218343039568085,17496.00168293479,16.01688111983903,0.23791134355184523,1.3104432822407737
33.91,176.5639168749096,8.939260580796981,59.7,216.21,0.0,1.63,0.0,ESO563-G021,83.0,3.0,60.8,9.1,2.191977493867602,0.4614717043366442,0.6218343039568085,17496.00168293479,16.01688111983903,0.23791134355184523,1.3104432822407737
35.65,182.12967108648328,8.791246675873278,61.56,208.83,0.0,1.34,0.0,ESO563-G021,83.0,3.0,60.8,9.1,2.191977493867602,0.4614717043366442,0.6218343039568085,17496.00168293479,16.01688111983903,0.23791134355184523,1.3104432822407737
37.3,196.99980765696964,8.676301001659878,63.33,202.65,0.0,0.94,0.0,ESO563-G021,83.0,3.0,60.8,9.1,2.191977493867602,0.4614717043366442,0.6218343039568085,17496.00168293479,16.01688111983903,0.23791134355184523,1.3104432822407737
39.03,160.21722824578723,8.532874726511997,62.96,196.77,0.0,0.72,0.0,ESO563-G021,83.0,3.0,60.8,9.1,2.191977493867602,0.4614717043366442,0.6218343039568085,17496.00168293479,16.01688111983903,0.23791134355184523,1.3104432822407737
40.76,177.8710070075243,8.399544196617654,62.4,191.39,0.0,0.59,0.0,ESO563-G021,83.0,3.0,60.8,9.1,2.191977493867602,0.4614717043366442,0.6218343039568085,17496.00168293479,16.01688111983903,0.23791134355184523,1.3104432822407737
42.41,179.99496886491204,8.2954849110625,62.21,186.89,0.0,0.59,0.0,ESO563-G021,83.0,3.0,60.8,9.1,2.191977493867602,0.4614717043366442,0.6218343039568085,17496.00168293479,16.01688111983903,0.23791134355184523,1.3104432822407737
2.61,99.53766877198996,4.875136481417214,5.71,126.18,0.0,351.27,0.0,NGC4100,73.0,2.0,18.0,2.5,1.472712578972016,0.5509126720642014,0.8348708229163785,17827.549060762438,9.405697894708911,0.36976217140166623,0.651189142991669
3.5,101.32770112372421,5.301785647306241,9.28,135.14,0.0,336.69,0.0,NGC4100,73.0,2.0,18.0,2.5,1.472712578972016,0.5509126720642014,0.8348708229163785,17827.549060762438,9.405697894708911,0.36976217140166623,0.651189142991669
4.37,116.25467582064667,6.020827759795562,13.15,152.52,0.0,312.74,0.0,NGC4100,73.0,2.0,18.0,2.5,1.472712578972016,0.5509126720642014,0.8348708229163785,17827.549060762438,9.405697894708911,0.36976217140166623,0.651189142991669
5.24,135.78356285669005,7.010558522264093,16.38,177.98,0.0,278.01,0.0,NGC4100,73.0,2.0,18.0,2.5,1.472712578972016,0.5509126720642014,0.8348708229163785,17827.549060762438,9.405697894708911,0.36976217140166623,0.651189142991669
6.11,154.06929568219184,7.760218471687985,19.18,196.88,0.0,213.01,0.0,NGC4100,73.0,2.0,18.0,2.5,1.472712578972016,0.5509126720642014,0.8348708229163785,17827.549060762438,9.405697894708911,0.36976217140166623,0.651189142991669
6.98,165.12691414081442,8.194975323965563,21.66,207.03,0.0,123.77,0.0,NGC4100,73.0,2.0,18.0,2.5,1.472712578972016,0.5509126720642014,0.8348708229163785,17827.549060762438,9.405697894708911,0.36976217140166623,0.651189142991669
7.85,163.4362055014664,7.986900288315301,23.38,198.89,0.0,64.81,0.0,NGC4100,73.0,2.0,18.0,2.5,1.472712578972016,0.5509126720642014,0.8348708229163785,17827.549060762438,9.405697894708911,0.36976217140166623,0.651189142991669
8.72,144.57189934767388,7.794015185439008,24.46,191.25,0.0,40.14,0.0,NGC4100,73.0,2.0,18.0,2.5,1.472712578972016,0.5509126720642014,0.8348708229163785,17827.549060762438,9.405697894708911,0.36976217140166623,0.651189142991669
9.6,164.9334195139996,7.487860404226969,25.0,180.26,0.0,21.59,0.0,NGC4100,73.0,2.0,18.0,2.5,1.472712578972016,0.5509126720642014,0.8348708229163785,17827.549060762438,9.405697894708911,0.36976217140166623,0.651189142991669
10.47,152.51947804075456,7.199908870335323,25.65,169.65,0.0,15.04,0.0,NGC4100,73.0,2.0,18.0,2.5,1.472712578972016,0.5509126720642014,0.8348708229163785,17827.549060762438,9.405697894708911,0.36976217140166623,0.651189142991669
11.35,145.56496944718967,7.017356230722893,26.73,162.03,0.0,13.24,0.0,NGC4100,73.0,2.0,18.0,2.5,1.472712578972016,0.5509126720642014,0.8348708229163785,17827.549060762438,9.405697894708911,0.36976217140166623,0.651189142991669
12.19,136.06130654221607,6.930069379283322,28.34,157.28,0.0,11.29,0.0,NGC4100,73.0,2.0,18.0,2.5,1.472712578972016,0.5509126720642014,0.8348708229163785,17827.549060762438,9.405697894708911,0.36976217140166623,0.651189142991669
13.12,136.22335725915732,6.842405725921722,30.6,152.13,0.0,6.56,0.0,NGC4100,73.0,2.0,18.0,2.5,1.472712578972016,0.5509126720642014,0.8348708229163785,17827.549060762438,9.405697894708911,0.36976217140166623,0.651189142991669
13.94,138.51775739332354,6.736862810191553,32.54,146.63,0.0,4.29,0.0,NGC4100,73.0,2.0,18.0,2.5,1.472712578972016,0.5509126720642014,0.8348708229163785,17827.549060762438,9.405697894708911,0.36976217140166623,0.651189142991669
14.86,135.4595933708398,6.633204781890145,34.38,141.01,0.0,2.82,0.0,NGC4100,73.0,2.0,18.0,2.5,1.472712578972016,0.5509126720642014,0.8348708229163785,17827.549060762438,9.405697894708911,0.36976217140166623,0.651189142991669
15.68,119.8717959255297,6.557919218195396,36.42,136.34,0.0,2.06,0.0,NGC4100,73.0,2.0,18.0,2.5,1.472712578972016,0.5509126720642014,0.8348708229163785,17827.549060762438,9.405697894708911,0.36976217140166623,0.651189142991669
16.61,134.68407719059658,6.487897555403514,38.36,131.69,0.0,1.52,0.0,NGC4100,73.0,2.0,18.0,2.5,1.472712578972016,0.5509126720642014,0.8348708229163785,17827.549060762438,9.405697894708911,0.36976217140166623,0.651189142991669
17.42,147.70500968469233,6.425240076116279,38.9,128.17,0.0,1.33,0.0,NGC4100,73.0,2.0,18.0,2.5,1.472712578972016,0.5509126720642014,0.8348708229163785,17827.549060762438,9.405697894708911,0.36976217140166623,0.651189142991669
18.35,114.8368607755964,6.342226746849633,37.93,124.63,0.0,0.81,0.0,NGC4100,73.0,2.0,18.0,2.5,1.472712578972016,0.5509126720642014,0.8348708229163785,17827.549060762438,9.405697894708911,0.36976217140166623,0.651189142991669
19.16,131.64261060169002,6.262827288378555,36.96,121.38,0.0,0.36,0.0,NGC4100,73.0,2.0,18.0,2.5,1.472712578972016,0.5509126720642014,0.8348708229163785,17827.549060762438,9.405697894708911,0.36976217140166623,0.651189142991669
20.09,125.91607146660476,6.1788678883564225,36.1,117.8,0.0,0.2,0.0,NGC4100,73.0,2.0,18.0,2.5,1.472712578972016,0.5509126720642014,0.8348708229163785,17827.549060762438,9.405697894708911,0.36976217140166623,0.651189142991669
21.02,121.34113952552886,6.10196485877589,34.92,114.69,0.0,0.16,0.0,NGC4100,73.0,2.0,18.0,2.5,1.472712578972016,0.5509126720642014,0.8348708229163785,17827.549060762438,9.405697894708911,0.36976217140166623,0.651189142991669
21.95,129.13973077744654,6.032589144875921,33.73,111.9,0.0,0.11,0.0,NGC4100,73.0,2.0,18.0,2.5,1.472712578972016,0.5509126720642014,0.8348708229163785,17827.549060762438,9.405697894708911,0.36976217140166623,0.651189142991669
22.76,112.1667824224953,5.970636226697955,32.65,109.45,0.0,0.0,0.0,NGC4100,73.0,2.0,18.0,2.5,1.472712578972016,0.5509126720642014,0.8348708229163785,17827.549060762438,9.405697894708911,0.36976217140166623,0.651189142991669
0.87,75.12825574328632,3.7343841735561654,0.0,101.87,0.0,753.73,0.0,NGC3877,76.0,1.0,18.0,2.5,1.5595176197209082,0.5196123965434931,0.9892214051193271,5594.802453257693,3.4508577666787197,0.3538496525963518,0.730751737018241
1.74,84.03286223326498,4.299841900852735,0.0,114.98,0.0,473.06,0.0,NGC3877,76.0,1.0,18.0,2.5,1.5595176197209082,0.5196123965434931,0.9892214051193271,5594.802453257693,3.4508577666787197,0.3538496525963518,0.730751737018241
2.61,100.23431750162575,4.642805786263482,0.0,122.0,0.0,368.22,0.0,NGC3877,76.0,1.0,18.0,2.5,1.5595176197209082,0.5196123965434931,0.9892214051193271,5594.802453257693,3.4508577666787197,0.3538496525963518,0.730751737018241
3.5,97.45189958669773,5.110715418567853,8.66,132.74,0.0,317.36,0.0,NGC3877,76.0,1.0,18.0,2.5,1.5595176197209082,0.5196123965434931,0.9892214051193271,5594.802453257693,3.4508577666787197,0.3538496525963518,0.730751737018241
4.37,116.59914147130064,5.5797255569695965,14.44,143.94,0.0,289.49,0.0,NGC3877,76.0,1.0,18.0,2.5,1.5595176197209082,0.5196123965434931,0.9892214051193271,5594.802453257693,3.4508577666787197,0.3538496525963518,0.730751737018241
5.24,115.75965451258223,6.185950863690328,18.43,159.88,0.0,271.83,0.0,NGC3877,76.0,1.0,18.0,2.5,1.5595176197209082,0.5196123965434931,0.9892214051193271,5594.802453257693,3.4508577666787197,0.3538496525963518,0.730751737018241
6.11,144.1599338171141,6.968431627006516,22.09,181.37,0.0,236.6,0.0,NGC3877,76.0,1.0,18.0,2.5,1.5595176197209082,0.5196123965434931,0.9892214051193271,5594.802453257693,3.4508577666787197,0.3538496525963518,0.730751737018241
6.98,147.73909349343094,7.426985931871521,25.11,193.57,0.0,173.2,0.0,NGC3877,76.0,1.0,18.0,2.5,1.5595176197209082,0.5196123965434931,0.9892214051193271,5594.802453257693,3.4508577666787197,0.3538496525963518,0.730751737018241
7.85,131.83383316685914,7.6007532009744825,26.73,197.84,0.0,132.05,0.0,NGC3877,76.0,1.0,18.0,2.5,1.5595176197209082,0.5196123965434931,0.9892214051193271,5594.802453257693,3.4508577666787197,0.3538496525963518,0.730751737018241
8.72,154.50509186419947,7.727628193462627,28.23,200.86,0.0,101.24,0.0,NGC3877,76.0,1.0,18.0,2.5,1.5595176197209082,0.5196123965434931,0.9892214051193271,5594.802453257693,3.4508577666787197,0.3538496525963518,0.730751737018241
9.6,147.02146627715507,7.777590028325989,29.63,201.7,0.0,66.99,0.0,NGC3877,76.0,1.0,18.0,2.5,1.5595176197209082,0.5196123965434931,0.9892214051193271,5594.802453257693,3.4508577666787197,0.3538496525963518,0.730751737018241
10.47,147.88275157124917,7.5669599491273845,30.28,195.05,0.0,43.34,0.0,NGC3877,76.0,1.0,18.0,2.5,1.5595176197209082,0.5196123965434931,0.9892214051193271,5594.802453257693,3.4508577666787197,0.3538496525963518,0.730751737018241
11.35,159.59028934965085,7.394755059255721,30.28,189.75,0.0,31.05,0.0,NGC3877,76.0,1.0,18.0,2.5,1.5595176197209082,0.5196123965434931,0.9892214051193271,5594.802453257693,3.4508577666787197,0.3538496525963518,0.730751737018241
0.23,11.221216865665482,0.5198682767233473,2.45,11.6,0.0,35.93,0.0,NGC3741,70.0,4.0,3.21,0.17,-1.853871964321762,0.3838061200994613,0.5446318026090151,3661.895864363765,4.774422348100008,0.95,-2.3978468718497847
0.47,14.481027757846409,0.7122071208772396,4.75,13.88,0.0,9.96,0.0,NGC3741,70.0,4.0,3.21,0.17,-1.853871964321762,0.3838061200994613,0.5446318026090151,3661.895864363765,4.774422348100008,0.95,-2.3978468718497847
0.7,15.70396015570797,0.8225010919276624,6.71,13.02,0.0,2.76,0.0,NGC3741,70.0,4.0,3.21,0.17,-1.853871964321762,0.3838061200994613,0.5446318026090151,3661.895864363765,4.774422348100008,0.95,-2.3978468718497847
0.93,18.095754610593183,0.9078821274588229,7.8,11.93,0.0,1.21,0.0,NGC3741,70.0,4.0,3.21,0.17,-1.853871964321762,0.3838061200994613,0.5446318026090151,3661.895864363765,4.774422348100008,0.95,-2.3978468718497847
1.17,20.83917943536019,0.9800156871476298,8.39,10.78,0.0,0.32,0.0,NGC3741,70.0,4.0,3.21,0.17,-1.853871964321762,0.3838061200994613,0.5446318026090151,3661.895864363765,4.774422348100008,0.95,-2.3978468718497847
1.4,21.857299569796524,1.0424368247630522,8.84,9.72,0.0,0.1,0.0,NGC3741,70.0,4.0,3.21,0.17,-1.853871964321762,0.3838061200994613,0.5446318026090151,3661.895864363765,4.774422348100008,0.95,-2.3978468718497847
1.64,22.06976032505196,1.1034377253085843,9.23,8.89,0.0,0.03,0.0,NGC3741,70.0,4.0,3.21,0.17,-1.853871964321762,0.3838061200994613,0.5446318026090151,3661.895864363765,4.774422348100008,0.95,-2.3978468718497847
1.87,23.144463209091832,1.1543290456765816,9.41,8.25,0.0,0.01,0.0,NGC3741,70.0,4.0,3.21,0.17,-1.853871964321762,0.3838061200994613,0.5446318026090151,3661.895864363765,4.774422348100008,0.95,-2.3978468718497847
2.1,23.877716478814428,1.2008326673465555,9.55,7.73,0.0,0.0,0.0,NGC3741,70.0,4.0,3.21,0.17,-1.853871964321762,0.3838061200994613,0.5446318026090151,3661.895864363765,4.774422348100008,0.95,-2.3978468718497847
2.33,24.27288015631241,1.2508355497178751,10.05,7.3,0.0,0.0,0.0,NGC3741,70.0,4.0,3.21,0.17,-1.853871964321762,0.3838061200994613,0.5446318026090151,3661.895864363765,4.774422348100008,0.95,-2.3978468718497847
2.57,28.59872255037822,1.3007768111344744,10.65,6.92,0.0,0.0,0.0,NGC3741,70.0,4.0,3.21,0.17,-1.853871964321762,0.3838061200994613,0.5446318026090151,3661.895864363765,4.774422348100008,0.95,-2.3978468718497847
2.8,26.938982457975733,1.346451395684435,11.28,6.62,0.0,0.0,0.0,NGC3741,70.0,4.0,3.21,0.17,-1.853871964321762,0.3838061200994613,0.5446318026090151,3661.895864363765,4.774422348100008,0.95,-2.3978468718497847
3.26,26.696494203031563,1.4172302066910278,12.0,6.11,0.0,0.0,0.0,NGC3741,70.0,4.0,3.21,0.17,-1.853871964321762,0.3838061200994613,0.5446318026090151,3661.895864363765,4.774422348100008,0.95,-2.3978468718497847
3.73,28.706757747796992,1.471418356560596,12.41,5.7,0.0,0.0,0.0,NGC3741,70.0,4.0,3.21,0.17,-1.853871964321762,0.3838061200994613,0.5446318026090151,3661.895864363765,4.774422348100008,0.95,-2.3978468718497847
4.21,31.60734307946903,1.5234789375717233,13.14,5.36,0.0,0.0,0.0,NGC3741,70.0,4.0,3.21,0.17,-1.853871964321762,0.3838061200994613,0.5446318026090151,3661.895864363765,4.774422348100008,0.95,-2.3978468718497847
4.67,32.21625408058021,1.5593872747774862,13.55,5.09,0.0,0.0,0.0,NGC3741,70.0,4.0,3.21,0.17,-1.853871964321762,0.3838061200994613,0.5446318026090151,3661.895864363765,4.774422348100008,0.95,-2.3978468718497847
5.14,31.518537063709747,1.5871159439863136,13.86,4.84,0.0,0.0,0.0,NGC3741,70.0,4.0,3.21,0.17,-1.853871964321762,0.3838061200994613,0.5446318026090151,3661.895864363765,4.774422348100008,0.95,-2.3978468718497847
5.61,30.951372812801687,1.6026399120675336,13.86,4.63,0.0,0.0,0.0,NGC3741,70.0,4.0,3.21,0.17,-1.853871964321762,0.3838061200994613,0.5446318026090151,3661.895864363765,4.774422348100008,0.95,-2.3978468718497847
6.07,32.26619871152451,1.6113294408168262,13.76,4.45,0.0,0.0,0.0,NGC3741,70.0,4.0,3.21,0.17,-1.853871964321762,0.3838061200994613,0.5446318026090151,3661.895864363765,4.774422348100008,0.95,-2.3978468718497847
6.54,29.508167818060812,1.6142930921970422,13.55,4.29,0.0,0.0,0.0,NGC3741,70.0,4.0,3.21,0.17,-1.853871964321762,0.3838061200994613,0.5446318026090151,3661.895864363765,4.774422348100008,0.95,-2.3978468718497847
7.0,30.122978372549024,1.6141728538333138,13.34,4.14,0.0,0.0,0.0,NGC3741,70.0,4.0,3.21,0.17,-1.853871964321762,0.3838061200994613,0.5446318026090151,3661.895864363765,4.774422348100008,0.95,-2.3978468718497847
1.08,23.269065171452855,1.1258546396447606,2.87,22.18,0.0,66.02,0.0,NGC0247,74.0,3.0,3.7,0.19,0.5641924606261979,0.6041015690691475,0.6249153039794051,10252.135270230665,7.404120458250501,0.5363059958554182,-0.181529979277091
1.61,30.10462768007466,1.5036383052834936,4.22,29.63,0.0,54.33,0.0,NGC0247,74.0,3.0,3.7,0.19,0.5641924606261979,0.6041015690691475,0.6249153039794051,10252.135270230665,7.404120458250501,0.5363059958554182,-0.181529979277091
2.15,39.75112541658392,1.7915611099416535,5.53,34.54,0.0,44.47,0.0,NGC0247,74.0,3.0,3.7,0.19,0.5641924606261979,0.6041015690691475,0.6249153039794051,10252.135270230665,7.404120458250501,0.5363059958554182,-0.181529979277091
2.7,42.05415068541685,2.032927422822737,7.02,38.17,0.0,37.92,0.0,NGC0247,74.0,3.0,3.7,0.19,0.5641924606261979,0.6041015690691475,0.6249153039794051,10252.135270230665,7.404120458250501,0.5363059958554182,-0.181529979277091
3.22,44.183798213404195,2.250195257545289,8.74,41.49,0.0,33.35,0.0,NGC0247,74.0,3.0,3.7,0.19,0.5641924606261979,0.6041015690691475,0.6249153039794051,10252.135270230665,7.404120458250501,0.5363059958554182,-0.181529979277091
3.77,50.91343107699809,2.4533404862072863,10.74,44.33,0.0,29.03,0.0,NGC0247,74.0,3.0,3.7,0.19,0.5641924606261979,0.6041015690691475,0.6249153039794051,10252.135270230665,7.404120458250501,0.5363059958554182,-0.181529979277091
4.31,53.771953085364096,2.6333826648877445,12.87,46.65,0.0,25.59,0.0,NGC0247,74.0,3.0,3.7,0.19,0.5641924606261979,0.6041015690691475,0.6249153039794051,10252.135270230665,7.404120458250501,0.5363059958554182,-0.181529979277091
4.85,53.27287486732313,2.7862361811080447,14.02,48.71,0.0,22.37,0.0,NGC0247,74.0,3.0,3.7,0.19,0.5641924606261979,0.6041015690691475,0.6249153039794051,10252.135270230665,7.404120458250501,0.5363059958554182,-0.181529979277091
5.38,58.35902572369575,2.9070476475575635,14.25,50.36,0.0,19.55,0.0,NGC0247,74.0,3.0,3.7,0.19,0.5641924606261979,0.6041015690691475,0.6249153039794051,10252.135270230665,7.404120458250501,0.5363059958554182,-0.181529979277091
5.92,59.97095036783939,3.024196362886021,15.4,51.67,0.0,17.02,0.0,NGC0247,74.0,3.0,3.7,0.19,0.5641924606261979,0.6041015690691475,0.6249153039794051,10252.135270230665,7.404120458250501,0.5363059958554182,-0.181529979277091
6.46,56.404796984806175,3.1373563537367826,17.47,52.6,0.0,14.83,0.0,NGC0247,74.0,3.0,3.7,0.19,0.5641924606261979,0.6041015690691475,0.6249153039794051,10252.135270230665,7.404120458250501,0.5363059958554182,-0.181529979277091
6.99,64.35326527383035,3.24643503069779,20.12,53.23,0.0,13.01,0.0,NGC0247,74.0,3.0,3.7,0.19,0.5641924606261979,0.6041015690691475,0.6249153039794051,10252.135270230665,7.404120458250501,0.5363059958554182,-0.181529979277091
7.53,66.21125214220788,3.359451929325301,23.34,53.67,0.0,11.5,0.0,NGC0247,74.0,3.0,3.7,0.19,0.5641924606261979,0.6041015690691475,0.6249153039794051,10252.135270230665,7.404120458250501,0.5363059958554182,-0.181529979277091
8.07,67.53241647537467,3.454456523295187,25.63,54.09,0.0,10.34,0.0,NGC0247,74.0,3.0,3.7,0.19,0.5641924606261979,0.6041015690691475,0.6249153039794051,10252.135270230665,7.404120458250501,0.5363059958554182,-0.181529979277091
8.62,64.85708042048248,3.5423793389260236,27.36,54.75,0.0,9.41,0.0,NGC0247,74.0,3.0,3.7,0.19,0.5641924606261979,0.6041015690691475,0.6249153039794051,10252.135270230665,7.404120458250501,0.5363059958554182,-0.181529979277091
9.14,71.21266050525723,3.6267578918353616,29.31,55.29,0.0,8.09,0.0,NGC0247,74.0,3.0,3.7,0.19,0.5641924606261979,0.6041015690691475,0.6249153039794051,10252.135270230665,7.404120458250501,0.5363059958554182,-0.181529979277091
9.69,73.99493201999952,3.7073099007456847,31.5,55.46,0.0,6.86,0.0,NGC0247,74.0,3.0,3.7,0.19,0.5641924606261979,0.6041015690691475,0.6249153039794051,10252.135270230665,7.404120458250501,0.5363059958554182,-0.181529979277091
10.23,75.88298803582217,3.7743725312785568,33.45,55.35,0.0,5.8,0.0,NGC0247,74.0,3.0,3.7,0.19,0.5641924606261979,0.6041015690691475,0.6249153039794051,10252.135270230665,7.404120458250501,0.5363059958554182,-0.181529979277091
10.76,72.11064141286022,3.829024495928423,35.18,54.98,0.0,4.92,0.0,NGC0247,74.0,3.0,3.7,0.19,0.5641924606261979,0.6041015690691475,0.6249153039794051,10252.135270230665,7.404120458250501,0.5363059958554182,-0.181529979277091
11.3,79.88459066971396,3.8684607190278015,36.44,54.45,0.0,4.17,0.0,NGC0247,74.0,3.0,3.7,0.19,0.5641924606261979,0.6041015690691475,0.6249153039794051,10252.135270230665,7.404120458250501,0.5363059958554182,-0.181529979277091
11.84,72.89821590276905,3.8878367039008013,37.01,53.82,0.0,3.57,0.0,NGC0247,74.0,3.0,3.7,0.19,0.5641924606261979,0.6041015690691475,0.6249153039794051,10252.135270230665,7.404120458250501,0.5363059958554182,-0.181529979277091
12.38,76.94602740508779,3.892068174863195,37.01,53.2,0.0,3.12,0.0,NGC0247,74.0,3.0,3.7,0.19,0.5641924606261979,0.6041015690691475,0.6249153039794051,10252.135270230665,7.404120458250501,0.5363059958554182,-0.181529979277091
12.91,82.75221647245718,3.877496944187206,36.33,52.54,0.0,2.63,0.0,NGC0247,74.0,3.0,3.7,0.19,0.5641924606261979,0.6041015690691475,0.6249153039794051,10252.135270230665,7.404120458250501,0.5363059958554182,-0.181529979277091
13.48,74.27424408501193,3.8507522560750385,35.29,51.7,0.0,2.23,0.0,NGC0247,74.0,3.0,3.7,0.19,0.5641924606261979,0.6041015690691475,0.6249153039794051,10252.135270230665,7.404120458250501,0.5363059958554182,-0.181529979277091
14.01,74.35800590480993,3.8181264344804577,34.03,50.9,0.0,1.96,0.0,NGC0247,74.0,3.0,3.7,0.19,0.5641924606261979,0.6041015690691475,0.6249153039794051,10252.135270230665,7.404120458250501,0.5363059958554182,-0.181529979277091
14.54,79.85851312290148,3.7841623001919906,32.65,50.18,0.0,1.79,0.0,NGC0247,74.0,3.0,3.7,0.19,0.5641924606261979,0.6041015690691475,0.6249153039794051,10252.135270230665,7.404120458250501,0.5363059958554182,-0.181529979277091
0.26,6.393389123937952,0.36048797684440315,-0.43,8.55,0.0,76.79,0.0,UGC11820,45.0,10.0,18.1,5.43,-0.3142582613977364,0.45656083608845915,0.6524878085747532,6752.023025606898,10.240921266892366,0.6973376999264316,-0.9866884996321578
0.44,10.763282878337947,0.5620857005968974,1.29,13.84,0.0,73.61,0.0,UGC11820,45.0,10.0,18.1,5.43,-0.3142582613977364,0.45656083608845915,0.6524878085747532,6752.023025606898,10.240921266892366,0.6973376999264316,-0.9866884996321578
0.61,13.80933677664529,0.7281452016340272,1.97,18.2,0.0,57.73,0.0,UGC11820,45.0,10.0,18.1,5.43,-0.3142582613977364,0.45656083608845915,0.6524878085747532,6752.023025606898,10.240921266892366,0.6973376999264316,-0.9866884996321578
0.79,16.198728729837708,0.8577297143306842,2.55,21.35,0.0,46.68,0.0,UGC11820,45.0,10.0,18.1,5.43,-0.3142582613977364,0.45656083608845915,0.6524878085747532,6752.023025606898,10.240921266892366,0.6973376999264316,-0.9866884996321578
1.01,18.94860088030239,0.9909207364047443,3.22,24.45,0.0,34.99,0.0,UGC11820,45.0,10.0,18.1,5.43,-0.3142582613977364,0.45656083608845915,0.6524878085747532,6752.023025606898,10.240921266892366,0.6973376999264316,-0.9866884996321578
5.26,36.26842402310008,1.895055284956828,17.11,26.68,0.0,1.91,0.0,UGC11820,45.0,10.0,18.1,5.43,-0.3142582613977364,0.45656083608845915,0.6524878085747532,6752.023025606898,10.240921266892366,0.6973376999264316,-0.9866884996321578
7.91,48.5200997567324,2.389068077980536,28.49,24.35,0.0,0.98,0.0,UGC11820,45.0,10.0,18.1,5.43,-0.3142582613977364,0.45656083608845915,0.6524878085747532,6752.023025606898,10.240921266892366,0.6973376999264316,-0.9866884996321578
10.52,51.898453851496924,2.7189229382671822,35.7,21.4,0.0,0.18,0.0,UGC11820,45.0,10.0,18.1,5.43,-0.3142582613977364,0.45656083608845915,0.6524878085747532,6752.023025606898,10.240921266892366,0.6973376999264316,-0.9866884996321578
13.14,55.808459580490364,2.773010651998984,35.45,18.93,0.0,0.05,0.0,UGC11820,45.0,10.0,18.1,5.43,-0.3142582613977364,0.45656083608845915,0.6524878085747532,6752.023025606898,10.240921266892366,0.6973376999264316,-0.9866884996321578
15.82,57.311465434208515,2.8078136562804232,35.37,17.02,0.0,0.0,0.0,UGC11820,45.0,10.0,18.1,5.43,-0.3142582613977364,0.45656083608845915,0.6524878085747532,6752.023025606898,10.240921266892366,0.6973376999264316,-0.9866884996321578
0.64,14.67781449813872,0.7586601999193759,1.18,13.56,0.0,67.54,0.0,F568-3,40.0,10.0,82.4,8.24,0.6204483847117088,0.4208861999191593,0.7219143215405417,16973.72101423479,7.4410023536314895,0.5259935365535376,-0.12996768276768833
1.18,23.59176601062621,1.1835247399778412,1.55,21.17,0.0,56.11,0.0,F568-3,40.0,10.0,82.4,8.24,0.6204483847117088,0.4208861999191593,0.7219143215405417,16973.72101423479,7.4410023536314895,0.5259935365535376,-0.12996768276768833
1.8,30.15303908497578,1.5818354522291131,1.6,27.72,0.0,46.3,0.0,F568-3,40.0,10.0,82.4,8.24,0.6204483847117088,0.4208861999191593,0.7219143215405417,16973.72101423479,7.4410023536314895,0.5259935365535376,-0.12996768276768833
2.03,34.73359201157087,1.7129436641961189,1.54,29.76,0.0,44.1,0.0,F568-3,40.0,10.0,82.4,8.24,0.6204483847117088,0.4208861999191593,0.7219143215405417,16973.72101423479,7.4410023536314895,0.5259935365535376,-0.12996768276768833
2.78,44.10473696987694,2.112048097201504,1.46,36.4,0.0,37.67,0.0,F568-3,40.0,10.0,82.4,8.24,0.6204483847117088,0.4208861999191593,0.7219143215405417,16973.72101423479,7.4410023536314895,0.5259935365535376,-0.12996768276768833
3.0,42.484507702828665,2.217116386484245,1.62,38.08,0.0,35.56,0.0,F568-3,40.0,10.0,82.4,8.24,0.6204483847117088,0.4208861999191593,0.7219143215405417,16973.72101423479,7.4410023536314895,0.5259935365535376,-0.12996768276768833
3.64,49.41796897110516,2.4976159250584686,2.96,42.4,0.0,30.26,0.0,F568-3,40.0,10.0,82.4,8.24,0.6204483847117088,0.4208861999191593,0.7219143215405417,16973.72101423479,7.4410023536314895,0.5259935365535376,-0.12996768276768833
4.19,57.35970852656198,2.7136729382882434,5.28,45.43,0.0,25.29,0.0,F568-3,40.0,10.0,82.4,8.24,0.6204483847117088,0.4208861999191593,0.7219143215405417,16973.72101423479,7.4410023536314895,0.5259935365535376,-0.12996768276768833
4.6,55.433451210801685,2.8439786865069525,6.86,46.43,0.0,21.07,0.0,F568-3,40.0,10.0,82.4,8.24,0.6204483847117088,0.4208861999191593,0.7219143215405417,16973.72101423479,7.4410023536314895,0.5259935365535376,-0.12996768276768833
5.14,60.50815731172875,2.9966249083129495,8.92,47.19,0.0,19.58,0.0,F568-3,40.0,10.0,82.4,8.24,0.6204483847117088,0.4208861999191593,0.7219143215405417,16973.72101423479,7.4410023536314895,0.5259935365535376,-0.12996768276768833
5.39,58.198943397260834,3.07055740352102,9.95,47.91,0.0,19.11,0.0,F568-3,40.0,10.0,82.4,8.24,0.6204483847117088,0.4208861999191593,0.7219143215405417,16973.72101423479,7.4410023536314895,0.5259935365535376,-0.12996768276768833
6.31,63.84715119807817,3.331755855562962,14.48,50.48,0.0,14.95,0.0,F568-3,40.0,10.0,82.4,8.24,0.6204483847117088,0.4208861999191593,0.7219143215405417,16973.72101423479,7.4410023536314895,0.5259935365535376,-0.12996768276768833
9.1,75.65387474456767,3.8843597032112527,26.69,51.31,0.0,7.98,0.0,F568-3,40.0,10.0,82.4,8.24,0.6204483847117088,0.4208861999191593,0.7219143215405417,16973.72101423479,7.4410023536314895,0.5259935365535376,-0.12996768276768833
10.17,89.65860650830292,4.042988485666143,29.9,52.01,0.0,6.77,0.0,F568-3,40.0,10.0,82.4,8.24,0.6204483847117088,0.4208861999191593,0.7219143215405417,16973.72101423479,7.4410023536314895,0.5259935365535376,-0.12996768276768833
11.99,82.78408314045929,4.225628861167784,33.72,51.6,0.0,4.47,0.0,F568-3,40.0,10.0,82.4,8.24,0.6204483847117088,0.4208861999191593,0.7219143215405417,16973.72101423479,7.4410023536314895,0.5259935365535376,-0.12996768276768833
14.02,84.62415548595287,4.346377807909745,36.41,50.13,0.0,3.11,0.0,F568-3,40.0,10.0,82.4,8.24,0.6204483847117088,0.4208861999191593,0.7219143215405417,16973.72101423479,7.4410023536314895,0.5259935365535376,-0.12996768276768833
15.94,86.21122601217745,4.435462489091854,38.69,49.27,0.0,2.41,0.0,F568-3,40.0,10.0,82.4,8.24,0.6204483847117088,0.4208861999191593,0.7219143215405417,16973.72101423479,7.4410023536314895,0.5259935365535376,-0.12996768276768833
17.98,88.68916419087765,4.471482611876754,39.0,48.97,0.0,1.66,0.0,F568-3,40.0,10.0,82.4,8.24,0.6204483847117088,0.4208861999191593,0.7219143215405417,16973.72101423479,7.4410023536314895,0.5259935365535376,-0.12996768276768833
0.35,18.13275305304182,0.8454521081790596,-0.61,15.45,0.0,54.27,0.0,UGC07524,46.0,3.0,4.74,0.24,0.08564728829685654,0.5815178044767444,0.7312183536825918,11302.688270324465,3.674084415871782,0.6240296924079165,-0.6201484620395822
0.69,23.89287990169913,1.1783409925299166,-1.22,17.95,0.0,43.05,0.0,UGC07524,46.0,3.0,4.74,0.24,0.08564728829685654,0.5815178044767444,0.7312183536825918,11302.688270324465,3.674084415871782,0.6240296924079165,-0.6201484620395822
1.03,30.186018075241677,1.4649437618402605,-2.04,20.19,0.0,30.93,0.0,UGC07524,46.0,3.0,4.74,0.24,0.08564728829685654,0.5815178044767444,0.7312183536825918,11302.688270324465,3.674084415871782,0.6240296924079165,-0.6201484620395822
1.38,31.709294085597417,1.708806340808516,-1.72,21.43,0.0,26.57,0.0,UGC07524,46.0,3.0,4.74,0.24,0.08564728829685654,0.5815178044767444,0.7312183536825918,11302.688270324465,3.674084415871782,0.6240296924079165,-0.6201484620395822
1.72,38.35229111085339,1.9298749981548273,3.47,22.82,0.0,24.96,0.0,UGC07524,46.0,3.0,4.74,0.24,0.08564728829685654,0.5815178044767444,0.7312183536825918,11302.688270324465,3.674084415871782,0.6240296924079165,-0.6201484620395822
2.07,42.56835868579194,2.13578079731225,3.53,25.15,0.0,21.49,0.0,UGC07524,46.0,3.0,4.74,0.24,0.08564728829685654,0.5815178044767444,0.7312183536825918,11302.688270324465,3.674084415871782,0.6240296924079165,-0.6201484620395822
2.41,45.54524963601505,2.305266514423012,4.13,26.82,0.0,19.73,0.0,UGC07524,46.0,3.0,4.74,0.24,0.08564728829685654,0.5815178044767444,0.7312183536825918,11302.688270324465,3.674084415871782,0.6240296924079165,-0.6201484620395822
2.76,44.25138308641738,2.4794689385502973,6.88,28.98,0.0,17.35,0.0,UGC07524,46.0,3.0,4.74,0.24,0.08564728829685654,0.5815178044767444,0.7312183536825918,11302.688270324465,3.674084415871782,0.6240296924079165,-0.6201484620395822
3.1,54.66899330014017,2.618168503531299,9.39,30.06,0.0,14.95,0.0,UGC07524,46.0,3.0,4.74,0.24,0.08564728829685654,0.5815178044767444,0.7312183536825918,11302.688270324465,3.674084415871782,0.6240296924079165,-0.6201484620395822
3.45,53.84907736905379,2.745601902539907,11.99,30.89,0.0,12.04,0.0,UGC07524,46.0,3.0,4.74,0.24,0.08564728829685654,0.5815178044767444,0.7312183536825918,11302.688270324465,3.674084415871782,0.6240296924079165,-0.6201484620395822
3.79,55.852396047323886,2.85515794313475,14.78,31.14,0.0,11.79,0.0,UGC07524,46.0,3.0,4.74,0.24,0.08564728829685654,0.5815178044767444,0.7312183536825918,11302.688270324465,3.674084415871782,0.6240296924079165,-0.6201484620395822
4.14,58.46688178627088,2.96112380367882,16.87,32.08,0.0,10.85,0.0,UGC07524,46.0,3.0,4.74,0.24,0.08564728829685654,0.5815178044767444,0.7312183536825918,11302.688270324465,3.674084415871782,0.6240296924079165,-0.6201484620395822
4.48,60.17976655273185,3.0436985423727267,18.27,32.77,0.0,9.51,0.0,UGC07524,46.0,3.0,4.74,0.24,0.08564728829685654,0.5815178044767444,0.7312183536825918,11302.688270324465,3.674084415871782,0.6240296924079165,-0.6201484620395822
4.82,63.4032571010864,3.106921708992072,19.32,33.02,0.0,8.75,0.0,UGC07524,46.0,3.0,4.74,0.24,0.08564728829685654,0.5815178044767444,0.7312183536825918,11302.688270324465,3.674084415871782,0.6240296924079165,-0.6201484620395822
5.17,59.26971792299253,3.1646014195280983,19.78,33.86,0.0,8.46,0.0,UGC07524,46.0,3.0,4.74,0.24,0.08564728829685654,0.5815178044767444,0.7312183536825918,11302.688270324465,3.674084415871782,0.6240296924079165,-0.6201484620395822
5.51,61.012504573035855,3.199572035092106,19.55,34.37,0.0,6.93,0.0,UGC07524,46.0,3.0,4.74,0.24,0.08564728829685654,0.5815178044767444,0.7312183536825918,11302.688270324465,3.674084415871782,0.6240296924079165,-0.6201484620395822
5.86,65.45877362544142,3.2260586779551232,19.78,34.15,0.0,6.35,0.0,UGC07524,46.0,3.0,4.74,0.24,0.08564728829685654,0.5815178044767444,0.7312183536825918,11302.688270324465,3.674084415871782,0.6240296924079165,-0.6201484620395822
6.2,65.70378179709098,3.2614485474289783,20.48,34.36,0.0,6.28,0.0,UGC07524,46.0,3.0,4.74,0.24,0.08564728829685654,0.5815178044767444,0.7312183536825918,11302.688270324465,3.674084415871782,0.6240296924079165,-0.6201484620395822
6.55,64.81025952471408,3.302712095903866,21.53,34.78,0.0,5.87,0.0,UGC07524,46.0,3.0,4.74,0.24,0.08564728829685654,0.5815178044767444,0.7312183536825918,11302.688270324465,3.674084415871782,0.6240296924079165,-0.6201484620395822
6.89,64.95686105440278,3.343795333923289,22.81,35.14,0.0,5.48,0.0,UGC07524,46.0,3.0,4.74,0.24,0.08564728829685654,0.5815178044767444,0.7312183536825918,11302.688270324465,3.674084415871782,0.6240296924079165,-0.6201484620395822
7.25,64.87271300992967,3.3848560246798023,24.09,35.58,0.0,5.16,0.0,UGC07524,46.0,3.0,4.74,0.24,0.08564728829685654,0.5815178044767444,0.7312183536825918,11302.688270324465,3.674084415871782,0.6240296924079165,-0.6201484620395822
7.58,68.29467547542394,3.4247262969891277,25.37,36.1,0.0,4.85,0.0,UGC07524,46.0,3.0,4.74,0.24,0.08564728829685654,0.5815178044767444,0.7312183536825918,11302.688270324465,3.674084415871782,0.6240296924079165,-0.6201484620395822
7.94,73.44113737381782,3.46735588425814,26.77,36.68,0.0,4.42,0.0,UGC07524,46.0,3.0,4.74,0.24,0.08564728829685654,0.5815178044767444,0.7312183536825918,11302.688270324465,3.674084415871782,0.6240296924079165,-0.6201484620395822
8.27,66.46080036915247,3.5086568703583176,28.28,37.11,0.0,4.01,0.0,UGC07524,46.0,3.0,4.74,0.24,0.08564728829685654,0.5815178044767444,0.7312183536825918,11302.688270324465,3.674084415871782,0.6240296924079165,-0.6201484620395822
8.63,76.4463855137965,3.551793703373465,29.91,37.49,0.0,3.56,0.0,UGC07524,46.0,3.0,4.74,0.24,0.08564728829685654,0.5815178044767444,0.7312183536825918,11302.688270324465,3.674084415871782,0.6240296924079165,-0.6201484620395822
8.97,74.68177796527742,3.5828940881239832,31.07,37.76,0.0,3.14,0.0,UGC07524,46.0,3.0,4.74,0.24,0.08564728829685654,0.5815178044767444,0.7312183536825918,11302.688270324465,3.674084415871782,0.6240296924079165,-0.6201484620395822
9.3,70.57201527170905,3.6103690770969568,32.12,37.98,0.0,2.76,0.0,UGC07524,46.0,3.0,4.74,0.24,0.08564728829685654,0.5815178044767444,0.7312183536825918,11302.688270324465,3.674084415871782,0.6240296924079165,-0.6201484620395822
9.66,75.51613425762822,3.633540018026114,33.05,38.12,0.0,2.36,0.0,UGC07524,46.0,3.0,4.74,0.24,0.08564728829685654,0.5815178044767444,0.7312183536825918,11302.688270324465,3.674084415871782,0.6240296924079165,-0.6201484620395822
9.99,67.68804080845172,3.652082015696058,33.75,38.33,0.0,2.09,0.0,UGC07524,46.0,3.0,4.74,0.24,0.08564728829685654,0.5815178044767444,0.7312183536825918,11302.688270324465,3.674084415871782,0.6240296924079165,-0.6201484620395822
10.35,67.06131000237794,3.6708862313566217,34.21,38.96,0.0,1.89,0.0,UGC07524,46.0,3.0,4.74,0.24,0.08564728829685654,0.5815178044767444,0.7312183536825918,11302.688270324465,3.674084415871782,0.6240296924079165,-0.6201484620395822
10.69,68.61412253040311,3.667200642438313,34.56,38.32,0.0,0.0,0.0,UGC07524,46.0,3.0,4.74,0.24,0.08564728829685654,0.5815178044767444,0.7312183536825918,11302.688270324465,3.674084415871782,0.6240296924079165,-0.6201484620395822
0.09,11.397845643171305,0.6380041330496464,1.23,16.63,0.0,657.92,0.0,UGC05721,61.0,5.0,6.18,1.85,-0.5759354745825122,0.45498319678594956,0.6494669312708761,7029.186004214714,2.537432854272536,0.7453066144019213,-1.2265330720096064
0.27,25.634676378963754,1.2507557627204697,3.67,32.22,0.0,309.01,0.0,UGC05721,61.0,5.0,6.18,1.85,-0.5759354745825122,0.45498319678594956,0.6494669312708761,7029.186004214714,2.537432854272536,0.7453066144019213,-1.2265330720096064
0.45,29.90642404001482,1.6095424269143028,5.99,40.27,0.0,181.32,0.0,UGC05721,61.0,5.0,6.18,1.85,-0.5759354745825122,0.45498319678594956,0.6494669312708761,7029.186004214714,2.537432854272536,0.7453066144019213,-1.2265330720096064
0.63,35.130287669038964,1.816537374623672,8.14,43.48,0.0,105.94,0.0,UGC05721,61.0,5.0,6.18,1.85,-0.5759354745825122,0.45498319678594956,0.6494669312708761,7029.186004214714,2.537432854272536,0.7453066144019213,-1.2265330720096064
0.81,38.089048475171964,1.9445937454873434,10.08,44.07,0.0,62.77,0.0,UGC05721,61.0,5.0,6.18,1.85,-0.5759354745825122,0.45498319678594956,0.6494669312708761,7029.186004214714,2.537432854272536,0.7453066144019213,-1.2265330720096064
0.99,38.46437545529484,2.0412229575381713,11.72,43.71,0.0,45.1,0.0,UGC05721,61.0,5.0,6.18,1.85,-0.5759354745825122,0.45498319678594956,0.6494669312708761,7029.186004214714,2.537432854272536,0.7453066144019213,-1.2265330720096064
1.17,40.070471190792254,2.150972702670071,13.25,44.14,0.0,29.74,0.0,UGC05721,61.0,5.0,6.18,1.85,-0.5759354745825122,0.45498319678594956,0.6494669312708761,7029.186004214714,2.537432854272536,0.7453066144019213,-1.2265330720096064
1.35,42.280251521388806,2.2259889074049686,15.37,42.83,0.0,15.24,0.0,UGC05721,61.0,5.0,6.18,1.85,-0.5759354745825122,0.45498319678594956,0.6494669312708761,7029.186004214714,2.537432854272536,0.7453066144019213,-1.2265330720096064
1.53,46.12636133383492,2.3076938724870923,18.44,40.98,0.0,9.18,0.0,UGC05721,61.0,5.0,6.18,1.85,-0.5759354745825122,0.45498319678594956,0.6494669312708761,7029.186004214714,2.537432854272536,0.7453066144019213,-1.2265330720096064
1.71,49.07937274312872,2.383652997672031,21.32,38.82,0.0,5.33,0.0,UGC05721,61.0,5.0,6.18,1.85,-0.5759354745825122,0.45498319678594956,0.6494669312708761,7029.186004214714,2.537432854272536,0.7453066144019213,-1.2265330720096064
1.89,49.7301912771597,2.4182854770634954,22.09,36.95,0.0,3.32,0.0,UGC05721,61.0,5.0,6.18,1.85,-0.5759354745825122,0.45498319678594956,0.6494669312708761,7029.186004214714,2.537432854272536,0.7453066144019213,-1.2265330720096064
2.07,45.533741160761714,2.395818036362554,20.36,35.17,0.0,2.34,0.0,UGC05721,61.0,5.0,6.18,1.85,-0.5759354745825122,0.45498319678594956,0.6494669312708761,7029.186004214714,2.537432854272536,0.7453066144019213,-1.2265330720096064
2.25,45.4478633936136,2.366038260626016,17.96,33.75,0.0,1.51,0.0,UGC05721,61.0,5.0,6.18,1.85,-0.5759354745825122,0.45498319678594956,0.6494669312708761,7029.186004214714,2.537432854272536,0.7453066144019213,-1.2265330720096064
2.67,45.99313445019947,2.410617843273953,18.44,30.81,0.0,0.67,0.0,UGC05721,61.0,5.0,6.18,1.85,-0.5759354745825122,0.45498319678594956,0.6494669312708761,7029.186004214714,2.537432854272536,0.7453066144019213,-1.2265330720096064
3.15,50.627360368780714,2.4756882653066508,20.36,27.99,0.0,0.13,0.0,UGC05721,61.0,5.0,6.18,1.85,-0.5759354745825122,0.45498319678594956,0.6494669312708761,7029.186004214714,2.537432854272536,0.7453066144019213,-1.2265330720096064
3.61,44.83407313002287,2.495970711367292,20.55,25.88,0.0,0.04,0.0,UGC05721,61.0,5.0,6.18,1.85,-0.5759354745825122,0.45498319678594956,0.6494669312708761,7029.186004214714,2.537432854272536,0.7453066144019213,-1.2265330720096064
4.04,53.269074125774964,2.5081562862422535,20.74,24.31,0.0,0.01,0.0,UGC05721,61.0,5.0,6.18,1.85,-0.5759354745825122,0.45498319678594956,0.6494669312708761,7029.186004214714,2.537432854272536,0.7453066144019213,-1.2265330720096064
4.49,49.39371315065589,2.5310386514205576,21.71,22.96,0.0,0.0,0.0,UGC05721,61.0,5.0,6.18,1.85,-0.5759354745825122,0.45498319678594956,0.6494669312708761,7029.186004214714,2.537432854272536,0.7453066144019213,-1.2265330720096064
4.93,49.27859462491753,2.5643930156622474,23.34,21.83,0.0,0.0,0.0,UGC05721,61.0,5.0,6.18,1.85,-0.5759354745825122,0.45498319678594956,0.6494669312708761,7029.186004214714,2.537432854272536,0.7453066144019213,-1.2265330720096064
5.38,52.620850569665144,2.58713194059581,24.59,20.85,0.0,0.0,0.0,UGC05721,61.0,5.0,6.18,1.85,-0.5759354745825122,0.45498319678594956,0.6494669312708761,7029.186004214714,2.537432854272536,0.7453066144019213,-1.2265330720096064
5.86,54.30170966661876,2.5817854411923684,24.78,19.94,0.0,0.0,0.0,UGC05721,61.0,5.0,6.18,1.85,-0.5759354745825122,0.45498319678594956,0.6494669312708761,7029.186004214714,2.537432854272536,0.7453066144019213,-1.2265330720096064
6.28,52.21228856254644,2.5666498646318803,24.59,19.24,0.0,0.0,0.0,UGC05721,61.0,5.0,6.18,1.85,-0.5759354745825122,0.45498319678594956,0.6494669312708761,7029.186004214714,2.537432854272536,0.7453066144019213,-1.2265330720096064
6.74,53.75822669917622,2.5535020770409877,24.59,18.55,0.0,0.0,0.0,UGC05721,61.0,5.0,6.18,1.85,-0.5759354745825122,0.45498319678594956,0.6494669312708761,7029.186004214714,2.537432854272536,0.7453066144019213,-1.2265330720096064
1.03,42.620454936490496,1.9879679853483443,3.65,21.66,0.0,30.68,0.0,UGC05716,54.0,10.0,21.3,5.3,-0.5316526695878427,0.5157103956881097,0.9290988030629809,19650.431288274085,3.508431716633994,0.7371889871172553,-1.1859449355862766
2.07,57.45593726819158,2.8493278472826544,7.45,27.59,0.0,10.3,0.0,UGC05716,54.0,10.0,21.3,5.3,-0.5316526695878427,0.5157103956881097,0.9290988030629809,19650.431288274085,3.508431716633994,0.7371889871172553,-1.1859449355862766
3.09,66.50957822661577,3.311093333208635,11.19,26.88,0.0,4.2,0.0,UGC05716,54.0,10.0,21.3,5.3,-0.5316526695878427,0.5157103956881097,0.9290988030629809,19650.431288274085,3.508431716633994,0.7371889871172553,-1.1859449355862766
4.13,68.4236672777999,3.5864230861380393,14.76,25.3,0.0,2.03,0.0,UGC05716,54.0,10.0,21.3,5.3,-0.5316526695878427,0.5157103956881097,0.9290988030629809,19650.431288274085,3.508431716633994,0.7371889871172553,-1.1859449355862766
5.16,73.93165290706571,3.7507395751643977,18.24,24.0,0.0,0.95,0.0,UGC05716,54.0,10.0,21.3,5.3,-0.5316526695878427,0.5157103956881097,0.9290988030629809,19650.431288274085,3.508431716633994,0.7371889871172553,-1.1859449355862766
6.2,79.92131048620158,3.8465162893979716,21.81,21.76,0.0,0.28,0.0,UGC05716,54.0,10.0,21.3,5.3,-0.5316526695878427,0.5157103956881097,0.9290988030629809,19650.431288274085,3.508431716633994,0.7371889871172553,-1.1859449355862766
7.23,73.03222197962414,3.9081094913155505,25.2,19.92,0.0,0.12,0.0,UGC05716,54.0,10.0,21.3,5.3,-0.5316526695878427,0.5157103956881097,0.9290988030629809,19650.431288274085,3.508431716633994,0.7371889871172553,-1.1859449355862766
8.26,81.30435337638139,3.9373285121155095,27.64,18.42,0.0,0.05,0.0,UGC05716,54.0,10.0,21.3,5.3,-0.5316526695878427,0.5157103956881097,0.9290988030629809,19650.431288274085,3.508431716633994,0.7371889871172553,-1.1859449355862766
9.28,80.10266046646123,3.936516402800553,28.96,17.21,0.0,0.02,0.0,UGC05716,54.0,10.0,21.3,5.3,-0.5316526695878427,0.5157103956881097,0.9290988030629809,19650.431288274085,3.508431716633994,0.7371889871172553,-1.1859449355862766
10.34,79.32102281300445,3.9117634110301758,29.43,16.16,0.0,0.01,0.0,UGC05716,54.0,10.0,21.3,5.3,-0.5316526695878427,0.5157103956881097,0.9290988030629809,19650.431288274085,3.508431716633994,0.7371889871172553,-1.1859449355862766
11.4,68.76893257691174,3.8648327992542395,28.96,15.29,0.0,0.0,0.0,UGC05716,54.0,10.0,21.3,5.3,-0.5316526695878427,0.5157103956881097,0.9290988030629809,19650.431288274085,3.508431716633994,0.7371889871172553,-1.1859449355862766
12.37,75.7409881598603,3.8067001498753443,27.83,14.6,0.0,0.0,0.0,UGC05716,54.0,10.0,21.3,5.3,-0.5316526695878427,0.5157103956881097,0.9290988030629809,19650.431288274085,3.508431716633994,0.7371889871172553,-1.1859449355862766
0.5,35.61285322735498,1.7228085772853767,-0.51,24.79,0.0,167.58,0.0,UGC07151,90.0,3.0,6.87,0.34,0.05766610390982921,0.5804916874699433,0.5872223062142164,11007.582219356833,1.4013462582104206,0.6291590157618626,-0.6457950788093131
1.0,49.76356104443207,2.57341373682889,-5.39,39.13,0.0,101.17,0.0,UGC07151,90.0,3.0,6.87,0.34,0.05766610390982921,0.5804916874699433,0.5872223062142164,11007.582219356833,1.4013462582104206,0.6291590157618626,-0.6457950788093131
1.5,63.142448543297434,3.0253159246868644,-5.79,45.87,0.0,67.11,0.0,UGC07151,90.0,3.0,6.87,0.34,0.05766610390982921,0.5804916874699433,0.5872223062142164,11007.582219356833,1.4013462582104206,0.6291590157618626,-0.6457950788093131
2.0,60.00086262448538,3.3045192691075154,7.68,49.56,0.0,35.27,0.0,UGC07151,90.0,3.0,6.87,0.34,0.05766610390982921,0.5804916874699433,0.5872223062142164,11007.582219356833,1.4013462582104206,0.6291590157618626,-0.6457950788093131
2.49,71.18763841325293,3.4403014941425045,15.55,48.96,0.0,24.9,0.0,UGC07151,90.0,3.0,6.87,0.34,0.05766610390982921,0.5804916874699433,0.5872223062142164,11007.582219356833,1.4013462582104206,0.6291590157618626,-0.6457950788093131
3.0,69.35655396585237,3.50940347628034,19.33,48.14,0.0,18.24,0.0,UGC07151,90.0,3.0,6.87,0.34,0.05766610390982921,0.5804916874699433,0.5872223062142164,11007.582219356833,1.4013462582104206,0.6291590157618626,-0.6457950788093131
3.49,72.91031492049373,3.504022646214638,19.89,46.88,0.0,13.06,0.0,UGC07151,90.0,3.0,6.87,0.34,0.05766610390982921,0.5804916874699433,0.5872223062142164,11007.582219356833,1.4013462582104206,0.6291590157618626,-0.6457950788093131
4.0,67.96976352656705,3.5634229514156193,25.08,45.84,0.0,12.13,0.0,UGC07151,90.0,3.0,6.87,0.34,0.05766610390982921,0.5804916874699433,0.5872223062142164,11007.582219356833,1.4013462582104206,0.6291590157618626,-0.6457950788093131
4.49,69.31074143858054,3.576120927372257,25.36,46.88,0.0,11.01,0.0,UGC07151,90.0,3.0,6.87,0.34,0.05766610390982921,0.5804916874699433,0.5872223062142164,11007.582219356833,1.4013462582104206,0.6291590157618626,-0.6457950788093131
5.01,79.906455747301,3.5925201997081646,26.06,48.01,0.0,7.73,0.0,UGC07151,90.0,3.0,6.87,0.34,0.05766610390982921,0.5804916874699433,0.5872223062142164,11007.582219356833,1.4013462582104206,0.6291590157618626,-0.6457950788093131
5.5,69.24133027987374,3.611953961891284,28.3,47.84,0.0,5.0,0.0,UGC07151,90.0,3.0,6.87,0.34,0.05766610390982921,0.5804916874699433,0.5872223062142164,11007.582219356833,1.4013462582104206,0.6291590157618626,-0.6457950788093131
1.25,41.20127412783148,1.8964901669769407,2.05,56.98,0.0,175.71,0.0,NGC1003,67.0,5.0,11.4,3.42,0.5327543789924978,0.4249788173358724,0.6568101209249774,4592.267759183614,12.235100596657675,0.5420690144645148,-0.21034507232257443
2.08,42.3371713546411,2.1941026158586783,6.07,64.63,0.0,107.61,0.0,NGC1003,67.0,5.0,11.4,3.42,0.5327543789924978,0.4249788173358724,0.6568101209249774,4592.267759183614,12.235100596657675,0.5420690144645148,-0.21034507232257443
2.9,47.32935546173294,2.58998789564342,10.81,74.91,0.0,67.61,0.0,NGC1003,67.0,5.0,11.4,3.42,0.5327543789924978,0.4249788173358724,0.6568101209249774,4592.267759183614,12.235100596657675,0.5420690144645148,-0.21034507232257443
3.73,58.37046554271656,2.7569680765939206,14.74,77.71,0.0,47.27,0.0,NGC1003,67.0,5.0,11.4,3.42,0.5327543789924978,0.4249788173358724,0.6568101209249774,4592.267759183614,12.235100596657675,0.5420690144645148,-0.21034507232257443
4.56,60.76883414295353,2.8788947271468373,17.0,79.57,0.0,29.91,0.0,NGC1003,67.0,5.0,11.4,3.42,0.5327543789924978,0.4249788173358724,0.6568101209249774,4592.267759183614,12.235100596657675,0.5420690144645148,-0.21034507232257443
5.39,61.28558304929366,2.9433573224709626,19.26,79.39,0.0,14.66,0.0,NGC1003,67.0,5.0,11.4,3.42,0.5327543789924978,0.4249788173358724,0.6568101209249774,4592.267759183614,12.235100596657675,0.5420690144645148,-0.21034507232257443
6.22,60.3216096469133,2.851207763291113,21.62,73.38,0.0,7.84,0.0,NGC1003,67.0,5.0,11.4,3.42,0.5327543789924978,0.4249788173358724,0.6568101209249774,4592.267759183614,12.235100596657675,0.5420690144645148,-0.21034507232257443
7.04,53.97954230499713,2.8213570411032025,23.59,69.52,0.0,5.24,0.0,NGC1003,67.0,5.0,11.4,3.42,0.5327543789924978,0.4249788173358724,0.6568101209249774,4592.267759183614,12.235100596657675,0.5420690144645148,-0.21034507232257443
7.87,56.34204602873395,2.841037532493061,27.03,65.95,0.0,3.23,0.0,NGC1003,67.0,5.0,11.4,3.42,0.5327543789924978,0.4249788173358724,0.6568101209249774,4592.267759183614,12.235100596657675,0.5420690144645148,-0.21034507232257443
8.7,52.73991165459129,2.833058775791263,28.5,62.8,0.0,2.03,0.0,NGC1003,67.0,5.0,11.4,3.42,0.5327543789924978,0.4249788173358724,0.6568101209249774,4592.267759183614,12.235100596657675,0.5420690144645148,-0.21034507232257443
9.54,52.2613324970063,2.812495450138605,29.19,59.81,0.0,1.06,0.0,NGC1003,67.0,5.0,11.4,3.42,0.5327543789924978,0.4249788173358724,0.6568101209249774,4592.267759183614,12.235100596657675,0.5420690144645148,-0.21034507232257443
10.34,58.28054384284938,2.777763807024579,29.29,56.87,0.0,0.59,0.0,NGC1003,67.0,5.0,11.4,3.42,0.5327543789924978,0.4249788173358724,0.6568101209249774,4592.267759183614,12.235100596657675,0.5420690144645148,-0.21034507232257443
11.21,53.64175498530625,2.775326689789404,30.27,54.18,0.0,0.37,0.0,NGC1003,67.0,5.0,11.4,3.42,0.5327543789924978,0.4249788173358724,0.6568101209249774,4592.267759183614,12.235100596657675,0.5420690144645148,-0.21034507232257443
11.98,62.07436544343927,2.7861561512296014,31.35,52.09,0.0,0.22,0.0,NGC1003,67.0,5.0,11.4,3.42,0.5327543789924978,0.4249788173358724,0.6568101209249774,4592.267759183614,12.235100596657675,0.5420690144645148,-0.21034507232257443
12.85,56.099735779564895,2.7946215223837405,32.24,49.97,0.0,0.13,0.0,NGC1003,67.0,5.0,11.4,3.42,0.5327543789924978,0.4249788173358724,0.6568101209249774,4592.267759183614,12.235100596657675,0.5420690144645148,-0.21034507232257443
13.72,54.18005481917419,2.798617960470927,32.83,48.07,0.0,0.08,0.0,NGC1003,67.0,5.0,11.4,3.42,0.5327543789924978,0.4249788173358724,0.6568101209249774,4592.267759183614,12.235100596657675,0.5420690144645148,-0.21034507232257443
14.49,58.14232204782801,2.7955881801610563,33.03,46.57,0.0,0.05,0.0,NGC1003,67.0,5.0,11.4,3.42,0.5327543789924978,0.4249788173358724,0.6568101209249774,4592.267759183614,12.235100596657675,0.5420690144645148,-0.21034507232257443
15.36,60.827859636107114,2.7901072258278683,33.12,45.03,0.0,0.03,0.0,NGC1003,67.0,5.0,11.4,3.42,0.5327543789924978,0.4249788173358724,0.6568101209249774,4592.267759183614,12.235100596657675,0.5420690144645148,-0.21034507232257443
16.13,56.868992616168505,2.7759752551032353,32.83,43.81,0.0,0.02,0.0,NGC1003,67.0,5.0,11.4,3.42,0.5327543789924978,0.4249788173358724,0.6568101209249774,4592.267759183614,12.235100596657675,0.5420690144645148,-0.21034507232257443
17.0,52.42340177390207,2.7910241680826093,33.52,42.53,0.0,0.01,0.0,NGC1003,67.0,5.0,11.4,3.42,0.5327543789924978,0.4249788173358724,0.6568101209249774,4592.267759183614,12.235100596657675,0.5420690144645148,-0.21034507232257443
17.78,56.060241293535,2.7519627697634688,32.34,41.49,0.0,0.01,0.0,NGC1003,67.0,5.0,11.4,3.42,0.5327543789924978,0.4249788173358724,0.6568101209249774,4592.267759183614,12.235100596657675,0.5420690144645148,-0.21034507232257443
18.65,58.30940758450223,2.7278491772684634,31.65,40.42,0.0,0.0,0.0,NGC1003,67.0,5.0,11.4,3.42,0.5327543789924978,0.4249788173358724,0.6568101209249774,4592.267759183614,12.235100596657675,0.5420690144645148,-0.21034507232257443
19.52,52.1536106491469,2.6736174119372014,29.88,39.42,0.0,0.0,0.0,NGC1003,67.0,5.0,11.4,3.42,0.5327543789924978,0.4249788173358724,0.6568101209249774,4592.267759183614,12.235100596657675,0.5420690144645148,-0.21034507232257443
20.29,51.084736682875786,2.657015778532621,29.39,38.61,0.0,0.0,0.0,NGC1003,67.0,5.0,11.4,3.42,0.5327543789924978,0.4249788173358724,0.6568101209249774,4592.267759183614,12.235100596657675,0.5420690144645148,-0.21034507232257443
21.16,55.54549711096071,2.6429536211458977,29.0,37.75,0.0,0.0,0.0,NGC1003,67.0,5.0,11.4,3.42,0.5327543789924978,0.4249788173358724,0.6568101209249774,4592.267759183614,12.235100596657675,0.5420690144645148,-0.21034507232257443
21.93,52.57726413911507,2.6105932649227075,27.91,37.04,0.0,0.0,0.0,NGC1003,67.0,5.0,11.4,3.42,0.5327543789924978,0.4249788173358724,0.6568101209249774,4592.267759183614,12.235100596657675,0.5420690144645148,-0.21034507232257443
22.8,48.83419030716748,2.5841671706595064,27.03,36.29,0.0,0.0,0.0,NGC1003,67.0,5.0,11.4,3.42,0.5327543789924978,0.4249788173358724,0.6568101209249774,4592.267759183614,12.235100596657675,0.5420690144645148,-0.21034507232257443
23.67,49.94216021819662,2.545439103361547,25.65,35.58,0.0,0.0,0.0,NGC1003,67.0,5.0,11.4,3.42,0.5327543789924978,0.4249788173358724,0.6568101209249774,4592.267759183614,12.235100596657675,0.5420690144645148,-0.21034507232257443
24.44,49.21799570392231,2.5575313091873113,26.24,34.99,0.0,0.0,0.0,NGC1003,67.0,5.0,11.4,3.42,0.5327543789924978,0.4249788173358724,0.6568101209249774,4592.267759183614,12.235100596657675,0.5420690144645148,-0.21034507232257443
25.31,51.63603762034642,2.544114806172235,25.85,34.35,0.0,0.0,0.0,NGC1003,67.0,5.0,11.4,3.42,0.5327543789924978,0.4249788173358724,0.6568101209249774,4592.267759183614,12.235100596657675,0.5420690144645148,-0.21034507232257443
26.08,50.8015835180629,2.526224789055004,25.26,33.82,0.0,0.0,0.0,NGC1003,67.0,5.0,11.4,3.42,0.5327543789924978,0.4249788173358724,0.6568101209249774,4592.267759183614,12.235100596657675,0.5420690144645148,-0.21034507232257443
26.95,54.206944267306156,2.562921916352225,26.83,33.25,0.0,0.0,0.0,NGC1003,67.0,5.0,11.4,3.42,0.5327543789924978,0.4249788173358724,0.6568101209249774,4592.267759183614,12.235100596657675,0.5420690144645148,-0.21034507232257443
27.73,55.25242101012234,2.667953387856266,30.76,32.76,0.0,0.0,0.0,NGC1003,67.0,5.0,11.4,3.42,0.5327543789924978,0.4249788173358724,0.6568101209249774,4592.267759183614,12.235100596657675,0.5420690144645148,-0.21034507232257443
28.6,49.655887286981795,2.6933517123564137,31.75,32.24,0.0,0.0,0.0,NGC1003,67.0,5.0,11.4,3.42,0.5327543789924978,0.4249788173358724,0.6568101209249774,4592.267759183614,12.235100596657675,0.5420690144645148,-0.21034507232257443
29.47,56.65790379442376,2.776396828679439,34.6,31.75,0.0,0.0,0.0,NGC1003,67.0,5.0,11.4,3.42,0.5327543789924978,0.4249788173358724,0.6568101209249774,4592.267759183614,12.235100596657675,0.5420690144645148,-0.21034507232257443
30.24,59.85698220917258,2.864390872952211,37.45,31.33,0.0,0.0,0.0,NGC1003,67.0,5.0,11.4,3.42,0.5327543789924978,0.4249788173358724,0.6568101209249774,4592.267759183614,12.235100596657675,0.5420690144645148,-0.21034507232257443
0.63,389.1754050010374,18.594080408315712,-0.79,82.82,389.26,1981.83,3538.94,UGC03546,55.0,5.0,28.7,7.2,1.7047337618768892,0.5553386894442105,0.88736849584816,21042.178465466517,16.29899154629206,0.3272296018140849,0.8638519909295755
0.79,333.94336974682835,17.63673435618615,-0.85,98.9,366.12,1833.29,1444.35,UGC03546,55.0,5.0,28.7,7.2,1.7047337618768892,0.5553386894442105,0.88736849584816,21042.178465466517,16.29899154629206,0.3272296018140849,0.8638519909295755
0.95,298.44537719020224,16.728567308079946,-0.88,113.48,343.54,1695.88,614.37,UGC03546,55.0,5.0,28.7,7.2,1.7047337618768892,0.5553386894442105,0.88736849584816,21042.178465466517,16.29899154629206,0.3272296018140849,0.8638519909295755
1.11,334.557109673792,15.91212066198419,-0.87,126.74,322.48,1568.78,245.76,UGC03546,55.0,5.0,28.7,7.2,1.7047337618768892,0.5553386894442105,0.88736849584816,21042.178465466517,16.29899154629206,0.3272296018140849,0.8638519909295755
1.27,293.5784834072908,15.230405680651897,-0.8,138.83,303.96,1451.19,56.22,UGC03546,55.0,5.0,28.7,7.2,1.7047337618768892,0.5553386894442105,0.88736849584816,21042.178465466517,16.29899154629206,0.3272296018140849,0.8638519909295755
1.43,288.173387823893,14.632596553090224,-0.68,149.76,286.96,1332.14,9.44,UGC03546,55.0,5.0,28.7,7.2,1.7047337618768892,0.5553386894442105,0.88736849584816,21042.178465466517,16.29899154629206,0.3272296018140849,0.8638519909295755
1.59,263.1840687229531,14.14814409949151,-0.44,159.73,272.22,1252.07,1.58,UGC03546,55.0,5.0,28.7,7.2,1.7047337618768892,0.5553386894442105,0.88736849584816,21042.178465466517,16.29899154629206,0.3272296018140849,0.8638519909295755
1.9,251.60175344543512,13.473031413211693,0.78,176.94,249.03,1066.65,0.05,UGC03546,55.0,5.0,28.7,7.2,1.7047337618768892,0.5553386894442105,0.88736849584816,21042.178465466517,16.29899154629206,0.3272296018140849,0.8638519909295755
2.06,249.26374050175113,13.228164391859758,1.08,185.04,239.17,987.42,0.01,UGC03546,55.0,5.0,28.7,7.2,1.7047337618768892,0.5553386894442105,0.88736849584816,21042.178465466517,16.29899154629206,0.3272296018140849,0.8638519909295755
2.22,255.93823238517257,13.031909429434018,1.32,192.44,230.43,907.47,0.0,UGC03546,55.0,5.0,28.7,7.2,1.7047337618768892,0.5553386894442105,0.88736849584816,21042.178465466517,16.29899154629206,0.3272296018140849,0.8638519909295755
2.38,262.21285748463055,12.872502178537818,1.56,199.32,222.52,828.95,0.0,UGC03546,55.0,5.0,28.7,7.2,1.7047337618768892,0.5553386894442105,0.88736849584816,21042.178465466517,16.29899154629206,0.3272296018140849,0.8638519909295755
2.79,221.47834813774216,12.51135386912655,2.09,211.11,205.57,608.92,0.0,UGC03546,55.0,5.0,28.7,7.2,1.7047337618768892,0.5553386894442105,0.88736849584816,21042.178465466517,16.29899154629206,0.3272296018140849,0.8638519909295755
2.86,258.4230665837334,12.452819490722572,2.18,212.46,203.04,578.56,0.0,UGC03546,55.0,5.0,28.7,7.2,1.7047337618768892,0.5553386894442105,0.88736849584816,21042.178465466517,16.29899154629206,0.3272296018140849,0.8638519909295755
3.02,231.77514015870395,12.316671140948843,2.37,214.79,197.59,513.59,0.0,UGC03546,55.0,5.0,28.7,7.2,1.7047337618768892,0.5553386894442105,0.88736849584816,21042.178465466517,16.29899154629206,0.3272296018140849,0.8638519909295755
4.17,213.03398214520595,11.251583918664224,2.86,211.54,168.15,210.33,0.0,UGC03546,55.0,5.0,28.7,7.2,1.7047337618768892,0.5553386894442105,0.88736849584816,21042.178465466517,16.29899154629206,0.3272296018140849,0.8638519909295755
5.56,209.03678969822997,10.109210349675934,-1.54,194.36,145.62,128.85,0.0,UGC03546,55.0,5.0,28.7,7.2,1.7047337618768892,0.5553386894442105,0.88736849584816,21042.178465466517,16.29899154629206,0.3272296018140849,0.8638519909295755
6.96,188.84896818726978,9.477816746134229,-5.89,186.95,130.15,94.62,0.0,UGC03546,55.0,5.0,28.7,7.2,1.7047337618768892,0.5553386894442105,0.88736849584816,21042.178465466517,16.29899154629206,0.3272296018140849,0.8638519909295755
8.35,167.56777803536505,9.075591145035197,-6.18,182.36,118.83,73.26,0.0,UGC03546,55.0,5.0,28.7,7.2,1.7047337618768892,0.5553386894442105,0.88736849584816,21042.178465466517,16.29899154629206,0.3272296018140849,0.8638519909295755
9.73,194.09058977941137,8.88506334534838,5.96,181.71,110.08,49.74,0.0,UGC03546,55.0,5.0,28.7,7.2,1.7047337618768892,0.5553386894442105,0.88736849584816,21042.178465466517,16.29899154629206,0.3272296018140849,0.8638519909295755
11.14,163.97701804934925,8.56752056752687,14.87,174.04,102.88,28.48,0.0,UGC03546,55.0,5.0,28.7,7.2,1.7047337618768892,0.5553386894442105,0.88736849584816,21042.178465466517,16.29899154629206,0.3272296018140849,0.8638519909295755
12.51,168.43150556695468,8.318707821159581,22.04,166.83,97.08,22.2,0.0,UGC03546,55.0,5.0,28.7,7.2,1.7047337618768892,0.5553386894442105,0.88736849584816,21042.178465466517,16.29899154629206,0.3272296018140849,0.8638519909295755
13.88,164.92210668824924,8.164505046415533,28.09,161.75,92.17,16.63,0.0,UGC03546,55.0,5.0,28.7,7.2,1.7047337618768892,0.5553386894442105,0.88736849584816,21042.178465466517,16.29899154629206,0.3272296018140849,0.8638519909295755
15.35,171.98008894398055,8.032201257019839,32.2,157.11,87.64,10.43,0.0,UGC03546,55.0,5.0,28.7,7.2,1.7047337618768892,0.5553386894442105,0.88736849584816,21042.178465466517,16.29899154629206,0.3272296018140849,0.8638519909295755
16.72,153.7081834083187,7.864591636018026,34.45,151.02,83.97,5.62,0.0,UGC03546,55.0,5.0,28.7,7.2,1.7047337618768892,0.5553386894442105,0.88736849584816,21042.178465466517,16.29899154629206,0.3272296018140849,0.8638519909295755
18.08,161.31126014426152,7.678530631187292,34.96,144.44,80.75,2.73,0.0,UGC03546,55.0,5.0,28.7,7.2,1.7047337618768892,0.5553386894442105,0.88736849584816,21042.178465466517,16.29899154629206,0.3272296018140849,0.8638519909295755
19.45,144.29554948966862,7.492715843378924,34.55,137.88,77.86,1.14,0.0,UGC03546,55.0,5.0,28.7,7.2,1.7047337618768892,0.5553386894442105,0.88736849584816,21042.178465466517,16.29899154629206,0.3272296018140849,0.8638519909295755
20.92,154.35843254608463,7.307901281169926,33.63,131.28,75.07,0.0,0.0,UGC03546,55.0,5.0,28.7,7.2,1.7047337618768892,0.5553386894442105,0.88736849584816,21042.178465466517,16.29899154629206,0.3272296018140849,0.8638519909295755
22.92,136.2829544433396,7.084412619065095,31.78,123.21,71.72,0.0,0.0,UGC03546,55.0,5.0,28.7,7.2,1.7047337618768892,0.5553386894442105,0.88736849584816,21042.178465466517,16.29899154629206,0.3272296018140849,0.8638519909295755
25.02,135.64331178610004,6.90725919566289,29.63,116.76,68.65,0.0,0.0,UGC03546,55.0,5.0,28.7,7.2,1.7047337618768892,0.5553386894442105,0.88736849584816,21042.178465466517,16.29899154629206,0.3272296018140849,0.8638519909295755
29.23,145.63294128424917,6.651130972714379,26.35,106.8,63.51,0.0,0.0,UGC03546,55.0,5.0,28.7,7.2,1.7047337618768892,0.5553386894442105,0.88736849584816,21042.178465466517,16.29899154629206,0.3272296018140849,0.8638519909295755
1.23,32.19675178891741,1.447562290273721,13.65,27.5,0.0,58.0,0.0,NGC0055,77.0,3.0,2.11,0.11,0.3643633546157308,0.5378573938010147,0.7179165039193781,13824.443607823168,9.54482100058633,0.5729373294716207,-0.36468664735810347
1.84,37.41628338798759,1.8376124924771826,18.65,32.63,0.0,38.02,0.0,NGC0055,77.0,3.0,2.11,0.11,0.3643633546157308,0.5378573938010147,0.7179165039193781,13824.443607823168,9.54482100058633,0.5729373294716207,-0.36468664735810347
2.46,41.02797741507257,2.1386713444108167,21.85,36.38,0.0,29.5,0.0,NGC0055,77.0,3.0,2.11,0.11,0.3643633546157308,0.5378573938010147,0.7179165039193781,13824.443607823168,9.54482100058633,0.5729373294716207,-0.36468664735810347
3.07,49.64238963824224,2.394177973307526,25.04,38.7,0.0,21.65,0.0,NGC0055,77.0,3.0,2.11,0.11,0.3643633546157308,0.5378573938010147,0.7179165039193781,13824.443607823168,9.54482100058633,0.5729373294716207,-0.36468664735810347
3.68,49.42663762658168,2.626517140484335,28.73,39.68,0.0,16.32,0.0,NGC0055,77.0,3.0,2.11,0.11,0.3643633546157308,0.5378573938010147,0.7179165039193781,13824.443607823168,9.54482100058633,0.5729373294716207,-0.36468664735810347
4.3,59.95804887985502,2.837805310702693,32.28,39.98,0.0,13.06,0.0,NGC0055,77.0,3.0,2.11,0.11,0.3643633546157308,0.5378573938010147,0.7179165039193781,13824.443607823168,9.54482100058633,0.5729373294716207,-0.36468664735810347
4.91,63.63905613627543,3.000996080305948,34.59,39.99,0.0,10.93,0.0,NGC0055,77.0,3.0,2.11,0.11,0.3643633546157308,0.5378573938010147,0.7179165039193781,13824.443607823168,9.54482100058633,0.5729373294716207,-0.36468664735810347
5.52,61.00353699167754,3.140135317175743,36.37,39.87,0.0,9.36,0.0,NGC0055,77.0,3.0,2.11,0.11,0.3643633546157308,0.5378573938010147,0.7179165039193781,13824.443607823168,9.54482100058633,0.5729373294716207,-0.36468664735810347
6.14,63.17596349753759,3.2611833269697783,37.73,39.71,0.0,8.35,0.0,NGC0055,77.0,3.0,2.11,0.11,0.3643633546157308,0.5378573938010147,0.7179165039193781,13824.443607823168,9.54482100058633,0.5729373294716207,-0.36468664735810347
6.75,67.907498358466,3.365672143968988,38.68,39.75,0.0,7.82,0.0,NGC0055,77.0,3.0,2.11,0.11,0.3643633546157308,0.5378573938010147,0.7179165039193781,13824.443607823168,9.54482100058633,0.5729373294716207,-0.36468664735810347
7.37,69.33157709021297,3.4641270922720118,39.3,40.35,0.0,7.39,0.0,NGC0055,77.0,3.0,2.11,0.11,0.3643633546157308,0.5378573938010147,0.7179165039193781,13824.443607823168,9.54482100058633,0.5729373294716207,-0.36468664735810347
7.98,67.5450520383035,3.5508328681529315,39.72,41.04,0.0,6.69,0.0,NGC0055,77.0,3.0,2.11,0.11,0.3643633546157308,0.5378573938010147,0.7179165039193781,13824.443607823168,9.54482100058633,0.5729373294716207,-0.36468664735810347
8.59,74.78806292850203,3.6361213261331358,40.39,41.57,0.0,5.95,0.0,NGC0055,77.0,3.0,2.11,0.11,0.3643633546157308,0.5378573938010147,0.7179165039193781,13824.443607823168,9.54482100058633,0.5729373294716207,-0.36468664735810347
9.21,66.41930131798064,3.6985656293826916,40.44,42.03,0.0,5.36,0.0,NGC0055,77.0,3.0,2.11,0.11,0.3643633546157308,0.5378573938010147,0.7179165039193781,13824.443607823168,9.54482100058633,0.5729373294716207,-0.36468664735810347
9.82,73.17622836421775,3.739750742225703,39.94,42.44,0.0,4.85,0.0,NGC0055,77.0,3.0,2.11,0.11,0.3643633546157308,0.5378573938010147,0.7179165039193781,13824.443607823168,9.54482100058633,0.5729373294716207,-0.36468664735810347
10.43,73.87155233960277,3.7697147271869045,39.15,42.87,0.0,4.39,0.0,NGC0055,77.0,3.0,2.11,0.11,0.3643633546157308,0.5378573938010147,0.7179165039193781,13824.443607823168,9.54482100058633,0.5729373294716207,-0.36468664735810347
11.05,74.5861714300365,3.7809690004618552,37.71,43.32,0.0,3.97,0.0,NGC0055,77.0,3.0,2.11,0.11,0.3643633546157308,0.5378573938010147,0.7179165039193781,13824.443607823168,9.54482100058633,0.5729373294716207,-0.36468664735810347
11.66,76.99265468851151,3.7913924151951686,36.23,43.95,0.0,3.59,0.0,NGC0055,77.0,3.0,2.11,0.11,0.3643633546157308,0.5378573938010147,0.7179165039193781,13824.443607823168,9.54482100058633,0.5729373294716207,-0.36468664735810347
12.28,71.67040756443585,3.817946579336569,35.41,44.71,0.0,3.25,0.0,NGC0055,77.0,3.0,2.11,0.11,0.3643633546157308,0.5378573938010147,0.7179165039193781,13824.443607823168,9.54482100058633,0.5729373294716207,-0.36468664735810347
12.89,79.26140863311247,3.84978753021635,34.67,45.88,0.0,2.94,0.0,NGC0055,77.0,3.0,2.11,0.11,0.3643633546157308,0.5378573938010147,0.7179165039193781,13824.443607823168,9.54482100058633,0.5729373294716207,-0.36468664735810347
13.5,77.06242606410258,3.8881445458090598,33.61,48.0,0.0,0.0,0.0,NGC0055,77.0,3.0,2.11,0.11,0.3643633546157308,0.5378573938010147,0.7179165039193781,13824.443607823168,9.54482100058633,0.5729373294716207,-0.36468664735810347
0.35,30.572698320723735,1.6060336197507608,-0.82,48.76,0.0,1540.43,0.0,NGC1090,64.0,3.0,37.0,9.25,1.5565738500306623,0.4304754544188111,0.5109935597232533,9392.889549261845,12.306208236927256,0.35438928474386794,0.7280535762806603
1.07,65.06183641024872,3.2426830191436538,-2.5,98.26,0.0,772.11,0.0,NGC1090,64.0,3.0,37.0,9.25,1.5565738500306623,0.4304754544188111,0.5109935597232533,9392.889549261845,12.306208236927256,0.35438928474386794,0.7280535762806603
1.6,79.57782734122578,3.778268528284433,-3.73,114.22,0.0,533.24,0.0,NGC1090,64.0,3.0,37.0,9.25,1.5565738500306623,0.4304754544188111,0.5109935597232533,9392.889549261845,12.306208236927256,0.35438928474386794,0.7280535762806603
3.7,101.34898614379364,4.818652035186745,-7.4,144.04,0.0,300.12,0.0,NGC1090,64.0,3.0,37.0,9.25,1.5565738500306623,0.4304754544188111,0.5109935597232533,9392.889549261845,12.306208236927256,0.35438928474386794,0.7280535762806603
5.09,112.12522265395407,5.200517544181014,-9.39,154.24,0.0,183.64,0.0,NGC1090,64.0,3.0,37.0,9.25,1.5565738500306623,0.4304754544188111,0.5109935597232533,9392.889549261845,12.306208236927256,0.35438928474386794,0.7280535762806603
6.61,111.17589934199017,5.642385017570665,-10.89,166.19,0.0,152.68,0.0,NGC1090,64.0,3.0,37.0,9.25,1.5565738500306623,0.4304754544188111,0.5109935597232533,9392.889549261845,12.306208236927256,0.35438928474386794,0.7280535762806603
8.17,111.72312006166042,5.906634976181829,-5.79,171.87,0.0,89.5,0.0,NGC1090,64.0,3.0,37.0,9.25,1.5565738500306623,0.4304754544188111,0.5109935597232533,9392.889549261845,12.306208236927256,0.35438928474386794,0.7280535762806603
9.11,123.68789630731204,5.884148626359911,9.64,169.05,0.0,67.81,0.0,NGC1090,64.0,3.0,37.0,9.25,1.5565738500306623,0.4304754544188111,0.5109935597232533,9392.889549261845,12.306208236927256,0.35438928474386794,0.7280535762806603
10.37,119.71439875909476,5.894472370819807,17.85,166.21,0.0,59.0,0.0,NGC1090,64.0,3.0,37.0,9.25,1.5565738500306623,0.4304754544188111,0.5109935597232533,9392.889549261845,12.306208236927256,0.35438928474386794,0.7280535762806603
11.28,127.07638215412423,6.015748865312677,22.68,167.76,0.0,48.87,0.0,NGC1090,64.0,3.0,37.0,9.25,1.5565738500306623,0.4304754544188111,0.5109935597232533,9392.889549261845,12.306208236927256,0.35438928474386794,0.7280535762806603
13.62,122.27321767238372,6.1102830974149285,31.86,164.88,0.0,24.37,0.0,NGC1090,64.0,3.0,37.0,9.25,1.5565738500306623,0.4304754544188111,0.5109935597232533,9392.889549261845,12.306208236927256,0.35438928474386794,0.7280535762806603
15.04,128.07616731144762,6.042569646786441,35.59,159.31,0.0,14.96,0.0,NGC1090,64.0,3.0,37.0,9.25,1.5565738500306623,0.4304754544188111,0.5109935597232533,9392.889549261845,12.306208236927256,0.35438928474386794,0.7280535762806603
16.37,123.80374667086156,5.938858574208503,38.11,153.0,0.0,8.69,0.0,NGC1090,64.0,3.0,37.0,9.25,1.5565738500306623,0.4304754544188111,0.5109935597232533,9392.889549261845,12.306208236927256,0.35438928474386794,0.7280535762806603
17.59,120.42816570631605,5.813174305917332,40.13,146.12,0.0,5.36,0.0,NGC1090,64.0,3.0,37.0,9.25,1.5565738500306623,0.4304754544188111,0.5109935597232533,9392.889549261845,12.306208236927256,0.35438928474386794,0.7280535762806603
18.8,117.07780931755202,5.710131376707788,41.74,140.2,0.0,3.94,0.0,NGC1090,64.0,3.0,37.0,9.25,1.5565738500306623,0.4304754544188111,0.5109935597232533,9392.889549261845,12.306208236927256,0.35438928474386794,0.7280535762806603
20.13,114.36974283915485,5.606992375409806,42.85,134.43,0.0,2.74,0.0,NGC1090,64.0,3.0,37.0,9.25,1.5565738500306623,0.4304754544188111,0.5109935597232533,9392.889549261845,12.306208236927256,0.35438928474386794,0.7280535762806603
21.35,111.73052175414139,5.522182771771952,43.55,129.7,0.0,2.05,0.0,NGC1090,64.0,3.0,37.0,9.25,1.5565738500306623,0.4304754544188111,0.5109935597232533,9392.889549261845,12.306208236927256,0.35438928474386794,0.7280535762806603
22.57,110.32036499305715,5.454408998369109,44.16,125.69,0.0,1.61,0.0,NGC1090,64.0,3.0,37.0,9.25,1.5565738500306623,0.4304754544188111,0.5109935597232533,9392.889549261845,12.306208236927256,0.35438928474386794,0.7280535762806603
23.89,113.23709295349879,5.394761465310719,45.07,121.68,0.0,1.08,0.0,NGC1090,64.0,3.0,37.0,9.25,1.5565738500306623,0.4304754544188111,0.5109935597232533,9392.889549261845,12.306208236927256,0.35438928474386794,0.7280535762806603
25.11,104.47718183878138,5.361097745722043,46.68,118.15,0.0,0.76,0.0,NGC1090,64.0,3.0,37.0,9.25,1.5565738500306623,0.4304754544188111,0.5109935597232533,9392.889549261845,12.306208236927256,0.35438928474386794,0.7280535762806603
26.33,116.01966723625573,5.337750639550624,48.39,114.89,0.0,0.54,0.0,NGC1090,64.0,3.0,37.0,9.25,1.5565738500306623,0.4304754544188111,0.5109935597232533,9392.889549261845,12.306208236927256,0.35438928474386794,0.7280535762806603
27.65,105.75737778471037,5.316108735408324,50.01,111.67,0.0,0.37,0.0,NGC1090,64.0,3.0,37.0,9.25,1.5565738500306623,0.4304754544188111,0.5109935597232533,9392.889549261845,12.306208236927256,0.35438928474386794,0.7280535762806603
28.87,111.2638230012707,5.301967911135282,51.42,108.99,0.0,0.26,0.0,NGC1090,64.0,3.0,37.0,9.25,1.5565738500306623,0.4304754544188111,0.5109935597232533,9392.889549261845,12.306208236927256,0.35438928474386794,0.7280535762806603
30.09,105.06190925629784,5.276905172344967,52.53,106.1,0.0,0.0,0.0,NGC1090,64.0,3.0,37.0,9.25,1.5565738500306623,0.4304754544188111,0.5109935597232533,9392.889549261845,12.306208236927256,0.35438928474386794,0.7280535762806603
0.47,13.491651146462289,0.6995597128281261,0.25,12.99,0.0,104.59,0.0,F574-1,65.0,10.0,96.8,9.68,0.5143484893019369,0.47239294697720874,1.1176921187815227,16093.486910110803,6.545706004299644,0.5454430589128879,-0.22721529456443948
1.41,32.20778531806246,1.6363439683183796,0.88,32.88,0.0,69.17,0.0,F574-1,65.0,10.0,96.8,9.68,0.5143484893019369,0.47239294697720874,1.1176921187815227,16093.486910110803,6.545706004299644,0.5454430589128879,-0.22721529456443948
2.35,48.61494563808471,2.1942913408859117,1.88,41.13,0.0,36.87,0.0,F574-1,65.0,10.0,96.8,9.68,0.5143484893019369,0.47239294697720874,1.1176921187815227,16093.486910110803,6.545706004299644,0.5454430589128879,-0.22721529456443948
3.29,51.324219269831744,2.539953441414572,3.41,42.43,0.0,24.85,0.0,F574-1,65.0,10.0,96.8,9.68,0.5143484893019369,0.47239294697720874,1.1176921187815227,16093.486910110803,6.545706004299644,0.5454430589128879,-0.22721529456443948
4.22,59.626366944505484,2.848205552461833,5.43,44.37,0.0,21.2,0.0,F574-1,65.0,10.0,96.8,9.68,0.5143484893019369,0.47239294697720874,1.1176921187815227,16093.486910110803,6.545706004299644,0.5454430589128879,-0.22721529456443948
5.17,59.338963723150336,3.1233663670872835,7.8,46.69,0.0,16.81,0.0,F574-1,65.0,10.0,96.8,9.68,0.5143484893019369,0.47239294697720874,1.1176921187815227,16093.486910110803,6.545706004299644,0.5454430589128879,-0.22721529456443948
6.11,68.28286719753535,3.3549934350127817,10.44,48.85,0.0,13.72,0.0,F574-1,65.0,10.0,96.8,9.68,0.5143484893019369,0.47239294697720874,1.1176921187815227,16093.486910110803,6.545706004299644,0.5454430589128879,-0.22721529456443948
7.05,72.90809356293173,3.5269898134105824,13.15,49.34,0.0,10.54,0.0,F574-1,65.0,10.0,96.8,9.68,0.5143484893019369,0.47239294697720874,1.1176921187815227,16093.486910110803,6.545706004299644,0.5454430589128879,-0.22721529456443948
7.99,80.26952729537908,3.681813630668529,16.07,50.15,0.0,8.66,0.0,F574-1,65.0,10.0,96.8,9.68,0.5143484893019369,0.47239294697720874,1.1176921187815227,16093.486910110803,6.545706004299644,0.5454430589128879,-0.22721529456443948
8.92,73.1369685808484,3.7887480958050612,18.98,49.17,0.0,6.85,0.0,F574-1,65.0,10.0,96.8,9.68,0.5143484893019369,0.47239294697720874,1.1176921187815227,16093.486910110803,6.545706004299644,0.5454430589128879,-0.22721529456443948
9.87,80.5386203144687,3.908979615336407,21.99,49.76,0.0,6.33,0.0,F574-1,65.0,10.0,96.8,9.68,0.5143484893019369,0.47239294697720874,1.1176921187815227,16093.486910110803,6.545706004299644,0.5454430589128879,-0.22721529456443948
10.79,81.53914915926629,4.016195649131935,25.0,50.33,0.0,5.29,0.0,F574-1,65.0,10.0,96.8,9.68,0.5143484893019369,0.47239294697720874,1.1176921187815227,16093.486910110803,6.545706004299644,0.5454430589128879,-0.22721529456443948
11.8,78.05966646100168,4.113104280517946,27.82,50.68,0.0,4.09,0.0,F574-1,65.0,10.0,96.8,9.68,0.5143484893019369,0.47239294697720874,1.1176921187815227,16093.486910110803,6.545706004299644,0.5454430589128879,-0.22721529456443948
12.6,83.37625022562689,4.172871930248639,30.02,50.19,0.0,3.23,0.0,F574-1,65.0,10.0,96.8,9.68,0.5143484893019369,0.47239294697720874,1.1176921187815227,16093.486910110803,6.545706004299644,0.5454430589128879,-0.22721529456443948
1.74,85.5774442957981,4.374886714734297,11.85,126.23,0.0,363.15,0.0,NGC3769,70.0,2.0,18.0,2.5,0.9703236264385032,0.470568133092327,0.40979013323457303,3989.9711938905007,29.13860774875472,0.46185675007823623,0.1907162496088187
3.5,89.82649551490853,4.813481964697061,22.09,136.2,0.0,106.15,0.0,NGC3769,70.0,2.0,18.0,2.5,0.9703236264385032,0.470568133092327,0.40979013323457303,3989.9711938905007,29.13860774875472,0.46185675007823623,0.1907162496088187
5.24,96.93899647074987,4.513013692691415,28.99,123.81,0.0,34.23,0.0,NGC3769,70.0,2.0,18.0,2.5,0.9703236264385032,0.470568133092327,0.40979013323457303,3989.9711938905007,29.13860774875472,0.46185675007823623,0.1907162496088187
6.98,85.01502515387754,4.194958459648227,34.81,109.91,0.0,11.25,0.0,NGC3769,70.0,2.0,18.0,2.5,0.9703236264385032,0.470568133092327,0.40979013323457303,3989.9711938905007,29.13860774875472,0.46185675007823623,0.1907162496088187
8.72,82.34267241700856,3.917963683504928,36.96,98.62,0.0,3.98,0.0,NGC3769,70.0,2.0,18.0,2.5,0.9703236264385032,0.470568133092327,0.40979013323457303,3989.9711938905007,29.13860774875472,0.46185675007823623,0.1907162496088187
10.47,78.69363189883443,3.675499726069329,36.75,89.83,0.0,2.58,0.0,NGC3769,70.0,2.0,18.0,2.5,0.9703236264385032,0.470568133092327,0.40979013323457303,3989.9711938905007,29.13860774875472,0.46185675007823623,0.1907162496088187
12.31,67.31266357191186,3.455636400863769,34.7,83.14,0.0,1.42,0.0,NGC3769,70.0,2.0,18.0,2.5,0.9703236264385032,0.470568133092327,0.40979013323457303,3989.9711938905007,29.13860774875472,0.46185675007823623,0.1907162496088187
14.52,68.20228285200005,3.277040959168111,34.16,76.18,0.0,0.61,0.0,NGC3769,70.0,2.0,18.0,2.5,0.9703236264385032,0.470568133092327,0.40979013323457303,3989.9711938905007,29.13860774875472,0.46185675007823623,0.1907162496088187
17.07,62.68344348734565,3.1724235144398345,34.92,70.2,0.0,0.41,0.0,NGC3769,70.0,2.0,18.0,2.5,0.9703236264385032,0.470568133092327,0.40979013323457303,3989.9711938905007,29.13860774875472,0.46185675007823623,0.1907162496088187
31.82,56.96947228162175,2.8574099696716466,33.73,50.64,0.0,0.0,0.0,NGC3769,70.0,2.0,18.0,2.5,0.9703236264385032,0.470568133092327,0.40979013323457303,3989.9711938905007,29.13860774875472,0.46185675007823623,0.1907162496088187
34.61,55.87534312005195,2.805778077013338,32.54,48.51,0.0,0.0,0.0,NGC3769,70.0,2.0,18.0,2.5,0.9703236264385032,0.470568133092327,0.40979013323457303,3989.9711938905007,29.13860774875472,0.46185675007823623,0.1907162496088187
37.16,55.29837067249439,2.7651008826895014,31.57,46.75,0.0,0.0,0.0,NGC3769,70.0,2.0,18.0,2.5,0.9703236264385032,0.470568133092327,0.40979013323457303,3989.9711938905007,29.13860774875472,0.46185675007823623,0.1907162496088187
0.16,19.357787597221428,0.9516488195025392,0.0,23.21,0.0,1105.79,0.0,NGC2403,63.0,3.0,3.16,0.16,0.7007469714134584,0.6461986171446671,0.720245897311852,16859.40406067874,8.911360845707591,0.5112737373355635,-0.05636868667781749
0.26,27.615365784385315,1.4454422966506197,0.0,35.33,0.0,1006.36,0.0,NGC2403,63.0,3.0,3.16,0.16,0.7007469714134584,0.6461986171446671,0.720245897311852,16859.40406067874,8.911360845707591,0.5112737373355635,-0.05636868667781749
0.36,37.46056682222303,1.921316641491227,1.92,46.97,0.0,938.26,0.0,NGC2403,63.0,3.0,3.16,0.16,0.7007469714134584,0.6461986171446671,0.720245897311852,16859.40406067874,8.911360845707591,0.5112737373355635,-0.05636868667781749
0.46,46.2390922227116,2.3180139669960442,2.29,56.68,0.0,789.78,0.0,NGC2403,63.0,3.0,3.16,0.16,0.7007469714134584,0.6461986171446671,0.720245897311852,16859.40406067874,8.911360845707591,0.5112737373355635,-0.05636868667781749
0.56,50.733261629268995,2.6105210273283603,2.64,63.77,0.0,624.65,0.0,NGC2403,63.0,3.0,3.16,0.16,0.7007469714134584,0.6461986171446671,0.720245897311852,16859.40406067874,8.911360845707591,0.5112737373355635,-0.05636868667781749
0.66,55.12187166555064,2.7725174433092152,3.0,67.56,0.0,511.64,0.0,NGC2403,63.0,3.0,3.16,0.16,0.7007469714134584,0.6461986171446671,0.720245897311852,16859.40406067874,8.911360845707591,0.5112737373355635,-0.05636868667781749
0.76,56.49840744569226,2.9139077438147414,3.34,70.83,0.0,469.31,0.0,NGC2403,63.0,3.0,3.16,0.16,0.7007469714134584,0.6461986171446671,0.720245897311852,16859.40406067874,8.911360845707591,0.5112737373355635,-0.05636868667781749
0.86,66.10636087524026,3.004294115590578,3.68,72.8,0.0,402.53,0.0,NGC2403,63.0,3.0,3.16,0.16,0.7007469714134584,0.6461986171446671,0.720245897311852,16859.40406067874,8.911360845707591,0.5112737373355635,-0.05636868667781749
0.96,66.09248810453667,3.0987059818616842,4.02,74.87,0.0,381.19,0.0,NGC2403,63.0,3.0,3.16,0.16,0.7007469714134584,0.6461986171446671,0.720245897311852,16859.40406067874,8.911360845707591,0.5112737373355635,-0.05636868667781749
1.06,65.44403885785029,3.2002049851271366,4.37,77.12,0.0,359.63,0.0,NGC2403,63.0,3.0,3.16,0.16,0.7007469714134584,0.6461986171446671,0.720245897311852,16859.40406067874,8.911360845707591,0.5112737373355635,-0.05636868667781749
1.16,65.93609378186702,3.3056669372250833,4.75,79.47,0.0,345.41,0.0,NGC2403,63.0,3.0,3.16,0.16,0.7007469714134584,0.6461986171446671,0.720245897311852,16859.40406067874,8.911360845707591,0.5112737373355635,-0.05636868667781749
1.27,76.0338212293119,3.4263723714740593,5.15,82.18,0.0,332.26,0.0,NGC2403,63.0,3.0,3.16,0.16,0.7007469714134584,0.6461986171446671,0.720245897311852,16859.40406067874,8.911360845707591,0.5112737373355635,-0.05636868667781749
1.36,72.26492845170765,3.5558281701769454,5.51,85.19,0.0,317.57,0.0,NGC2403,63.0,3.0,3.16,0.16,0.7007469714134584,0.6461986171446671,0.720245897311852,16859.40406067874,8.911360845707591,0.5112737373355635,-0.05636868667781749
1.47,73.22387699376125,3.6771610958322207,5.76,87.94,0.0,297.25,0.0,NGC2403,63.0,3.0,3.16,0.16,0.7007469714134584,0.6461986171446671,0.720245897311852,16859.40406067874,8.911360845707591,0.5112737373355635,-0.05636868667781749
1.57,77.15180173368361,3.799996133687735,5.98,90.77,0.0,286.72,0.0,NGC2403,63.0,3.0,3.16,0.16,0.7007469714134584,0.6461986171446671,0.720245897311852,16859.40406067874,8.911360845707591,0.5112737373355635,-0.05636868667781749
1.67,79.95098528049344,3.9373194570566747,6.21,93.98,0.0,271.01,0.0,NGC2403,63.0,3.0,3.16,0.16,0.7007469714134584,0.6461986171446671,0.720245897311852,16859.40406067874,8.911360845707591,0.5112737373355635,-0.05636868667781749
1.77,86.96064028976815,4.061623067995562,6.42,96.86,0.0,252.38,0.0,NGC2403,63.0,3.0,3.16,0.16,0.7007469714134584,0.6461986171446671,0.720245897311852,16859.40406067874,8.911360845707591,0.5112737373355635,-0.05636868667781749
1.87,83.22591039356564,4.16524514934716,6.61,99.21,0.0,231.06,0.0,NGC2403,63.0,3.0,3.16,0.16,0.7007469714134584,0.6461986171446671,0.720245897311852,16859.40406067874,8.911360845707591,0.5112737373355635,-0.05636868667781749
1.97,94.2173877125092,4.263360462937965,6.81,101.42,0.0,214.5,0.0,NGC2403,63.0,3.0,3.16,0.16,0.7007469714134584,0.6461986171446671,0.720245897311852,16859.40406067874,8.911360845707591,0.5112737373355635,-0.05636868667781749
2.08,83.52040540829016,4.368683873130914,7.01,103.79,0.0,203.15,0.0,NGC2403,63.0,3.0,3.16,0.16,0.7007469714134584,0.6461986171446671,0.720245897311852,16859.40406067874,8.911360845707591,0.5112737373355635,-0.05636868667781749
2.18,92.48984544237355,4.4693931092694745,7.27,106.07,0.0,177.77,0.0,NGC2403,63.0,3.0,3.16,0.16,0.7007469714134584,0.6461986171446671,0.720245897311852,16859.40406067874,8.911360845707591,0.5112737373355635,-0.05636868667781749
2.28,85.64323387530585,4.507972049124955,7.54,106.73,0.0,143.26,0.0,NGC2403,63.0,3.0,3.16,0.16,0.7007469714134584,0.6461986171446671,0.720245897311852,16859.40406067874,8.911360845707591,0.5112737373355635,-0.05636868667781749
2.37,98.16782306133176,4.4995814639399505,7.81,106.19,0.0,125.45,0.0,NGC2403,63.0,3.0,3.16,0.16,0.7007469714134584,0.6461986171446671,0.720245897311852,16859.40406067874,8.911360845707591,0.5112737373355635,-0.05636868667781749
2.47,88.32438018675278,4.490438192941254,8.25,105.57,0.0,115.5,0.0,NGC2403,63.0,3.0,3.16,0.16,0.7007469714134584,0.6461986171446671,0.720245897311852,16859.40406067874,8.911360845707591,0.5112737373355635,-0.05636868667781749
2.57,89.47842817602644,4.48697610240325,8.77,105.08,0.0,108.64,0.0,NGC2403,63.0,3.0,3.16,0.16,0.7007469714134584,0.6461986171446671,0.720245897311852,16859.40406067874,8.911360845707591,0.5112737373355635,-0.05636868667781749
2.68,93.6932707132208,4.477738955679658,9.31,104.39,0.0,99.02,0.0,NGC2403,63.0,3.0,3.16,0.16,0.7007469714134584,0.6461986171446671,0.720245897311852,16859.40406067874,8.911360845707591,0.5112737373355635,-0.05636868667781749
2.78,95.05313726516306,4.471964890056469,9.95,103.8,0.0,91.66,0.0,NGC2403,63.0,3.0,3.16,0.16,0.7007469714134584,0.6461986171446671,0.720245897311852,16859.40406067874,8.911360845707591,0.5112737373355635,-0.05636868667781749
2.88,84.37467728857075,4.467075768121496,10.97,103.16,0.0,86.76,0.0,NGC2403,63.0,3.0,3.16,0.16,0.7007469714134584,0.6461986171446671,0.720245897311852,16859.40406067874,8.911360845707591,0.5112737373355635,-0.05636868667781749
2.98,87.82809131467333,4.468749456013276,11.96,102.68,0.0,83.79,0.0,NGC2403,63.0,3.0,3.16,0.16,0.7007469714134584,0.6461986171446671,0.720245897311852,16859.40406067874,8.911360845707591,0.5112737373355635,-0.05636868667781749
3.08,83.37946845510909,4.481543918236579,13.06,102.46,0.0,81.8,0.0,NGC2403,63.0,3.0,3.16,0.16,0.7007469714134584,0.6461986171446671,0.720245897311852,16859.40406067874,8.911360845707591,0.5112737373355635,-0.05636868667781749
3.19,90.56661566803372,4.497454599174477,14.06,102.29,0.0,78.36,0.0,NGC2403,63.0,3.0,3.16,0.16,0.7007469714134584,0.6461986171446671,0.720245897311852,16859.40406067874,8.911360845707591,0.5112737373355635,-0.05636868667781749
3.29,90.07714558455507,4.526801948708921,15.05,102.51,0.0,75.36,0.0,NGC2403,63.0,3.0,3.16,0.16,0.7007469714134584,0.6461986171446671,0.720245897311852,16859.40406067874,8.911360845707591,0.5112737373355635,-0.05636868667781749
3.39,89.62501244896801,4.5608219194200625,16.15,102.82,0.0,71.99,0.0,NGC2403,63.0,3.0,3.16,0.16,0.7007469714134584,0.6461986171446671,0.720245897311852,16859.40406067874,8.911360845707591,0.5112737373355635,-0.05636868667781749
3.49,88.6941841168388,4.591856622433462,17.15,103.06,0.0,67.49,0.0,NGC2403,63.0,3.0,3.16,0.16,0.7007469714134584,0.6461986171446671,0.720245897311852,16859.40406067874,8.911360845707591,0.5112737373355635,-0.05636868667781749
3.59,90.43187523304765,4.610555928387218,18.14,102.95,0.0,62.39,0.0,NGC2403,63.0,3.0,3.16,0.16,0.7007469714134584,0.6461986171446671,0.720245897311852,16859.40406067874,8.911360845707591,0.5112737373355635,-0.05636868667781749
3.69,89.3546740600127,4.640932211502093,19.24,103.12,0.0,56.77,0.0,NGC2403,63.0,3.0,3.16,0.16,0.7007469714134584,0.6461986171446671,0.720245897311852,16859.40406067874,8.911360845707591,0.5112737373355635,-0.05636868667781749
3.79,95.62081381473433,4.657849459244597,20.24,102.93,0.0,52.43,0.0,NGC2403,63.0,3.0,3.16,0.16,0.7007469714134584,0.6461986171446671,0.720245897311852,16859.40406067874,8.911360845707591,0.5112737373355635,-0.05636868667781749
3.9,100.38654914785523,4.665680526661068,21.03,102.5,0.0,47.97,0.0,NGC2403,63.0,3.0,3.16,0.16,0.7007469714134584,0.6461986171446671,0.720245897311852,16859.40406067874,8.911360845707591,0.5112737373355635,-0.05636868667781749
3.99,84.35796356015595,4.6685857290031825,21.83,101.99,0.0,44.58,0.0,NGC2403,63.0,3.0,3.16,0.16,0.7007469714134584,0.6461986171446671,0.720245897311852,16859.40406067874,8.911360845707591,0.5112737373355635,-0.05636868667781749
4.47,93.3269079695443,4.693560425682093,25.72,99.49,0.0,31.94,0.0,NGC2403,63.0,3.0,3.16,0.16,0.7007469714134584,0.6461986171446671,0.720245897311852,16859.40406067874,8.911360845707591,0.5112737373355635,-0.05636868667781749
4.97,92.13992520894526,4.70537909667945,27.81,97.06,0.0,24.17,0.0,NGC2403,63.0,3.0,3.16,0.16,0.7007469714134584,0.6461986171446671,0.720245897311852,16859.40406067874,8.911360845707591,0.5112737373355635,-0.05636868667781749
5.47,96.41694947406509,4.705017336461862,29.41,94.4,0.0,15.97,0.0,NGC2403,63.0,3.0,3.16,0.16,0.7007469714134584,0.6461986171446671,0.720245897311852,16859.40406067874,8.911360845707591,0.5112737373355635,-0.05636868667781749
5.96,89.1671988540699,4.681127059673096,30.7,91.13,0.0,11.31,0.0,NGC2403,63.0,3.0,3.16,0.16,0.7007469714134584,0.6461986171446671,0.720245897311852,16859.40406067874,8.911360845707591,0.5112737373355635,-0.05636868667781749
6.46,92.45827914208823,4.65701162539998,31.7,87.9,0.0,7.9,0.0,NGC2403,63.0,3.0,3.16,0.16,0.7007469714134584,0.6461986171446671,0.720245897311852,16859.40406067874,8.911360845707591,0.5112737373355635,-0.05636868667781749
6.96,88.22623640866429,4.653182424015879,33.29,84.95,0.0,5.51,0.0,NGC2403,63.0,3.0,3.16,0.16,0.7007469714134584,0.6461986171446671,0.720245897311852,16859.40406067874,8.911360845707591,0.5112737373355635,-0.05636868667781749
7.45,96.27043356543192,4.651487608966236,34.99,81.98,0.0,3.88,0.0,NGC2403,63.0,3.0,3.16,0.16,0.7007469714134584,0.6461986171446671,0.720245897311852,16859.40406067874,8.911360845707591,0.5112737373355635,-0.05636868667781749
7.95,93.5281972157661,4.653312069101282,36.58,79.11,0.0,2.71,0.0,NGC2403,63.0,3.0,3.16,0.16,0.7007469714134584,0.6461986171446671,0.720245897311852,16859.40406067874,8.911360845707591,0.5112737373355635,-0.05636868667781749
8.45,92.5583865558497,4.665588017705354,38.38,76.42,0.0,1.9,0.0,NGC2403,63.0,3.0,3.16,0.16,0.7007469714134584,0.6461986171446671,0.720245897311852,16859.40406067874,8.911360845707591,0.5112737373355635,-0.05636868667781749
8.94,95.3944715887675,4.683043274868897,39.97,74.09,0.0,1.34,0.0,NGC2403,63.0,3.0,3.16,0.16,0.7007469714134584,0.6461986171446671,0.720245897311852,16859.40406067874,8.911360845707591,0.5112737373355635,-0.05636868667781749
9.44,92.8331104986666,4.69957384957333,41.47,71.75,0.0,0.93,0.0,NGC2403,63.0,3.0,3.16,0.16,0.7007469714134584,0.6461986171446671,0.720245897311852,16859.40406067874,8.911360845707591,0.5112737373355635,-0.05636868667781749
9.94,86.90720690165381,4.711393444758991,42.57,69.58,0.0,0.65,0.0,NGC2403,63.0,3.0,3.16,0.16,0.7007469714134584,0.6461986171446671,0.720245897311852,16859.40406067874,8.911360845707591,0.5112737373355635,-0.05636868667781749
10.43,97.48871885185719,4.733443141440549,43.96,67.61,0.0,0.46,0.0,NGC2403,63.0,3.0,3.16,0.16,0.7007469714134584,0.6461986171446671,0.720245897311852,16859.40406067874,8.911360845707591,0.5112737373355635,-0.05636868667781749
10.93,96.4009645833248,4.751561556179291,45.06,65.75,0.0,0.32,0.0,NGC2403,63.0,3.0,3.16,0.16,0.7007469714134584,0.6461986171446671,0.720245897311852,16859.40406067874,8.911360845707591,0.5112737373355635,-0.05636868667781749
11.43,94.55377744483418,4.764393666125687,45.76,64.12,0.0,0.22,0.0,NGC2403,63.0,3.0,3.16,0.16,0.7007469714134584,0.6461986171446671,0.720245897311852,16859.40406067874,8.911360845707591,0.5112737373355635,-0.05636868667781749
11.92,100.08283332727034,4.769272878416189,46.15,62.55,0.0,0.16,0.0,NGC2403,63.0,3.0,3.16,0.16,0.7007469714134584,0.6461986171446671,0.720245897311852,16859.40406067874,8.911360845707591,0.5112737373355635,-0.05636868667781749
12.42,101.3793432958538,4.777876125003978,46.65,61.06,0.0,0.11,0.0,NGC2403,63.0,3.0,3.16,0.16,0.7007469714134584,0.6461986171446671,0.720245897311852,16859.40406067874,8.911360845707591,0.5112737373355635,-0.05636868667781749
12.92,90.42479460027104,4.782427875902924,46.95,59.67,0.0,0.08,0.0,NGC2403,63.0,3.0,3.16,0.16,0.7007469714134584,0.6461986171446671,0.720245897311852,16859.40406067874,8.911360845707591,0.5112737373355635,-0.05636868667781749
13.42,91.77544243397307,4.775264358073399,46.75,58.37,0.0,0.05,0.0,NGC2403,63.0,3.0,3.16,0.16,0.7007469714134584,0.6461986171446671,0.720245897311852,16859.40406067874,8.911360845707591,0.5112737373355635,-0.05636868667781749
13.91,102.6265509119923,4.762852974556382,46.25,57.26,0.0,0.04,0.0,NGC2403,63.0,3.0,3.16,0.16,0.7007469714134584,0.6461986171446671,0.720245897311852,16859.40406067874,8.911360845707591,0.5112737373355635,-0.05636868667781749
14.41,101.82490014054888,4.753984983638328,45.95,56.12,0.0,0.03,0.0,NGC2403,63.0,3.0,3.16,0.16,0.7007469714134584,0.6461986171446671,0.720245897311852,16859.40406067874,8.911360845707591,0.5112737373355635,-0.05636868667781749
14.91,91.40714379121671,4.745561696977307,45.66,55.05,0.0,0.02,0.0,NGC2403,63.0,3.0,3.16,0.16,0.7007469714134584,0.6461986171446671,0.720245897311852,16859.40406067874,8.911360845707591,0.5112737373355635,-0.05636868667781749
15.4,89.10155090917219,4.734586222779452,45.26,54.06,0.0,0.01,0.0,NGC2403,63.0,3.0,3.16,0.16,0.7007469714134584,0.6461986171446671,0.720245897311852,16859.40406067874,8.911360845707591,0.5112737373355635,-0.05636868667781749
15.9,91.41647292923862,4.721332052826731,44.76,53.11,0.0,0.01,0.0,NGC2403,63.0,3.0,3.16,0.16,0.7007469714134584,0.6461986171446671,0.720245897311852,16859.40406067874,8.911360845707591,0.5112737373355635,-0.05636868667781749
16.4,91.78802698526803,4.70662367287209,44.16,52.26,0.0,0.01,0.0,NGC2403,63.0,3.0,3.16,0.16,0.7007469714134584,0.6461986171446671,0.720245897311852,16859.40406067874,8.911360845707591,0.5112737373355635,-0.05636868667781749
16.89,86.30714988116934,4.686547480746753,43.36,51.43,0.0,0.0,0.0,NGC2403,63.0,3.0,3.16,0.16,0.7007469714134584,0.6461986171446671,0.720245897311852,16859.40406067874,8.911360845707591,0.5112737373355635,-0.05636868667781749
17.39,93.52134887321932,4.668791772999829,42.67,50.61,0.0,0.0,0.0,NGC2403,63.0,3.0,3.16,0.16,0.7007469714134584,0.6461986171446671,0.720245897311852,16859.40406067874,8.911360845707591,0.5112737373355635,-0.05636868667781749
17.89,87.02414292396091,4.648770012510803,41.87,49.84,0.0,0.0,0.0,NGC2403,63.0,3.0,3.16,0.16,0.7007469714134584,0.6461986171446671,0.720245897311852,16859.40406067874,8.911360845707591,0.5112737373355635,-0.05636868667781749
18.38,86.98740886812915,4.629548311432727,41.07,49.16,0.0,0.0,0.0,NGC2403,63.0,3.0,3.16,0.16,0.7007469714134584,0.6461986171446671,0.720245897311852,16859.40406067874,8.911360845707591,0.5112737373355635,-0.05636868667781749
18.88,96.41688544832628,4.6096956814910035,40.27,48.46,0.0,0.0,0.0,NGC2403,63.0,3.0,3.16,0.16,0.7007469714134584,0.6461986171446671,0.720245897311852,16859.40406067874,8.911360845707591,0.5112737373355635,-0.05636868667781749
19.38,88.8257709272121,4.598366272464619,39.87,47.78,0.0,0.0,0.0,NGC2403,63.0,3.0,3.16,0.16,0.7007469714134584,0.6461986171446671,0.720245897311852,16859.40406067874,8.911360845707591,0.5112737373355635,-0.05636868667781749
19.87,91.5865578950048,4.5957510828801,39.87,47.15,0.0,0.0,0.0,NGC2403,63.0,3.0,3.16,0.16,0.7007469714134584,0.6461986171446671,0.720245897311852,16859.40406067874,8.911360845707591,0.5112737373355635,-0.05636868667781749
20.37,94.74273004721822,4.592674754808228,39.87,46.52,0.0,0.0,0.0,NGC2403,63.0,3.0,3.16,0.16,0.7007469714134584,0.6461986171446671,0.720245897311852,16859.40406067874,8.911360845707591,0.5112737373355635,-0.05636868667781749
20.87,95.53919656939948,4.590312209126192,39.87,45.97,0.0,0.0,0.0,NGC2403,63.0,3.0,3.16,0.16,0.7007469714134584,0.6461986171446671,0.720245897311852,16859.40406067874,8.911360845707591,0.5112737373355635,-0.05636868667781749
0.11,39.00802998994365,1.8890133067727277,-1.03,10.27,44.15,655.22,4452.47,UGC03580,63.0,4.0,20.7,5.2,0.8217099972983763,0.4626664323555948,0.7071471377779478,12883.769815541811,24.42733907033563,0.4890996054241508,0.054501972879245915
0.23,61.540937952845,3.25669253544691,-1.23,20.21,75.69,599.52,2773.9,UGC03580,63.0,4.0,20.7,5.2,0.8217099972983763,0.4626664323555948,0.7071471377779478,12883.769815541811,24.42733907033563,0.4890996054241508,0.054501972879245915
0.34,78.21360421863679,3.909886900968042,-1.32,28.3,90.09,552.64,1731.65,UGC03580,63.0,4.0,20.7,5.2,0.8217099972983763,0.4626664323555948,0.7071471377779478,12883.769815541811,24.42733907033563,0.4890996054241508,0.054501972879245915
0.46,88.5331955866427,4.274167797146567,-1.38,36.17,97.29,505.66,1079.38,UGC03580,63.0,4.0,20.7,5.2,0.8217099972983763,0.4626664323555948,0.7071471377779478,12883.769815541811,24.42733907033563,0.4890996054241508,0.054501972879245915
0.57,89.8583101446665,4.387738997540221,-1.41,42.64,98.4,466.11,777.25,UGC03580,63.0,4.0,20.7,5.2,0.8217099972983763,0.4626664323555948,0.7071471377779478,12883.769815541811,24.42733907033563,0.4890996054241508,0.054501972879245915
0.69,98.22620423476391,4.499768140685583,-1.36,48.95,99.3,426.49,601.37,UGC03580,63.0,4.0,20.7,5.2,0.8217099972983763,0.4626664323555948,0.7071471377779478,12883.769815541811,24.42733907033563,0.4890996054241508,0.054501972879245915
0.8,98.53666579061002,4.610480747025162,-1.23,54.16,100.36,393.14,459.37,UGC03580,63.0,4.0,20.7,5.2,0.8217099972983763,0.4626664323555948,0.7071471377779478,12883.769815541811,24.42733907033563,0.4890996054241508,0.054501972879245915
0.92,91.50601506597012,4.702094242821637,-0.91,59.24,100.84,359.72,348.84,UGC03580,63.0,4.0,20.7,5.2,0.8217099972983763,0.4626664323555948,0.7071471377779478,12883.769815541811,24.42733907033563,0.4890996054241508,0.054501972879245915
1.03,95.40544196026134,4.791638132346905,0.49,63.4,101.52,331.59,233.68,UGC03580,63.0,4.0,20.7,5.2,0.8217099972983763,0.4626664323555948,0.7071471377779478,12883.769815541811,24.42733907033563,0.4890996054241508,0.054501972879245915
1.14,90.40458781681598,4.829702579404324,1.27,67.15,100.91,305.66,159.27,UGC03580,63.0,4.0,20.7,5.2,0.8217099972983763,0.4626664323555948,0.7071471377779478,12883.769815541811,24.42733907033563,0.4890996054241508,0.054501972879245915
1.26,98.1217828129149,4.845651035404596,1.89,70.78,99.65,279.67,96.37,UGC03580,63.0,4.0,20.7,5.2,0.8217099972983763,0.4626664323555948,0.7071471377779478,12883.769815541811,24.42733907033563,0.4890996054241508,0.054501972879245915
1.37,97.39574951669722,4.833291039143498,2.47,73.73,97.83,257.8,50.26,UGC03580,63.0,4.0,20.7,5.2,0.8217099972983763,0.4626664323555948,0.7071471377779478,12883.769815541811,24.42733907033563,0.4890996054241508,0.054501972879245915
1.49,108.81798611473957,4.793008490072104,2.98,76.63,95.14,239.14,24.69,UGC03580,63.0,4.0,20.7,5.2,0.8217099972983763,0.4626664323555948,0.7071471377779478,12883.769815541811,24.42733907033563,0.4890996054241508,0.054501972879245915
1.61,95.44980733868452,4.749319599193423,3.52,79.45,92.26,221.75,12.13,UGC03580,63.0,4.0,20.7,5.2,0.8217099972983763,0.4626664323555948,0.7071471377779478,12883.769815541811,24.42733907033563,0.4890996054241508,0.054501972879245915
1.71,84.38541523761411,4.712492577179818,4.06,81.6,89.85,205.51,6.74,UGC03580,63.0,4.0,20.7,5.2,0.8217099972983763,0.4626664323555948,0.7071471377779478,12883.769815541811,24.42733907033563,0.4890996054241508,0.054501972879245915
1.83,90.1946210338992,4.666547217932003,4.62,83.69,87.09,183.4,3.33,UGC03580,63.0,4.0,20.7,5.2,0.8217099972983763,0.4626664323555948,0.7071471377779478,12883.769815541811,24.42733907033563,0.4890996054241508,0.054501972879245915
1.94,92.92001436863629,4.620047782155149,5.19,85.04,84.69,167.21,1.73,UGC03580,63.0,4.0,20.7,5.2,0.8217099972983763,0.4626664323555948,0.7071471377779478,12883.769815541811,24.42733907033563,0.4890996054241508,0.054501972879245915
2.06,85.69575801350753,4.571907166550479,5.77,86.25,82.25,154.41,0.85,UGC03580,63.0,4.0,20.7,5.2,0.8217099972983763,0.4626664323555948,0.7071471377779478,12883.769815541811,24.42733907033563,0.4890996054241508,0.054501972879245915
2.18,86.70070333998378,4.531523779083364,6.34,87.49,79.96,146.81,0.42,UGC03580,63.0,4.0,20.7,5.2,0.8217099972983763,0.4626664323555948,0.7071471377779478,12883.769815541811,24.42733907033563,0.4890996054241508,0.054501972879245915
2.29,88.52830546627291,4.508845033208265,6.95,88.91,78.04,140.69,0.22,UGC03580,63.0,4.0,20.7,5.2,0.8217099972983763,0.4626664323555948,0.7071471377779478,12883.769815541811,24.42733907033563,0.4890996054241508,0.054501972879245915
2.4,91.41843993476137,4.494114957778339,7.56,90.4,76.26,131.91,0.11,UGC03580,63.0,4.0,20.7,5.2,0.8217099972983763,0.4626664323555948,0.7071471377779478,12883.769815541811,24.42733907033563,0.4890996054241508,0.054501972879245915
2.52,88.8586468856206,4.47996869599926,8.2,91.9,74.41,120.79,0.06,UGC03580,63.0,4.0,20.7,5.2,0.8217099972983763,0.4626664323555948,0.7071471377779478,12883.769815541811,24.42733907033563,0.4890996054241508,0.054501972879245915
2.63,85.34480097051896,4.4657966203847925,8.89,92.95,72.86,108.91,0.03,UGC03580,63.0,4.0,20.7,5.2,0.8217099972983763,0.4626664323555948,0.7071471377779478,12883.769815541811,24.42733907033563,0.4890996054241508,0.054501972879245915
2.75,92.35079358779899,4.4425731059677736,9.58,93.65,71.23,96.05,0.01,UGC03580,63.0,4.0,20.7,5.2,0.8217099972983763,0.4626664323555948,0.7071471377779478,12883.769815541811,24.42733907033563,0.4890996054241508,0.054501972879245915
2.86,85.98254755668538,4.418342532605315,10.31,93.97,69.85,86.65,0.01,UGC03580,63.0,4.0,20.7,5.2,0.8217099972983763,0.4626664323555948,0.7071471377779478,12883.769815541811,24.42733907033563,0.4890996054241508,0.054501972879245915
2.98,85.6080985300608,4.390003300018341,11.11,94.1,68.43,77.7,0.0,UGC03580,63.0,4.0,20.7,5.2,0.8217099972983763,0.4626664323555948,0.7071471377779478,12883.769815541811,24.42733907033563,0.4890996054241508,0.054501972879245915
3.09,81.2196056343979,4.3618735726389755,11.94,93.98,67.21,70.44,0.0,UGC03580,63.0,4.0,20.7,5.2,0.8217099972983763,0.4626664323555948,0.7071471377779478,12883.769815541811,24.42733907033563,0.4890996054241508,0.054501972879245915
3.2,83.26377127706367,4.333498464301958,12.77,93.74,66.06,64.18,0.0,UGC03580,63.0,4.0,20.7,5.2,0.8217099972983763,0.4626664323555948,0.7071471377779478,12883.769815541811,24.42733907033563,0.4890996054241508,0.054501972879245915
4.52,83.08870552293831,4.023320960003918,19.31,88.08,55.57,28.91,0.0,UGC03580,63.0,4.0,20.7,5.2,0.8217099972983763,0.4626664323555948,0.7071471377779478,12883.769815541811,24.42733907033563,0.4890996054241508,0.054501972879245915
4.69,73.36666507664278,3.9911483387660556,19.73,87.36,54.55,26.51,0.0,UGC03580,63.0,4.0,20.7,5.2,0.8217099972983763,0.4626664323555948,0.7071471377779478,12883.769815541811,24.42733907033563,0.4890996054241508,0.054501972879245915
6.03,75.47453515221197,3.787204223456388,22.95,81.5,48.11,14.16,0.0,UGC03580,63.0,4.0,20.7,5.2,0.8217099972983763,0.4626664323555948,0.7071471377779478,12883.769815541811,24.42733907033563,0.4890996054241508,0.054501972879245915
7.53,76.26491470150822,3.68114330197114,26.37,76.78,43.05,8.19,0.0,UGC03580,63.0,4.0,20.7,5.2,0.8217099972983763,0.4626664323555948,0.7071471377779478,12883.769815541811,24.42733907033563,0.4890996054241508,0.054501972879245915
8.58,71.24560222665893,3.6307392626419857,28.87,73.0,40.33,5.41,0.0,UGC03580,63.0,4.0,20.7,5.2,0.8217099972983763,0.4626664323555948,0.7071471377779478,12883.769815541811,24.42733907033563,0.4890996054241508,0.054501972879245915
8.7,73.42026267059845,3.627520877937647,29.07,72.69,40.05,5.18,0.0,UGC03580,63.0,4.0,20.7,5.2,0.8217099972983763,0.4626664323555948,0.7071471377779478,12883.769815541811,24.42733907033563,0.4890996054241508,0.054501972879245915
8.82,68.45565131007352,3.625213396037678,29.38,72.31,39.78,4.95,0.0,UGC03580,63.0,4.0,20.7,5.2,0.8217099972983763,0.4626664323555948,0.7071471377779478,12883.769815541811,24.42733907033563,0.4890996054241508,0.054501972879245915
9.03,77.16514466795851,3.621029487374611,29.9,71.64,39.31,4.58,0.0,UGC03580,63.0,4.0,20.7,5.2,0.8217099972983763,0.4626664323555948,0.7071471377779478,12883.769815541811,24.42733907033563,0.4890996054241508,0.054501972879245915
9.05,76.38180735943163,3.6198106796961884,29.9,71.58,39.27,4.54,0.0,UGC03580,63.0,4.0,20.7,5.2,0.8217099972983763,0.4626664323555948,0.7071471377779478,12883.769815541811,24.42733907033563,0.4890996054241508,0.054501972879245915
10.53,73.1673996703463,3.615794172882643,33.33,67.3,36.41,2.67,0.0,UGC03580,63.0,4.0,20.7,5.2,0.8217099972983763,0.4626664323555948,0.7071471377779478,12883.769815541811,24.42733907033563,0.4890996054241508,0.054501972879245915
12.07,66.29050225646452,3.633367431269644,36.03,63.57,34.0,1.5,0.0,UGC03580,63.0,4.0,20.7,5.2,0.8217099972983763,0.4626664323555948,0.7071471377779478,12883.769815541811,24.42733907033563,0.4890996054241508,0.054501972879245915
13.58,69.08306348862135,3.644767659506048,37.9,59.74,32.06,0.69,0.0,UGC03580,63.0,4.0,20.7,5.2,0.8217099972983763,0.4626664323555948,0.7071471377779478,12883.769815541811,24.42733907033563,0.4890996054241508,0.054501972879245915
15.09,76.65401037824873,3.6542449093137486,39.04,56.25,30.41,0.37,0.0,UGC03580,63.0,4.0,20.7,5.2,0.8217099972983763,0.4626664323555948,0.7071471377779478,12883.769815541811,24.42733907033563,0.4890996054241508,0.054501972879245915
16.6,79.58451171676023,3.665272780723884,39.66,53.26,29.0,0.2,0.0,UGC03580,63.0,4.0,20.7,5.2,0.8217099972983763,0.4626664323555948,0.7071471377779478,12883.769815541811,24.42733907033563,0.4890996054241508,0.054501972879245915
18.11,74.71047341946459,3.6809325988550046,40.08,50.67,27.76,0.11,0.0,UGC03580,63.0,4.0,20.7,5.2,0.8217099972983763,0.4626664323555948,0.7071471377779478,12883.769815541811,24.42733907033563,0.4890996054241508,0.054501972879245915
19.62,78.50760660293105,3.694941787557541,40.18,48.42,26.67,0.06,0.0,UGC03580,63.0,4.0,20.7,5.2,0.8217099972983763,0.4626664323555948,0.7071471377779478,12883.769815541811,24.42733907033563,0.4890996054241508,0.054501972879245915
21.02,71.76991201116063,3.700960709822941,39.87,46.57,25.77,0.03,0.0,UGC03580,63.0,4.0,20.7,5.2,0.8217099972983763,0.4626664323555948,0.7071471377779478,12883.769815541811,24.42733907033563,0.4890996054241508,0.054501972879245915
24.04,72.68319708793607,3.6689020002826833,37.17,43.23,24.09,0.01,0.0,UGC03580,63.0,4.0,20.7,5.2,0.8217099972983763,0.4626664323555948,0.7071471377779478,12883.769815541811,24.42733907033563,0.4890996054241508,0.054501972879245915
27.06,73.10873443533161,3.655226929365735,34.89,40.56,22.71,0.0,0.0,UGC03580,63.0,4.0,20.7,5.2,0.8217099972983763,0.4626664323555948,0.7071471377779478,12883.769815541811,24.42733907033563,0.4890996054241508,0.054501972879245915
0.33,16.13920946921193,0.856134036450015,1.71,21.94,0.0,329.26,0.0,UGC11557,30.0,10.0,24.2,6.05,0.7817912652753481,0.5511625232718832,0.4922855418441447,6052.589072870035,6.120458455638239,0.49641724007440413,0.017913799627979465
0.99,34.48439973948841,1.8495590228764751,2.41,47.32,0.0,226.54,0.0,UGC11557,30.0,10.0,24.2,6.05,0.7817912652753481,0.5511625232718832,0.4922855418441447,6052.589072870035,6.120458455638239,0.49641724007440413,0.017913799627979465
1.76,47.56743594181709,2.337401804859899,-7.34,59.39,0.0,158.62,0.0,UGC11557,30.0,10.0,24.2,6.05,0.7817912652753481,0.5511625232718832,0.4922855418441447,6052.589072870035,6.120458455638239,0.49641724007440413,0.017913799627979465
2.42,53.90831845365068,2.7865805647245767,-10.59,70.77,0.0,134.99,0.0,UGC11557,30.0,10.0,24.2,6.05,0.7817912652753481,0.5511625232718832,0.4922855418441447,6052.589072870035,6.120458455638239,0.49641724007440413,0.017913799627979465
3.19,57.719365591074215,3.2740829291380913,0.97,81.19,0.0,93.5,0.0,UGC11557,30.0,10.0,24.2,6.05,0.7817912652753481,0.5511625232718832,0.4922855418441447,6052.589072870035,6.120458455638239,0.49641724007440413,0.017913799627979465
3.85,71.87492280461382,3.4540997348166735,9.74,83.68,0.0,70.65,0.0,UGC11557,30.0,10.0,24.2,6.05,0.7817912652753481,0.5511625232718832,0.4922855418441447,6052.589072870035,6.120458455638239,0.49641724007440413,0.017913799627979465
4.62,73.39036162264775,3.64119063445273,11.43,87.03,0.0,55.35,0.0,UGC11557,30.0,10.0,24.2,6.05,0.7817912652753481,0.5511625232718832,0.4922855418441447,6052.589072870035,6.120458455638239,0.49641724007440413,0.017913799627979465
5.28,75.10692927725192,3.8470302344489,16.36,90.49,0.0,49.76,0.0,UGC11557,30.0,10.0,24.2,6.05,0.7817912652753481,0.5511625232718832,0.4922855418441447,6052.589072870035,6.120458455638239,0.49641724007440413,0.017913799627979465
5.94,88.7737722945518,4.014470614322814,17.72,93.96,0.0,36.24,0.0,UGC11557,30.0,10.0,24.2,6.05,0.7817912652753481,0.5511625232718832,0.4922855418441447,6052.589072870035,6.120458455638239,0.49641724007440413,0.017913799627979465
7.04,83.4432768924836,4.143387140118317,24.54,93.48,0.0,19.51,0.0,UGC11557,30.0,10.0,24.2,6.05,0.7817912652753481,0.5511625232718832,0.4922855418441447,6052.589072870035,6.120458455638239,0.49641724007440413,0.017913799627979465
8.8,81.1697579334413,4.217362272226697,35.45,87.18,0.0,7.06,0.0,UGC11557,30.0,10.0,24.2,6.05,0.7817912652753481,0.5511625232718832,0.4922855418441447,6052.589072870035,6.120458455638239,0.49641724007440413,0.017913799627979465
10.56,80.27842167205358,3.993722470357552,33.35,79.1,0.0,1.49,0.0,UGC11557,30.0,10.0,24.2,6.05,0.7817912652753481,0.5511625232718832,0.4922855418441447,6052.589072870035,6.120458455638239,0.49641724007440413,0.017913799627979465
0.34,26.81875992909934,1.371871930119538,0.91,27.87,0.0,246.74,0.0,UGC08490,50.0,3.0,4.65,0.53,-0.29370904274123666,0.3935166184374904,0.5873911009368545,20103.056940905593,2.6843409343480826,0.6935707547642033,-0.9678537738210163
0.68,45.174384073181095,2.0847523662685754,7.1,39.52,0.0,115.82,0.0,UGC08490,50.0,3.0,4.65,0.53,-0.29370904274123666,0.3935166184374904,0.5873911009368545,20103.056940905593,2.6843409343480826,0.6935707547642033,-0.9678537738210163
1.02,53.47513828471643,2.563568487683229,10.23,44.52,0.0,75.75,0.0,UGC08490,50.0,3.0,4.65,0.53,-0.29370904274123666,0.3935166184374904,0.5873911009368545,20103.056940905593,2.6843409343480826,0.6935707547642033,-0.9678537738210163
1.36,60.53763399699785,2.9100678206172184,12.18,46.26,0.0,41.22,0.0,UGC08490,50.0,3.0,4.65,0.53,-0.29370904274123666,0.3935166184374904,0.5873911009368545,20103.056940905593,2.6843409343480826,0.6935707547642033,-0.9678537738210163
1.69,65.02171182140799,3.1673385156410645,14.42,45.8,0.0,27.51,0.0,UGC08490,50.0,3.0,4.65,0.53,-0.29370904274123666,0.3935166184374904,0.5873911009368545,20103.056940905593,2.6843409343480826,0.6935707547642033,-0.9678537738210163
2.03,69.02373752571566,3.369608393948346,15.29,45.05,0.0,15.53,0.0,UGC08490,50.0,3.0,4.65,0.53,-0.29370904274123666,0.3935166184374904,0.5873911009368545,20103.056940905593,2.6843409343480826,0.6935707547642033,-0.9678537738210163
2.37,76.10613946709907,3.5469828878022156,18.41,43.11,0.0,9.72,0.0,UGC08490,50.0,3.0,4.65,0.53,-0.29370904274123666,0.3935166184374904,0.5873911009368545,20103.056940905593,2.6843409343480826,0.6935707547642033,-0.9678537738210163
2.7,73.57913841168494,3.6825558798632745,20.65,41.2,0.0,6.89,0.0,UGC08490,50.0,3.0,4.65,0.53,-0.29370904274123666,0.3935166184374904,0.5873911009368545,20103.056940905593,2.6843409343480826,0.6935707547642033,-0.9678537738210163
3.05,82.63718717061032,3.7810680956007605,21.24,39.62,0.0,4.81,0.0,UGC08490,50.0,3.0,4.65,0.53,-0.29370904274123666,0.3935166184374904,0.5873911009368545,20103.056940905593,2.6843409343480826,0.6935707547642033,-0.9678537738210163
3.38,73.4969906794898,3.8583936412725848,22.11,38.18,0.0,3.48,0.0,UGC08490,50.0,3.0,4.65,0.53,-0.29370904274123666,0.3935166184374904,0.5873911009368545,20103.056940905593,2.6843409343480826,0.6935707547642033,-0.9678537738210163
3.72,77.69134712096704,3.934742740564934,23.77,36.93,0.0,2.42,0.0,UGC08490,50.0,3.0,4.65,0.53,-0.29370904274123666,0.3935166184374904,0.5873911009368545,20103.056940905593,2.6843409343480826,0.6935707547642033,-0.9678537738210163
4.06,74.33353003233285,3.991832811042872,25.04,35.68,0.0,1.42,0.0,UGC08490,50.0,3.0,4.65,0.53,-0.29370904274123666,0.3935166184374904,0.5873911009368545,20103.056940905593,2.6843409343480826,0.6935707547642033,-0.9678537738210163
4.39,78.82824208557854,4.010344516501261,24.74,34.2,0.0,0.59,0.0,UGC08490,50.0,3.0,4.65,0.53,-0.29370904274123666,0.3935166184374904,0.5873911009368545,20103.056940905593,2.6843409343480826,0.6935707547642033,-0.9678537738210163
4.74,82.56285565434077,4.0238364059124505,24.74,32.41,0.0,0.26,0.0,UGC08490,50.0,3.0,4.65,0.53,-0.29370904274123666,0.3935166184374904,0.5873911009368545,20103.056940905593,2.6843409343480826,0.6935707547642033,-0.9678537738210163
5.08,86.2210586515331,4.019396126331536,23.87,31.05,0.0,0.18,0.0,UGC08490,50.0,3.0,4.65,0.53,-0.29370904274123666,0.3935166184374904,0.5873911009368545,20103.056940905593,2.6843409343480826,0.6935707547642033,-0.9678537738210163
5.41,77.35625331904644,4.000494576916114,22.31,29.85,0.0,0.11,0.0,UGC08490,50.0,3.0,4.65,0.53,-0.29370904274123666,0.3935166184374904,0.5873911009368545,20103.056940905593,2.6843409343480826,0.6935707547642033,-0.9678537738210163
5.75,80.11224056973172,4.00454992701838,22.6,28.79,0.0,0.07,0.0,UGC08490,50.0,3.0,4.65,0.53,-0.29370904274123666,0.3935166184374904,0.5873911009368545,20103.056940905593,2.6843409343480826,0.6935707547642033,-0.9678537738210163
6.09,78.74840641732855,4.00943180088171,23.18,27.84,0.0,0.04,0.0,UGC08490,50.0,3.0,4.65,0.53,-0.29370904274123666,0.3935166184374904,0.5873911009368545,20103.056940905593,2.6843409343480826,0.6935707547642033,-0.9678537738210163
6.42,77.0561213549559,4.000546228107154,22.99,26.98,0.0,0.02,0.0,UGC08490,50.0,3.0,4.65,0.53,-0.29370904274123666,0.3935166184374904,0.5873911009368545,20103.056940905593,2.6843409343480826,0.6935707547642033,-0.9678537738210163
6.77,75.08960051032251,3.9918725873444405,22.99,26.18,0.0,0.01,0.0,UGC08490,50.0,3.0,4.65,0.53,-0.29370904274123666,0.3935166184374904,0.5873911009368545,20103.056940905593,2.6843409343480826,0.6935707547642033,-0.9678537738210163
7.11,79.81737879540955,3.9788010044986346,22.8,25.47,0.0,0.01,0.0,UGC08490,50.0,3.0,4.65,0.53,-0.29370904274123666,0.3935166184374904,0.5873911009368545,20103.056940905593,2.6843409343480826,0.6935707547642033,-0.9678537738210163
7.44,72.75931659300393,3.9828977163941697,23.87,24.82,0.0,0.01,0.0,UGC08490,50.0,3.0,4.65,0.53,-0.29370904274123666,0.3935166184374904,0.5873911009368545,20103.056940905593,2.6843409343480826,0.6935707547642033,-0.9678537738210163
7.78,79.89431751854197,3.9727578175961114,24.06,24.22,0.0,0.0,0.0,UGC08490,50.0,3.0,4.65,0.53,-0.29370904274123666,0.3935166184374904,0.5873911009368545,20103.056940905593,2.6843409343480826,0.6935707547642033,-0.9678537738210163
8.12,78.90967866081328,3.941354982274517,22.89,23.66,0.0,0.0,0.0,UGC08490,50.0,3.0,4.65,0.53,-0.29370904274123666,0.3935166184374904,0.5873911009368545,20103.056940905593,2.6843409343480826,0.6935707547642033,-0.9678537738210163
8.46,76.00470297608972,3.9294655043079687,23.09,23.15,0.0,0.0,0.0,UGC08490,50.0,3.0,4.65,0.53,-0.29370904274123666,0.3935166184374904,0.5873911009368545,20103.056940905593,2.6843409343480826,0.6935707547642033,-0.9678537738210163
8.8,74.40292001823988,3.918191699755727,23.38,22.65,0.0,0.0,0.0,UGC08490,50.0,3.0,4.65,0.53,-0.29370904274123666,0.3935166184374904,0.5873911009368545,20103.056940905593,2.6843409343480826,0.6935707547642033,-0.9678537738210163
9.13,72.49187948280918,3.8941274213874664,22.8,22.21,0.0,0.0,0.0,UGC08490,50.0,3.0,4.65,0.53,-0.29370904274123666,0.3935166184374904,0.5873911009368545,20103.056940905593,2.6843409343480826,0.6935707547642033,-0.9678537738210163
9.47,84.62552931693529,3.869245055753437,22.21,21.79,0.0,0.0,0.0,UGC08490,50.0,3.0,4.65,0.53,-0.29370904274123666,0.3935166184374904,0.5873911009368545,20103.056940905593,2.6843409343480826,0.6935707547642033,-0.9678537738210163
9.77,71.91798014839121,3.854532772477839,22.21,21.43,0.0,0.0,0.0,UGC08490,50.0,3.0,4.65,0.53,-0.29370904274123666,0.3935166184374904,0.5873911009368545,20103.056940905593,2.6843409343480826,0.6935707547642033,-0.9678537738210163
10.15,82.77961338268011,3.8399089106083935,22.5,21.0,0.0,0.0,0.0,UGC08490,50.0,3.0,4.65,0.53,-0.29370904274123666,0.3935166184374904,0.5873911009368545,20103.056940905593,2.6843409343480826,0.6935707547642033,-0.9678537738210163
0.49,21.97835369727826,1.011445305692411,3.42,17.04,0.0,58.85,0.0,UGC08550,90.0,3.0,6.7,2.0,-0.8401321529074334,0.5740985901210554,0.64371842969983,8049.489666948101,3.7125136235214553,0.793737380356035,-1.4686869017801751
0.97,29.178388099721076,1.5303905095317303,4.1,26.7,0.0,34.44,0.0,UGC08550,90.0,3.0,6.7,2.0,-0.8401321529074334,0.5740985901210554,0.64371842969983,8049.489666948101,3.7125136235214553,0.793737380356035,-1.4686869017801751
1.47,36.69113491734128,1.8623755339833914,10.21,28.91,0.0,12.1,0.0,UGC08550,90.0,3.0,6.7,2.0,-0.8401321529074334,0.5740985901210554,0.64371842969983,8049.489666948101,3.7125136235214553,0.793737380356035,-1.4686869017801751
1.95,42.99756709845862,2.042482213194729,12.59,27.91,0.0,4.42,0.0,UGC08550,90.0,3.0,6.7,2.0,-0.8401321529074334,0.5740985901210554,0.64371842969983,8049.489666948101,3.7125136235214553,0.793737380356035,-1.4686869017801751
2.44,43.30060232221783,2.1292812553920064,13.04,24.63,0.0,0.9,0.0,UGC08550,90.0,3.0,6.7,2.0,-0.8401321529074334,0.5740985901210554,0.64371842969983,8049.489666948101,3.7125136235214553,0.793737380356035,-1.4686869017801751
2.92,48.12329844275673,2.187426538558951,12.14,22.08,0.0,0.36,0.0,UGC08550,90.0,3.0,6.7,2.0,-0.8401321529074334,0.5740985901210554,0.64371842969983,8049.489666948101,3.7125136235214553,0.793737380356035,-1.4686869017801751
3.41,44.090140733441096,2.2691954975569275,13.38,20.22,0.0,0.14,0.0,UGC08550,90.0,3.0,6.7,2.0,-0.8401321529074334,0.5740985901210554,0.64371842969983,8049.489666948101,3.7125136235214553,0.793737380356035,-1.4686869017801751
3.89,48.10785923521665,2.3418935476689255,14.95,18.69,0.0,0.05,0.0,UGC08550,90.0,3.0,6.7,2.0,-0.8401321529074334,0.5740985901210554,0.64371842969983,8049.489666948101,3.7125136235214553,0.793737380356035,-1.4686869017801751
4.39,45.72841760448474,2.4389696477336784,18.33,17.42,0.0,0.02,0.0,UGC08550,90.0,3.0,6.7,2.0,-0.8401321529074334,0.5740985901210554,0.64371842969983,8049.489666948101,3.7125136235214553,0.793737380356035,-1.4686869017801751
4.88,55.76908749562863,2.5239573118766847,21.25,16.4,0.0,0.01,0.0,UGC08550,90.0,3.0,6.7,2.0,-0.8401321529074334,0.5740985901210554,0.64371842969983,8049.489666948101,3.7125136235214553,0.793737380356035,-1.4686869017801751
5.36,49.30860133807188,2.5588725185921275,22.04,15.57,0.0,0.0,0.0,UGC08550,90.0,3.0,6.7,2.0,-0.8401321529074334,0.5740985901210554,0.64371842969983,8049.489666948101,3.7125136235214553,0.793737380356035,-1.4686869017801751
0.34,25.92625542256927,1.3186520318187325,4.08,44.78,0.0,329.95,0.0,NGC2915,56.0,4.0,4.06,0.2,-0.4941719661451638,0.3007276090395611,0.6800199248457736,8775.456675297908,6.026670573622784,0.7303182755408005,-1.1515913777040028
0.67,30.892398749471848,1.5455970441522444,7.65,48.88,0.0,91.07,0.0,NGC2915,56.0,4.0,4.06,0.2,-0.4941719661451638,0.3007276090395611,0.6800199248457736,8775.456675297908,6.026670573622784,0.7303182755408005,-1.1515913777040028
1.0,33.53527108970049,1.6284444428287772,10.36,46.82,0.0,36.28,0.0,NGC2915,56.0,4.0,4.06,0.2,-0.4941719661451638,0.3007276090395611,0.6800199248457736,8775.456675297908,6.026670573622784,0.7303182755408005,-1.1515913777040028
1.34,36.478426097056655,1.6898901451096773,11.92,43.88,0.0,16.86,0.0,NGC2915,56.0,4.0,4.06,0.2,-0.4941719661451638,0.3007276090395611,0.6800199248457736,8775.456675297908,6.026670573622784,0.7303182755408005,-1.1515913777040028
1.68,34.5806887984779,1.7345180854105218,12.33,40.74,0.0,8.72,0.0,NGC2915,56.0,4.0,4.06,0.2,-0.4941719661451638,0.3007276090395611,0.6800199248457736,8775.456675297908,6.026670573622784,0.7303182755408005,-1.1515913777040028
2.01,37.4876542436114,1.7817768308326873,12.44,38.01,0.0,4.56,0.0,NGC2915,56.0,4.0,4.06,0.2,-0.4941719661451638,0.3007276090395611,0.6800199248457736,8775.456675297908,6.026670573622784,0.7303182755408005,-1.1515913777040028
2.34,37.66268652637441,1.8355849136273417,12.54,35.66,0.0,2.91,0.0,NGC2915,56.0,4.0,4.06,0.2,-0.4941719661451638,0.3007276090395611,0.6800199248457736,8775.456675297908,6.026670573622784,0.7303182755408005,-1.1515913777040028
2.67,37.23356693858729,1.8896676635747607,12.44,33.66,0.0,1.6,0.0,NGC2915,56.0,4.0,4.06,0.2,-0.4941719661451638,0.3007276090395611,0.6800199248457736,8775.456675297908,6.026670573622784,0.7303182755408005,-1.1515913777040028
3.01,38.97550368465447,1.9412475656467103,12.13,31.74,0.0,0.88,0.0,NGC2915,56.0,4.0,4.06,0.2,-0.4941719661451638,0.3007276090395611,0.6800199248457736,8775.456675297908,6.026670573622784,0.7303182755408005,-1.1515913777040028
3.35,39.94019868933471,1.9941509323539166,12.02,29.95,0.0,0.43,0.0,NGC2915,56.0,4.0,4.06,0.2,-0.4941719661451638,0.3007276090395611,0.6800199248457736,8775.456675297908,6.026670573622784,0.7303182755408005,-1.1515913777040028
3.68,39.19318031214506,2.053722013574747,12.54,28.46,0.0,0.24,0.0,NGC2915,56.0,4.0,4.06,0.2,-0.4941719661451638,0.3007276090395611,0.6800199248457736,8775.456675297908,6.026670573622784,0.7303182755408005,-1.1515913777040028
4.02,44.94829660100871,2.118835345987195,13.47,27.13,0.0,0.13,0.0,NGC2915,56.0,4.0,4.06,0.2,-0.4941719661451638,0.3007276090395611,0.6800199248457736,8775.456675297908,6.026670573622784,0.7303182755408005,-1.1515913777040028
4.35,40.62962210369363,2.18270082888566,14.61,25.93,0.0,0.07,0.0,NGC2915,56.0,4.0,4.06,0.2,-0.4941719661451638,0.3007276090395611,0.6800199248457736,8775.456675297908,6.026670573622784,0.7303182755408005,-1.1515913777040028
4.68,47.40841137014075,2.23929115787475,15.44,24.93,0.0,0.04,0.0,NGC2915,56.0,4.0,4.06,0.2,-0.4941719661451638,0.3007276090395611,0.6800199248457736,8775.456675297908,6.026670573622784,0.7303182755408005,-1.1515913777040028
5.02,47.91607490064165,2.2866811123724635,15.86,24.0,0.0,0.02,0.0,NGC2915,56.0,4.0,4.06,0.2,-0.4941719661451638,0.3007276090395611,0.6800199248457736,8775.456675297908,6.026670573622784,0.7303182755408005,-1.1515913777040028
5.35,46.23243469108056,2.3224267388035535,15.86,23.2,0.0,0.01,0.0,NGC2915,56.0,4.0,4.06,0.2,-0.4941719661451638,0.3007276090395611,0.6800199248457736,8775.456675297908,6.026670573622784,0.7303182755408005,-1.1515913777040028
5.69,45.24436249002887,2.3522437069705058,15.65,22.42,0.0,0.01,0.0,NGC2915,56.0,4.0,4.06,0.2,-0.4941719661451638,0.3007276090395611,0.6800199248457736,8775.456675297908,6.026670573622784,0.7303182755408005,-1.1515913777040028
6.03,47.046757712435756,2.3792742544658174,15.44,21.74,0.0,0.0,0.0,NGC2915,56.0,4.0,4.06,0.2,-0.4941719661451638,0.3007276090395611,0.6800199248457736,8775.456675297908,6.026670573622784,0.7303182755408005,-1.1515913777040028
6.36,49.329113914250044,2.409498211078372,15.65,21.15,0.0,0.0,0.0,NGC2915,56.0,4.0,4.06,0.2,-0.4941719661451638,0.3007276090395611,0.6800199248457736,8775.456675297908,6.026670573622784,0.7303182755408005,-1.1515913777040028
6.69,50.68675839562731,2.4435527935186006,16.27,20.57,0.0,0.0,0.0,NGC2915,56.0,4.0,4.06,0.2,-0.4941719661451638,0.3007276090395611,0.6800199248457736,8775.456675297908,6.026670573622784,0.7303182755408005,-1.1515913777040028
7.02,50.29457866453017,2.4791629894574374,17.1,20.07,0.0,0.0,0.0,NGC2915,56.0,4.0,4.06,0.2,-0.4941719661451638,0.3007276090395611,0.6800199248457736,8775.456675297908,6.026670573622784,0.7303182755408005,-1.1515913777040028
7.36,52.724606026836696,2.5116360327778606,17.83,19.59,0.0,0.0,0.0,NGC2915,56.0,4.0,4.06,0.2,-0.4941719661451638,0.3007276090395611,0.6800199248457736,8775.456675297908,6.026670573622784,0.7303182755408005,-1.1515913777040028
7.7,49.203562679290336,2.5307134936267146,17.93,19.12,0.0,0.0,0.0,NGC2915,56.0,4.0,4.06,0.2,-0.4941719661451638,0.3007276090395611,0.6800199248457736,8775.456675297908,6.026670573622784,0.7303182755408005,-1.1515913777040028
8.03,51.62294727703738,2.5512245109744014,18.24,18.72,0.0,0.0,0.0,NGC2915,56.0,4.0,4.06,0.2,-0.4941719661451638,0.3007276090395611,0.6800199248457736,8775.456675297908,6.026670573622784,0.7303182755408005,-1.1515913777040028
8.37,47.40926156477734,2.572165312906932,18.65,18.33,0.0,0.0,0.0,NGC2915,56.0,4.0,4.06,0.2,-0.4941719661451638,0.3007276090395611,0.6800199248457736,8775.456675297908,6.026670573622784,0.7303182755408005,-1.1515913777040028
8.7,53.76482121135744,2.5893752615935277,18.97,17.95,0.0,0.0,0.0,NGC2915,56.0,4.0,4.06,0.2,-0.4941719661451638,0.3007276090395611,0.6800199248457736,8775.456675297908,6.026670573622784,0.7303182755408005,-1.1515913777040028
9.03,52.539071015726876,2.606987124952034,19.38,17.62,0.0,0.0,0.0,NGC2915,56.0,4.0,4.06,0.2,-0.4941719661451638,0.3007276090395611,0.6800199248457736,8775.456675297908,6.026670573622784,0.7303182755408005,-1.1515913777040028
9.37,51.30804228469818,2.6198389857771396,19.59,17.3,0.0,0.0,0.0,NGC2915,56.0,4.0,4.06,0.2,-0.4941719661451638,0.3007276090395611,0.6800199248457736,8775.456675297908,6.026670573622784,0.7303182755408005,-1.1515913777040028
9.7,55.71749045240565,2.6329597980116333,19.9,16.98,0.0,0.0,0.0,NGC2915,56.0,4.0,4.06,0.2,-0.4941719661451638,0.3007276090395611,0.6800199248457736,8775.456675297908,6.026670573622784,0.7303182755408005,-1.1515913777040028
10.04,54.61370155144384,2.6394235571947107,19.9,16.69,0.0,0.0,0.0,NGC2915,56.0,4.0,4.06,0.2,-0.4941719661451638,0.3007276090395611,0.6800199248457736,8775.456675297908,6.026670573622784,0.7303182755408005,-1.1515913777040028
0.72,115.89391847506948,5.153343096045601,2.2,201.48,0.0,4079.93,0.0,NGC5055,55.0,6.0,9.9,0.3,1.883439973667863,0.2614150459709905,0.7064580282307682,8582.73379242043,26.752623449280062,0.2944703757228667,1.0276481213856665
1.43,119.72385000312144,6.145525547010173,3.72,240.13,0.0,2087.92,0.0,NGC5055,55.0,6.0,9.9,0.3,1.883439973667863,0.2614150459709905,0.7064580282307682,8582.73379242043,26.752623449280062,0.2944703757228667,1.0276481213856665
2.16,135.31617095852891,6.740672864450272,4.09,263.27,0.0,1497.11,0.0,NGC5055,55.0,6.0,9.9,0.3,1.883439973667863,0.2614150459709905,0.7064580282307682,8582.73379242043,26.752623449280062,0.2944703757228667,1.0276481213856665
2.87,142.05201603354294,7.192883565079665,5.34,280.74,0.0,897.98,0.0,NGC5055,55.0,6.0,9.9,0.3,1.883439973667863,0.2614150459709905,0.7064580282307682,8582.73379242043,26.752623449280062,0.2944703757228667,1.0276481213856665
3.59,142.66320311533835,7.010196709519788,6.03,273.32,0.0,618.08,0.0,NGC5055,55.0,6.0,9.9,0.3,1.883439973667863,0.2614150459709905,0.7064580282307682,8582.73379242043,26.752623449280062,0.2944703757228667,1.0276481213856665
4.3,144.20530685100033,6.985151709633884,5.11,272.18,0.0,518.18,0.0,NGC5055,55.0,6.0,9.9,0.3,1.883439973667863,0.2614150459709905,0.7064580282307682,8582.73379242043,26.752623449280062,0.2944703757228667,1.0276481213856665
5.03,149.84524057153283,7.039219965686394,8.42,273.73,0.0,418.28,0.0,NGC5055,55.0,6.0,9.9,0.3,1.883439973667863,0.2614150459709905,0.7064580282307682,8582.73379242043,26.752623449280062,0.2944703757228667,1.0276481213856665
5.75,135.61920473666905,7.133130498639106,14.42,276.2,0.0,347.11,0.0,NGC5055,55.0,6.0,9.9,0.3,1.883439973667863,0.2614150459709905,0.7064580282307682,8582.73379242043,26.752623449280062,0.2944703757228667,1.0276481213856665
6.46,156.5398533299003,7.256745012394674,19.11,279.72,0.0,262.38,0.0,NGC5055,55.0,6.0,9.9,0.3,1.883439973667863,0.2614150459709905,0.7064580282307682,8582.73379242043,26.752623449280062,0.2944703757228667,1.0276481213856665
7.18,137.02975910850571,7.186189720254025,22.51,275.62,0.0,205.49,0.0,NGC5055,55.0,6.0,9.9,0.3,1.883439973667863,0.2614150459709905,0.7064580282307682,8582.73379242043,26.752623449280062,0.2944703757228667,1.0276481213856665
7.91,144.32947982037135,7.117860061679152,25.8,271.43,0.0,160.87,0.0,NGC5055,55.0,6.0,9.9,0.3,1.883439973667863,0.2614150459709905,0.7064580282307682,8582.73379242043,26.752623449280062,0.2944703757228667,1.0276481213856665
8.62,149.05464394348064,7.044644187675506,28.49,267.09,0.0,129.11,0.0,NGC5055,55.0,6.0,9.9,0.3,1.883439973667863,0.2614150459709905,0.7064580282307682,8582.73379242043,26.752623449280062,0.2944703757228667,1.0276481213856665
11.49,136.88755566505762,6.60871154638691,33.07,245.58,0.0,52.63,0.0,NGC5055,55.0,6.0,9.9,0.3,1.883439973667863,0.2614150459709905,0.7064580282307682,8582.73379242043,26.752623449280062,0.2944703757228667,1.0276481213856665
14.3,121.19964518839961,6.358372724661538,45.73,225.03,0.0,25.15,0.0,NGC5055,55.0,6.0,9.9,0.3,1.883439973667863,0.2614150459709905,0.7064580282307682,8582.73379242043,26.752623449280062,0.2944703757228667,1.0276481213856665
17.19,116.93596715423729,6.059462343935216,47.26,208.52,0.0,9.46,0.0,NGC5055,55.0,6.0,9.9,0.3,1.883439973667863,0.2614150459709905,0.7064580282307682,8582.73379242043,26.752623449280062,0.2944703757228667,1.0276481213856665
20.07,110.480213061617,5.65472843825885,44.56,190.41,0.0,3.58,0.0,NGC5055,55.0,6.0,9.9,0.3,1.883439973667863,0.2614150459709905,0.7064580282307682,8582.73379242043,26.752623449280062,0.2944703757228667,1.0276481213856665
22.96,105.93270044131408,5.310221031706309,40.45,175.86,0.0,1.78,0.0,NGC5055,55.0,6.0,9.9,0.3,1.883439973667863,0.2614150459709905,0.7064580282307682,8582.73379242043,26.752623449280062,0.2944703757228667,1.0276481213856665
25.85,106.92825188866817,5.056437711525625,37.41,164.23,0.0,0.59,0.0,NGC5055,55.0,6.0,9.9,0.3,1.883439973667863,0.2614150459709905,0.7064580282307682,8582.73379242043,26.752623449280062,0.2944703757228667,1.0276481213856665
28.74,92.07635967172467,4.921714326543501,38.46,154.38,0.0,0.15,0.0,NGC5055,55.0,6.0,9.9,0.3,1.883439973667863,0.2614150459709905,0.7064580282307682,8582.73379242043,26.752623449280062,0.2944703757228667,1.0276481213856665
31.62,99.06479925434166,4.840291398788156,40.22,146.2,0.0,0.09,0.0,NGC5055,55.0,6.0,9.9,0.3,1.883439973667863,0.2614150459709905,0.7064580282307682,8582.73379242043,26.752623449280062,0.2944703757228667,1.0276481213856665
34.51,98.9598228294154,4.8015504705351155,42.57,139.3,0.0,0.04,0.0,NGC5055,55.0,6.0,9.9,0.3,1.883439973667863,0.2614150459709905,0.7064580282307682,8582.73379242043,26.752623449280062,0.2944703757228667,1.0276481213856665
37.4,96.35284692318487,4.686812614871774,40.57,133.34,0.0,0.01,0.0,NGC5055,55.0,6.0,9.9,0.3,1.883439973667863,0.2614150459709905,0.7064580282307682,8582.73379242043,26.752623449280062,0.2944703757228667,1.0276481213856665
40.29,95.32289485671862,4.6575524327137,41.86,128.12,0.0,0.01,0.0,NGC5055,55.0,6.0,9.9,0.3,1.883439973667863,0.2614150459709905,0.7064580282307682,8582.73379242043,26.752623449280062,0.2944703757228667,1.0276481213856665
43.17,99.72756970657969,4.634542957507986,42.92,123.52,0.0,0.0,0.0,NGC5055,55.0,6.0,9.9,0.3,1.883439973667863,0.2614150459709905,0.7064580282307682,8582.73379242043,26.752623449280062,0.2944703757228667,1.0276481213856665
45.92,95.03128864649679,4.638431161294373,44.68,119.59,0.0,0.0,0.0,NGC5055,55.0,6.0,9.9,0.3,1.883439973667863,0.2614150459709905,0.7064580282307682,8582.73379242043,26.752623449280062,0.2944703757228667,1.0276481213856665
48.81,95.96755314860086,4.601224561228007,44.56,115.83,0.0,0.0,0.0,NGC5055,55.0,6.0,9.9,0.3,1.883439973667863,0.2614150459709905,0.7064580282307682,8582.73379242043,26.752623449280062,0.2944703757228667,1.0276481213856665
51.7,93.6012435967821,4.55180450387552,43.74,112.43,0.0,0.0,0.0,NGC5055,55.0,6.0,9.9,0.3,1.883439973667863,0.2614150459709905,0.7064580282307682,8582.73379242043,26.752623449280062,0.2944703757228667,1.0276481213856665
54.59,97.59210159530551,4.478116657513212,41.74,109.32,0.0,0.0,0.0,NGC5055,55.0,6.0,9.9,0.3,1.883439973667863,0.2614150459709905,0.7064580282307682,8582.73379242043,26.752623449280062,0.2944703757228667,1.0276481213856665
0.61,19.70291963772314,1.035332521963642,2.98,31.89,0.0,131.44,0.0,UGC07399,55.0,3.0,8.43,2.53,-0.23807216157947098,0.3228416292724517,0.9403919390244512,3837.0440575646257,4.481788511521792,0.6833717742658624,-0.9168588713293118
1.22,25.350781906376707,1.3981774925044457,8.37,39.0,0.0,39.39,0.0,UGC07399,55.0,3.0,8.43,2.53,-0.23807216157947098,0.3228416292724517,0.9403919390244512,3837.0440575646257,4.481788511521792,0.6833717742658624,-0.9168588713293118
1.84,31.237015957877663,1.5922544871255664,14.43,37.15,0.0,17.04,0.0,UGC07399,55.0,3.0,8.43,2.53,-0.23807216157947098,0.3228416292724517,0.9403919390244512,3837.0440575646257,4.481788511521792,0.6833717742658624,-0.9168588713293118
2.45,34.028959713992684,1.7619984738215373,17.93,36.43,0.0,13.6,0.0,UGC07399,55.0,3.0,8.43,2.53,-0.23807216157947098,0.3228416292724517,0.9403919390244512,3837.0440575646257,4.481788511521792,0.6833717742658624,-0.9168588713293118
3.07,38.968790358111555,1.9014569895408404,20.44,35.9,0.0,7.77,0.0,UGC07399,55.0,3.0,8.43,2.53,-0.23807216157947098,0.3228416292724517,0.9403919390244512,3837.0440575646257,4.481788511521792,0.6833717742658624,-0.9168588713293118
3.68,36.642021401023925,1.977684611923214,21.54,34.58,0.0,5.32,0.0,UGC07399,55.0,3.0,8.43,2.53,-0.23807216157947098,0.3228416292724517,0.9403919390244512,3837.0440575646257,4.481788511521792,0.6833717742658624,-0.9168588713293118
4.3,43.24255339201702,2.017699415799966,21.34,33.94,0.0,4.08,0.0,UGC07399,55.0,3.0,8.43,2.53,-0.23807216157947098,0.3228416292724517,0.9403919390244512,3837.0440575646257,4.481788511521792,0.6833717742658624,-0.9168588713293118
4.91,42.42356430748237,2.092724090143123,23.04,32.94,0.0,2.41,0.0,UGC07399,55.0,3.0,8.43,2.53,-0.23807216157947098,0.3228416292724517,0.9403919390244512,3837.0440575646257,4.481788511521792,0.6833717742658624,-0.9168588713293118
5.52,43.00736681231797,2.1773569733213836,25.45,31.6,0.0,1.92,0.0,UGC07399,55.0,3.0,8.43,2.53,-0.23807216157947098,0.3228416292724517,0.9403919390244512,3837.0440575646257,4.481788511521792,0.6833717742658624,-0.9168588713293118
6.13,42.41771080709923,2.1988824686227884,25.55,31.05,0.0,1.31,0.0,UGC07399,55.0,3.0,8.43,2.53,-0.23807216157947098,0.3228416292724517,0.9403919390244512,3837.0440575646257,4.481788511521792,0.6833717742658624,-0.9168588713293118
0.76,45.90474129491391,2.3157737457293703,4.04,70.72,0.0,834.73,0.0,NGC6503,74.0,2.0,6.26,0.31,0.8077041129383838,0.4171087483975448,0.5396215978174689,19307.86374070869,21.11724657290447,0.49166707035868323,0.041664648206583756
1.52,74.9619168764365,4.033352235195176,7.62,123.17,0.0,563.29,0.0,NGC6503,74.0,2.0,6.26,0.31,0.8077041129383838,0.4171087483975448,0.5396215978174689,19307.86374070869,21.11724657290447,0.49166707035868323,0.041664648206583756
2.28,92.5805117662461,4.6913806617816975,9.72,142.64,0.0,225.6,0.0,NGC6503,74.0,2.0,6.26,0.31,0.8077041129383838,0.4171087483975448,0.5396215978174689,19307.86374070869,21.11724657290447,0.49166707035868323,0.041664648206583756
3.04,85.62193036315604,4.481224161186163,12.42,134.42,0.0,66.48,0.0,NGC6503,74.0,2.0,6.26,0.31,0.8077041129383838,0.4171087483975448,0.5396215978174689,19307.86374070869,21.11724657290447,0.49166707035868323,0.041664648206583756
3.79,83.46710956071902,4.140257804808297,13.35,121.97,0.0,28.63,0.0,NGC6503,74.0,2.0,6.26,0.31,0.8077041129383838,0.4171087483975448,0.5396215978174689,19307.86374070869,21.11724657290447,0.49166707035868323,0.041664648206583756
4.55,84.8591442233022,3.8811111518101864,14.78,111.53,0.0,14.64,0.0,NGC6503,74.0,2.0,6.26,0.31,0.8077041129383838,0.4171087483975448,0.5396215978174689,19307.86374070869,21.11724657290447,0.49166707035868323,0.041664648206583756
5.31,76.66023517699402,3.7168557976362453,17.55,103.23,0.0,8.92,0.0,NGC6503,74.0,2.0,6.26,0.31,0.8077041129383838,0.4171087483975448,0.5396215978174689,19307.86374070869,21.11724657290447,0.49166707035868323,0.041664648206583756
6.07,70.98593966218031,3.6057485717182405,19.2,96.65,0.0,6.87,0.0,NGC6503,74.0,2.0,6.26,0.31,0.8077041129383838,0.4171087483975448,0.5396215978174689,19307.86374070869,21.11724657290447,0.49166707035868323,0.041664648206583756
6.83,65.2567135854811,3.551363194125623,20.33,91.96,0.0,5.31,0.0,NGC6503,74.0,2.0,6.26,0.31,0.8077041129383838,0.4171087483975448,0.5396215978174689,19307.86374070869,21.11724657290447,0.49166707035868323,0.041664648206583756
7.59,65.37167025293715,3.517390397574992,21.66,87.62,0.0,2.98,0.0,NGC6503,74.0,2.0,6.26,0.31,0.8077041129383838,0.4171087483975448,0.5396215978174689,19307.86374070869,21.11724657290447,0.49166707035868323,0.041664648206583756
8.35,63.860461219711084,3.4871127846032977,22.79,83.25,0.0,1.95,0.0,NGC6503,74.0,2.0,6.26,0.31,0.8077041129383838,0.4171087483975448,0.5396215978174689,19307.86374070869,21.11724657290447,0.49166707035868323,0.041664648206583756
9.11,72.13922440189077,3.480620195349547,23.92,79.58,0.0,1.74,0.0,NGC6503,74.0,2.0,6.26,0.31,0.8077041129383838,0.4171087483975448,0.5396215978174689,19307.86374070869,21.11724657290447,0.49166707035868323,0.041664648206583756
9.86,67.23258870161867,3.495338242967488,24.84,76.81,0.0,1.53,0.0,NGC6503,74.0,2.0,6.26,0.31,0.8077041129383838,0.4171087483975448,0.5396215978174689,19307.86374070869,21.11724657290447,0.49166707035868323,0.041664648206583756
10.64,70.47926712464397,3.5129677217483706,25.46,74.18,0.0,0.83,0.0,NGC6503,74.0,2.0,6.26,0.31,0.8077041129383838,0.4171087483975448,0.5396215978174689,19307.86374070869,21.11724657290447,0.49166707035868323,0.041664648206583756
11.38,68.47532431031874,3.5336657253938855,26.38,71.5,0.0,0.58,0.0,NGC6503,74.0,2.0,6.26,0.31,0.8077041129383838,0.4171087483975448,0.5396215978174689,19307.86374070869,21.11724657290447,0.49166707035868323,0.041664648206583756
12.12,71.5594768797357,3.561732957546528,27.2,69.18,0.0,0.42,0.0,NGC6503,74.0,2.0,6.26,0.31,0.8077041129383838,0.4171087483975448,0.5396215978174689,19307.86374070869,21.11724657290447,0.49166707035868323,0.041664648206583756
12.86,76.97058333310102,3.5964743726559583,28.13,67.04,0.0,0.3,0.0,NGC6503,74.0,2.0,6.26,0.31,0.8077041129383838,0.4171087483975448,0.5396215978174689,19307.86374070869,21.11724657290447,0.49166707035868323,0.041664648206583756
13.7,70.15291214814272,3.6320329159623785,28.74,64.84,0.0,0.2,0.0,NGC6503,74.0,2.0,6.26,0.31,0.8077041129383838,0.4171087483975448,0.5396215978174689,19307.86374070869,21.11724657290447,0.49166707035868323,0.041664648206583756
14.44,71.82005236710522,3.653282934466125,28.64,63.05,0.0,0.14,0.0,NGC6503,74.0,2.0,6.26,0.31,0.8077041129383838,0.4171087483975448,0.5396215978174689,19307.86374070869,21.11724657290447,0.49166707035868323,0.041664648206583756
15.18,70.48463502120909,3.672288108924544,28.33,61.39,0.0,0.1,0.0,NGC6503,74.0,2.0,6.26,0.31,0.8077041129383838,0.4171087483975448,0.5396215978174689,19307.86374070869,21.11724657290447,0.49166707035868323,0.041664648206583756
15.91,77.12381119356942,3.6946290667009842,28.13,59.88,0.0,0.07,0.0,NGC6503,74.0,2.0,6.26,0.31,0.8077041129383838,0.4171087483975448,0.5396215978174689,19307.86374070869,21.11724657290447,0.49166707035868323,0.041664648206583756
16.65,70.69223926232164,3.725687024373076,28.33,58.45,0.0,0.05,0.0,NGC6503,74.0,2.0,6.26,0.31,0.8077041129383838,0.4171087483975448,0.5396215978174689,19307.86374070869,21.11724657290447,0.49166707035868323,0.041664648206583756
17.49,70.84657437548522,3.7550491046691903,28.23,56.93,0.0,0.03,0.0,NGC6503,74.0,2.0,6.26,0.31,0.8077041129383838,0.4171087483975448,0.5396215978174689,19307.86374070869,21.11724657290447,0.49166707035868323,0.041664648206583756
18.23,70.27169918630848,3.775544095097925,27.82,55.71,0.0,0.02,0.0,NGC6503,74.0,2.0,6.26,0.31,0.8077041129383838,0.4171087483975448,0.5396215978174689,19307.86374070869,21.11724657290447,0.49166707035868323,0.041664648206583756
18.97,70.50020128437183,3.792060933682993,27.2,54.55,0.0,0.02,0.0,NGC6503,74.0,2.0,6.26,0.31,0.8077041129383838,0.4171087483975448,0.5396215978174689,19307.86374070869,21.11724657290447,0.49166707035868323,0.041664648206583756
19.71,78.08101416206115,3.8142453803085212,26.9,53.46,0.0,0.01,0.0,NGC6503,74.0,2.0,6.26,0.31,0.8077041129383838,0.4171087483975448,0.5396215978174689,19307.86374070869,21.11724657290447,0.49166707035868323,0.041664648206583756
20.45,86.6142189256431,3.837730476848046,26.69,52.44,0.0,0.01,0.0,NGC6503,74.0,2.0,6.26,0.31,0.8077041129383838,0.4171087483975448,0.5396215978174689,19307.86374070869,21.11724657290447,0.49166707035868323,0.041664648206583756
21.29,73.44096250894435,3.8643734141574697,26.49,51.35,0.0,0.01,0.0,NGC6503,74.0,2.0,6.26,0.31,0.8077041129383838,0.4171087483975448,0.5396215978174689,19307.86374070869,21.11724657290447,0.49166707035868323,0.041664648206583756
22.03,81.39304301073382,3.884822804825836,26.18,50.44,0.0,0.0,0.0,NGC6503,74.0,2.0,6.26,0.31,0.8077041129383838,0.4171087483975448,0.5396215978174689,19307.86374070869,21.11724657290447,0.49166707035868323,0.041664648206583756
22.76,79.07193411888288,3.9045734120198983,25.87,49.61,0.0,0.0,0.0,NGC6503,74.0,2.0,6.26,0.31,0.8077041129383838,0.4171087483975448,0.5396215978174689,19307.86374070869,21.11724657290447,0.49166707035868323,0.041664648206583756
23.5,74.11885156887809,3.9220520729650463,25.46,48.79,0.0,0.0,0.0,NGC6503,74.0,2.0,6.26,0.31,0.8077041129383838,0.4171087483975448,0.5396215978174689,19307.86374070869,21.11724657290447,0.49166707035868323,0.041664648206583756
0.41,19.97979549158761,1.104229503048536,2.21,28.95,0.0,455.28,0.0,ESO079-G014,79.0,5.0,28.7,7.17,1.4127376682403232,0.46913739212586536,0.663447210550263,22026.807191493077,6.217915827983938,0.3807563704324096,0.596218147837952
0.98,38.74504432745301,1.901034053197007,4.41,47.6,0.0,284.5,0.0,ESO079-G014,79.0,5.0,28.7,7.17,1.4127376682403232,0.46913739212586536,0.663447210550263,22026.807191493077,6.217915827983938,0.3807563704324096,0.596218147837952
1.78,53.57959697540674,2.635296582233302,6.75,62.09,0.0,213.32,0.0,ESO079-G014,79.0,5.0,28.7,7.17,1.4127376682403232,0.46913739212586536,0.663447210550263,22026.807191493077,6.217915827983938,0.3807563704324096,0.596218147837952
2.69,64.76760423431676,3.335032144337126,8.55,75.48,0.0,152.2,0.0,ESO079-G014,79.0,5.0,28.7,7.17,1.4127376682403232,0.46913739212586536,0.663447210550263,22026.807191493077,6.217915827983938,0.3807563704324096,0.596218147837952
3.36,75.19797627494162,3.7320015673518547,9.18,82.21,0.0,142.61,0.0,ESO079-G014,79.0,5.0,28.7,7.17,1.4127376682403232,0.46913739212586536,0.663447210550263,22026.807191493077,6.217915827983938,0.3807563704324096,0.596218147837952
4.39,86.569868442835,4.146542123612299,9.29,86.87,0.0,105.73,0.0,ESO079-G014,79.0,5.0,28.7,7.17,1.4127376682403232,0.46913739212586536,0.663447210550263,22026.807191493077,6.217915827983938,0.3807563704324096,0.596218147837952
5.65,92.25320234093968,4.577701325449737,9.5,92.23,0.0,92.69,0.0,ESO079-G014,79.0,5.0,28.7,7.17,1.4127376682403232,0.46913739212586536,0.663447210550263,22026.807191493077,6.217915827983938,0.3807563704324096,0.596218147837952
6.34,98.2341192564958,4.8113118493559766,10.22,96.19,0.0,89.82,0.0,ESO079-G014,79.0,5.0,28.7,7.17,1.4127376682403232,0.46913739212586536,0.663447210550263,22026.807191493077,6.217915827983938,0.3807563704324096,0.596218147837952
6.89,103.83375582103214,5.017841672349547,11.87,100.53,0.0,87.61,0.0,ESO079-G014,79.0,5.0,28.7,7.17,1.4127376682403232,0.46913739212586536,0.663447210550263,22026.807191493077,6.217915827983938,0.3807563704324096,0.596218147837952
8.34,100.08592075148086,5.570248922085835,17.23,113.81,0.0,78.45,0.0,ESO079-G014,79.0,5.0,28.7,7.17,1.4127376682403232,0.46913739212586536,0.663447210550263,22026.807191493077,6.217915827983938,0.3807563704324096,0.596218147837952
10.04,132.23540788248621,6.156675662845584,24.23,128.72,0.0,58.05,0.0,ESO079-G014,79.0,5.0,28.7,7.17,1.4127376682403232,0.46913739212586536,0.663447210550263,22026.807191493077,6.217915827983938,0.3807563704324096,0.596218147837952
11.65,143.67583614491784,6.449137076938048,30.75,133.41,0.0,39.79,0.0,ESO079-G014,79.0,5.0,28.7,7.17,1.4127376682403232,0.46913739212586536,0.663447210550263,22026.807191493077,6.217915827983938,0.3807563704324096,0.596218147837952
13.36,138.26735801205083,6.59018677119005,36.2,132.99,0.0,23.18,0.0,ESO079-G014,79.0,5.0,28.7,7.17,1.4127376682403232,0.46913739212586536,0.663447210550263,22026.807191493077,6.217915827983938,0.3807563704324096,0.596218147837952
15.06,138.48304503480625,6.590142531308658,39.42,128.51,0.0,15.89,0.0,ESO079-G014,79.0,5.0,28.7,7.17,1.4127376682403232,0.46913739212586536,0.663447210550263,22026.807191493077,6.217915827983938,0.3807563704324096,0.596218147837952
16.67,121.77402318458847,6.549894624569028,40.49,124.23,0.0,10.92,0.0,ESO079-G014,79.0,5.0,28.7,7.17,1.4127376682403232,0.46913739212586536,0.663447210550263,22026.807191493077,6.217915827983938,0.3807563704324096,0.596218147837952
1.33,178.87691387785353,9.214377163029667,0.0,53.18,236.8,581.62,2991.9,NGC6195,62.0,5.0,127.8,12.8,2.29123116882462,0.4865496533631808,0.5806222290846113,16214.369145049484,25.58045816203236,0.21971682448216484,1.4014158775891759
2.34,215.80684873923616,10.292672716522306,0.0,84.9,258.48,514.34,1233.0,NGC6195,62.0,5.0,127.8,12.8,2.29123116882462,0.4865496533631808,0.5806222290846113,16214.369145049484,25.58045816203236,0.21971682448216484,1.4014158775891759
3.33,203.5609293881616,10.604286058909178,0.0,110.89,258.69,455.95,695.85,NGC6195,62.0,5.0,127.8,12.8,2.29123116882462,0.4865496533631808,0.5806222290846113,16214.369145049484,25.58045816203236,0.21971682448216484,1.4014158775891759
4.34,214.77132597580353,10.808878753712376,0.0,133.39,255.32,403.21,384.39,NGC6195,62.0,5.0,127.8,12.8,2.29123116882462,0.4865496533631808,0.5806222290846113,16214.369145049484,25.58045816203236,0.21971682448216484,1.4014158775891759
5.35,196.7636203805722,10.876074306293988,0.11,152.34,247.96,356.56,251.03,NGC6195,62.0,5.0,127.8,12.8,2.29123116882462,0.4865496533631808,0.5806222290846113,16214.369145049484,25.58045816203236,0.21971682448216484,1.4014158775891759
6.34,218.49233564378633,11.011848240258542,0.0,168.35,242.98,316.08,149.16,NGC6195,62.0,5.0,127.8,12.8,2.29123116882462,0.4865496533631808,0.5806222290846113,16214.369145049484,25.58045816203236,0.21971682448216484,1.4014158775891759
7.34,222.48459599756288,11.074385783580071,0.0,182.51,235.83,279.86,69.12,NGC6195,62.0,5.0,127.8,12.8,2.29123116882462,0.4865496533631808,0.5806222290846113,16214.369145049484,25.58045816203236,0.21971682448216484,1.4014158775891759
8.32,212.69976633865,11.023449272283472,1.96,192.78,226.67,230.3,32.44,NGC6195,62.0,5.0,127.8,12.8,2.29123116882462,0.4865496533631808,0.5806222290846113,16214.369145049484,25.58045816203236,0.21971682448216484,1.4014158775891759
9.34,210.239888220625,10.904494493035138,15.34,198.8,216.7,211.43,14.68,NGC6195,62.0,5.0,127.8,12.8,2.29123116882462,0.4865496533631808,0.5806222290846113,16214.369145049484,25.58045816203236,0.21971682448216484,1.4014158775891759
10.38,238.17930659193425,10.882514142796182,25.14,207.14,206.98,188.77,6.55,NGC6195,62.0,5.0,127.8,12.8,2.29123116882462,0.4865496533631808,0.5806222290846113,16214.369145049484,25.58045816203236,0.21971682448216484,1.4014158775891759
11.36,203.60489051464882,10.835663633992988,33.65,211.69,198.54,161.01,3.07,NGC6195,62.0,5.0,127.8,12.8,2.29123116882462,0.4865496533631808,0.5806222290846113,16214.369145049484,25.58045816203236,0.21971682448216484,1.4014158775891759
12.34,203.99985836342185,10.765514572441043,41.56,213.57,190.81,145.9,1.44,NGC6195,62.0,5.0,127.8,12.8,2.29123116882462,0.4865496533631808,0.5806222290846113,16214.369145049484,25.58045816203236,0.21971682448216484,1.4014158775891759
13.32,206.90177888361913,10.781193883584837,48.79,217.57,183.83,140.98,0.68,NGC6195,62.0,5.0,127.8,12.8,2.29123116882462,0.4865496533631808,0.5806222290846113,16214.369145049484,25.58045816203236,0.21971682448216484,1.4014158775891759
14.3,230.3836336834522,10.867757936783129,54.63,223.69,177.48,132.1,0.32,NGC6195,62.0,5.0,127.8,12.8,2.29123116882462,0.4865496533631808,0.5806222290846113,16214.369145049484,25.58045816203236,0.21971682448216484,1.4014158775891759
15.47,243.39810582755447,11.012720331453338,60.46,231.69,170.69,115.4,0.13,NGC6195,62.0,5.0,127.8,12.8,2.29123116882462,0.4865496533631808,0.5806222290846113,16214.369145049484,25.58045816203236,0.21971682448216484,1.4014158775891759
16.35,224.63680731948693,11.048340765761983,63.83,234.56,166.06,99.41,0.06,NGC6195,62.0,5.0,127.8,12.8,2.29123116882462,0.4865496533631808,0.5806222290846113,16214.369145049484,25.58045816203236,0.21971682448216484,1.4014158775891759
17.92,213.561930559148,11.07532296263011,68.08,238.09,158.63,84.92,0.02,NGC6195,62.0,5.0,127.8,12.8,2.29123116882462,0.4865496533631808,0.5806222290846113,16214.369145049484,25.58045816203236,0.21971682448216484,1.4014158775891759
19.1,217.35792796301894,11.105403419451745,69.27,241.54,153.66,72.44,0.01,NGC6195,62.0,5.0,127.8,12.8,2.29123116882462,0.4865496533631808,0.5806222290846113,16214.369145049484,25.58045816203236,0.21971682448216484,1.4014158775891759
22.52,229.3335531132232,10.887044691249235,67.69,240.74,141.52,36.49,0.0,NGC6195,62.0,5.0,127.8,12.8,2.29123116882462,0.4865496533631808,0.5806222290846113,16214.369145049484,25.58045816203236,0.21971682448216484,1.4014158775891759
26.05,197.14597838286406,10.327763603134239,66.4,225.1,131.58,17.4,0.0,NGC6195,62.0,5.0,127.8,12.8,2.29123116882462,0.4865496533631808,0.5806222290846113,16214.369145049484,25.58045816203236,0.21971682448216484,1.4014158775891759
29.48,209.47192319534884,9.764249491468169,63.14,208.87,123.68,9.64,0.0,NGC6195,62.0,5.0,127.8,12.8,2.29123116882462,0.4865496533631808,0.5806222290846113,16214.369145049484,25.58045816203236,0.21971682448216484,1.4014158775891759
33.0,199.59942915834455,9.319856208656557,61.55,195.11,116.89,7.64,0.0,NGC6195,62.0,5.0,127.8,12.8,2.29123116882462,0.4865496533631808,0.5806222290846113,16214.369145049484,25.58045816203236,0.21971682448216484,1.4014158775891759
36.43,182.81862191850834,9.108955013350927,65.91,185.57,111.25,6.5,0.0,NGC6195,62.0,5.0,127.8,12.8,2.29123116882462,0.4865496533631808,0.5806222290846113,16214.369145049484,25.58045816203236,0.21971682448216484,1.4014158775891759
0.6,13.736704385278907,0.6485327256844311,6.82,12.59,0.0,30.32,0.0,DDO161,70.0,10.0,7.5,2.25,-0.562249437179612,0.5802070496362808,0.8319028933985735,4306.440371684571,13.083257923897216,0.7427977816698006,-1.2139889083490032
0.73,14.59747775967268,0.7438291645320292,8.12,14.22,0.0,27.69,0.0,DDO161,70.0,10.0,7.5,2.25,-0.562249437179612,0.5802070496362808,0.8319028933985735,4306.440371684571,13.083257923897216,0.7427977816698006,-1.2139889083490032
0.85,15.737221410429795,0.8182729736766531,9.3,15.27,0.0,27.15,0.0,DDO161,70.0,10.0,7.5,2.25,-0.562249437179612,0.5802070496362808,0.8319028933985735,4306.440371684571,13.083257923897216,0.7427977816698006,-1.2139889083490032
0.98,18.31066121805733,0.9108570654037025,10.41,17.04,0.0,25.71,0.0,DDO161,70.0,10.0,7.5,2.25,-0.562249437179612,0.5802070496362808,0.8319028933985735,4306.440371684571,13.083257923897216,0.7427977816698006,-1.2139889083490032
1.07,19.20942820847193,0.9708765019826606,11.27,18.03,0.0,24.23,0.0,DDO161,70.0,10.0,7.5,2.25,-0.562249437179612,0.5802070496362808,0.8319028933985735,4306.440371684571,13.083257923897216,0.7427977816698006,-1.2139889083490032
1.54,23.679313240696647,1.2454598025272703,15.22,22.44,0.0,17.21,0.0,DDO161,70.0,10.0,7.5,2.25,-0.562249437179612,0.5802070496362808,0.8319028933985735,4306.440371684571,13.083257923897216,0.7427977816698006,-1.2139889083490032
2.02,26.773257778189816,1.4548572789201348,18.74,24.92,0.0,11.77,0.0,DDO161,70.0,10.0,7.5,2.25,-0.562249437179612,0.5802070496362808,0.8319028933985735,4306.440371684571,13.083257923897216,0.7427977816698006,-1.2139889083490032
2.49,30.512662647592,1.6010501932991996,21.52,25.85,0.0,7.54,0.0,DDO161,70.0,10.0,7.5,2.25,-0.562249437179612,0.5802070496362808,0.8319028933985735,4306.440371684571,13.083257923897216,0.7427977816698006,-1.2139889083490032
2.96,36.36654046088008,1.6952235168532424,23.28,26.01,0.0,5.12,0.0,DDO161,70.0,10.0,7.5,2.25,-0.562249437179612,0.5802070496362808,0.8319028933985735,4306.440371684571,13.083257923897216,0.7427977816698006,-1.2139889083490032
3.43,38.5759916453705,1.7564425528313432,24.59,25.36,0.0,3.64,0.0,DDO161,70.0,10.0,7.5,2.25,-0.562249437179612,0.5802070496362808,0.8319028933985735,4306.440371684571,13.083257923897216,0.7427977816698006,-1.2139889083490032
3.9,37.47043583323993,1.8145387185191553,25.62,25.01,0.0,2.55,0.0,DDO161,70.0,10.0,7.5,2.25,-0.562249437179612,0.5802070496362808,0.8319028933985735,4306.440371684571,13.083257923897216,0.7427977816698006,-1.2139889083490032
4.37,39.36863329654149,1.8582446804952806,26.35,24.48,0.0,1.74,0.0,DDO161,70.0,10.0,7.5,2.25,-0.562249437179612,0.5802070496362808,0.8319028933985735,4306.440371684571,13.083257923897216,0.7427977816698006,-1.2139889083490032
4.86,36.98445135455914,1.8982771789227184,27.08,23.7,0.0,1.09,0.0,DDO161,70.0,10.0,7.5,2.25,-0.562249437179612,0.5802070496362808,0.8319028933985735,4306.440371684571,13.083257923897216,0.7427977816698006,-1.2139889083490032
5.34,38.52631221590738,1.9337753110192146,27.81,22.69,0.0,0.64,0.0,DDO161,70.0,10.0,7.5,2.25,-0.562249437179612,0.5802070496362808,0.8319028933985735,4306.440371684571,13.083257923897216,0.7427977816698006,-1.2139889083490032
5.81,39.80577350922295,1.9625417951958057,28.4,21.59,0.0,0.46,0.0,DDO161,70.0,10.0,7.5,2.25,-0.562249437179612,0.5802070496362808,0.8319028933985735,4306.440371684571,13.083257923897216,0.7427977816698006,-1.2139889083490032
6.28,37.777848388673604,1.9968511362451444,28.98,20.86,0.0,0.36,0.0,DDO161,70.0,10.0,7.5,2.25,-0.562249437179612,0.5802070496362808,0.8319028933985735,4306.440371684571,13.083257923897216,0.7427977816698006,-1.2139889083490032
6.75,38.60594070639741,2.0308167974497393,29.57,20.11,0.0,0.24,0.0,DDO161,70.0,10.0,7.5,2.25,-0.562249437179612,0.5802070496362808,0.8319028933985735,4306.440371684571,13.083257923897216,0.7427977816698006,-1.2139889083490032
7.22,41.59587788467637,2.069737319319882,30.3,19.38,0.0,0.16,0.0,DDO161,70.0,10.0,7.5,2.25,-0.562249437179612,0.5802070496362808,0.8319028933985735,4306.440371684571,13.083257923897216,0.7427977816698006,-1.2139889083490032
7.69,41.61019262983856,2.1143717095677887,31.18,18.7,0.0,0.11,0.0,DDO161,70.0,10.0,7.5,2.25,-0.562249437179612,0.5802070496362808,0.8319028933985735,4306.440371684571,13.083257923897216,0.7427977816698006,-1.2139889083490032
8.16,40.88416813767848,2.159020448650211,32.06,18.06,0.0,0.07,0.0,DDO161,70.0,10.0,7.5,2.25,-0.562249437179612,0.5802070496362808,0.8319028933985735,4306.440371684571,13.083257923897216,0.7427977816698006,-1.2139889083490032
8.64,44.7060788118644,2.192922196299934,32.64,17.47,0.0,0.05,0.0,DDO161,70.0,10.0,7.5,2.25,-0.562249437179612,0.5802070496362808,0.8319028933985735,4306.440371684571,13.083257923897216,0.7427977816698006,-1.2139889083490032
9.11,43.949050504049715,2.2267655895394207,33.23,16.94,0.0,0.03,0.0,DDO161,70.0,10.0,7.5,2.25,-0.562249437179612,0.5802070496362808,0.8319028933985735,4306.440371684571,13.083257923897216,0.7427977816698006,-1.2139889083490032
9.58,47.16759776488168,2.2437944708577167,33.38,16.44,0.0,0.02,0.0,DDO161,70.0,10.0,7.5,2.25,-0.562249437179612,0.5802070496362808,0.8319028933985735,4306.440371684571,13.083257923897216,0.7427977816698006,-1.2139889083490032
10.05,45.087382595711,2.254953286914246,33.38,15.98,0.0,0.02,0.0,DDO161,70.0,10.0,7.5,2.25,-0.562249437179612,0.5802070496362808,0.8319028933985735,4306.440371684571,13.083257923897216,0.7427977816698006,-1.2139889083490032
10.52,44.21153213056082,2.244275122291316,32.79,15.57,0.0,0.01,0.0,DDO161,70.0,10.0,7.5,2.25,-0.562249437179612,0.5802070496362808,0.8319028933985735,4306.440371684571,13.083257923897216,0.7427977816698006,-1.2139889083490032
10.99,44.852973873561666,2.2284231993442276,32.06,15.18,0.0,0.01,0.0,DDO161,70.0,10.0,7.5,2.25,-0.562249437179612,0.5802070496362808,0.8319028933985735,4306.440371684571,13.083257923897216,0.7427977816698006,-1.2139889083490032
11.46,43.76593620666412,2.2072775713660984,31.18,14.81,0.0,0.0,0.0,DDO161,70.0,10.0,7.5,2.25,-0.562249437179612,0.5802070496362808,0.8319028933985735,4306.440371684571,13.083257923897216,0.7427977816698006,-1.2139889083490032
11.94,42.273198764905246,2.1867007788861943,30.3,14.47,0.0,0.0,0.0,DDO161,70.0,10.0,7.5,2.25,-0.562249437179612,0.5802070496362808,0.8319028933985735,4306.440371684571,13.083257923897216,0.7427977816698006,-1.2139889083490032
12.41,42.45207718012355,2.1661384863646154,29.42,14.16,0.0,0.0,0.0,DDO161,70.0,10.0,7.5,2.25,-0.562249437179612,0.5802070496362808,0.8319028933985735,4306.440371684571,13.083257923897216,0.7427977816698006,-1.2139889083490032
12.9,44.63599425678785,2.151192482375759,28.69,13.86,0.0,0.0,0.0,DDO161,70.0,10.0,7.5,2.25,-0.562249437179612,0.5802070496362808,0.8319028933985735,4306.440371684571,13.083257923897216,0.7427977816698006,-1.2139889083490032
13.37,43.996853114926125,2.130957667989014,27.81,13.59,0.0,0.0,0.0,DDO161,70.0,10.0,7.5,2.25,-0.562249437179612,0.5802070496362808,0.8319028933985735,4306.440371684571,13.083257923897216,0.7427977816698006,-1.2139889083490032
0.49,185.0961122448612,9.175996414391692,64.37,73.17,233.76,3509.72,10533.68,NGC5005,68.0,2.0,16.9,1.5,1.9511431601075526,0.6723459377784095,0.47402216083132565,7576.057607991291,5.99168395810584,0.2820594809394895,1.0897025953025523
0.98,224.08307533668227,11.463314816528335,75.6,130.38,272.92,2885.72,1394.2,NGC5005,68.0,2.0,16.9,1.5,1.9511431601075526,0.6723459377784095,0.47402216083132565,7576.057607991291,5.99168395810584,0.2820594809394895,1.0897025953025523
1.47,227.63440629432287,11.681456565421982,68.11,176.13,246.78,2383.47,5.62,NGC5005,68.0,2.0,16.9,1.5,1.9511431601075526,0.6723459377784095,0.47402216083132565,7576.057607991291,5.99168395810584,0.2820594809394895,1.0897025953025523
1.97,246.71865755290148,11.871190648189705,61.94,213.49,213.16,1967.84,0.0,NGC5005,68.0,2.0,16.9,1.5,1.9511431601075526,0.6723459377784095,0.47402216083132565,7576.057607991291,5.99168395810584,0.2820594809394895,1.0897025953025523
2.46,250.18134748878362,12.398665002252393,60.52,244.17,190.74,1571.81,0.0,NGC5005,68.0,2.0,16.9,1.5,1.9511431601075526,0.6723459377784095,0.47402216083132565,7576.057607991291,5.99168395810584,0.2820594809394895,1.0897025953025523
2.95,241.87430247664346,12.842676940625914,69.43,261.9,174.18,1161.8,0.0,NGC5005,68.0,2.0,16.9,1.5,1.9511431601075526,0.6723459377784095,0.47402216083132565,7576.057607991291,5.99168395810584,0.2820594809394895,1.0897025953025523
3.44,280.52569174636983,13.14891882303379,75.4,273.58,161.3,867.89,0.0,NGC5005,68.0,2.0,16.9,1.5,1.9511431601075526,0.6723459377784095,0.47402216083132565,7576.057607991291,5.99168395810584,0.2820594809394895,1.0897025953025523
3.93,274.7954532292872,13.087521944864243,73.37,276.37,150.91,643.49,0.0,NGC5005,68.0,2.0,16.9,1.5,1.9511431601075526,0.6723459377784095,0.47402216083132565,7576.057607991291,5.99168395810584,0.2820594809394895,1.0897025953025523
4.42,251.2176648826702,12.93200571580947,68.82,276.54,142.3,560.73,0.0,NGC5005,68.0,2.0,16.9,1.5,1.9511431601075526,0.6723459377784095,0.47402216083132565,7576.057607991291,5.99168395810584,0.2820594809394895,1.0897025953025523
4.92,268.5569934257715,12.892006063486395,65.78,278.71,134.88,482.38,0.0,NGC5005,68.0,2.0,16.9,1.5,1.9511431601075526,0.6723459377784095,0.47402216083132565,7576.057607991291,5.99168395810584,0.2820594809394895,1.0897025953025523
5.74,247.9961178177522,12.872993470262234,61.84,282.13,124.87,387.42,0.0,NGC5005,68.0,2.0,16.9,1.5,1.9511431601075526,0.6723459377784095,0.47402216083132565,7576.057607991291,5.99168395810584,0.2820594809394895,1.0897025953025523
6.56,271.5697986523269,12.854950088552613,59.41,284.24,116.81,278.87,0.0,NGC5005,68.0,2.0,16.9,1.5,1.9511431601075526,0.6723459377784095,0.47402216083132565,7576.057607991291,5.99168395810584,0.2820594809394895,1.0897025953025523
7.37,250.80658872216554,12.67841720319462,58.09,281.24,110.2,208.81,0.0,NGC5005,68.0,2.0,16.9,1.5,1.9511431601075526,0.6723459377784095,0.47402216083132565,7576.057607991291,5.99168395810584,0.2820594809394895,1.0897025953025523
8.19,241.0543048740246,12.55677063444789,58.09,279.02,104.54,169.08,0.0,NGC5005,68.0,2.0,16.9,1.5,1.9511431601075526,0.6723459377784095,0.47402216083132565,7576.057607991291,5.99168395810584,0.2820594809394895,1.0897025953025523
9.01,244.6078911298828,12.462892556362668,58.19,277.3,99.67,124.55,0.0,NGC5005,68.0,2.0,16.9,1.5,1.9511431601075526,0.6723459377784095,0.47402216083132565,7576.057607991291,5.99168395810584,0.2820594809394895,1.0897025953025523
9.83,235.46467885453836,12.241998661236682,57.28,272.35,95.42,80.7,0.0,NGC5005,68.0,2.0,16.9,1.5,1.9511431601075526,0.6723459377784095,0.47402216083132565,7576.057607991291,5.99168395810584,0.2820594809394895,1.0897025953025523
10.65,240.02328158224196,11.886966195371041,55.06,264.11,91.67,49.29,0.0,NGC5005,68.0,2.0,16.9,1.5,1.9511431601075526,0.6723459377784095,0.47402216083132565,7576.057607991291,5.99168395810584,0.2820594809394895,1.0897025953025523
11.47,231.65475618543718,11.482208072850689,51.82,254.75,88.34,31.13,0.0,NGC5005,68.0,2.0,16.9,1.5,1.9511431601075526,0.6723459377784095,0.47402216083132565,7576.057607991291,5.99168395810584,0.2820594809394895,1.0897025953025523
0.91,23.66714013395865,1.1698034180144452,0.0,31.52,0.0,90.5,0.0,NGC0300,42.0,10.0,2.08,0.1,0.1646502159342968,0.5041390061190173,0.6157954780629118,3875.079354174655,9.901600509533834,0.6095474047336065,-0.5477370236680321
1.36,28.233083400886805,1.4051318560211752,0.0,37.5,0.0,67.25,0.0,NGC0300,42.0,10.0,2.08,0.1,0.1646502159342968,0.5041390061190173,0.6157954780629118,3875.079354174655,9.901600509533834,0.6095474047336065,-0.5477370236680321
1.82,28.78320893507732,1.5899017660723134,0.0,42.04,0.0,53.8,0.0,NGC0300,42.0,10.0,2.08,0.1,0.1646502159342968,0.5041390061190173,0.6157954780629118,3875.079354174655,9.901600509533834,0.6095474047336065,-0.5477370236680321
2.27,35.699900457169825,1.7634641526343509,2.86,46.16,0.0,41.88,0.0,NGC0300,42.0,10.0,2.08,0.1,0.1646502159342968,0.5041390061190173,0.6157954780629118,3875.079354174655,9.901600509533834,0.6095474047336065,-0.5477370236680321
2.72,40.08336595420201,1.896917193359008,7.4,48.37,0.0,31.96,0.0,NGC0300,42.0,10.0,2.08,0.1,0.1646502159342968,0.5041390061190173,0.6157954780629118,3875.079354174655,9.901600509533834,0.6095474047336065,-0.5477370236680321
3.17,40.158025034123874,1.9807759474432558,8.38,49.78,0.0,24.71,0.0,NGC0300,42.0,10.0,2.08,0.1,0.1646502159342968,0.5041390061190173,0.6157954780629118,3875.079354174655,9.901600509533834,0.6095474047336065,-0.5477370236680321
3.63,39.853772743672074,2.032260466999689,8.42,50.48,0.0,18.99,0.0,NGC0300,42.0,10.0,2.08,0.1,0.1646502159342968,0.5041390061190173,0.6157954780629118,3875.079354174655,9.901600509533834,0.6095474047336065,-0.5477370236680321
4.08,41.100454199128734,2.0736730771716663,9.19,50.65,0.0,14.68,0.0,NGC0300,42.0,10.0,2.08,0.1,0.1646502159342968,0.5041390061190173,0.6157954780629118,3875.079354174655,9.901600509533834,0.6095474047336065,-0.5477370236680321
4.54,42.29496574662985,2.128912219954266,12.0,50.39,0.0,11.28,0.0,NGC0300,42.0,10.0,2.08,0.1,0.1646502159342968,0.5041390061190173,0.6157954780629118,3875.079354174655,9.901600509533834,0.6095474047336065,-0.5477370236680321
4.99,41.88155522030328,2.153209371838179,12.98,49.84,0.0,8.72,0.0,NGC0300,42.0,10.0,2.08,0.1,0.1646502159342968,0.5041390061190173,0.6157954780629118,3875.079354174655,9.901600509533834,0.6095474047336065,-0.5477370236680321
5.45,42.046040529421454,2.165512189697026,13.57,49.05,0.0,6.7,0.0,NGC0300,42.0,10.0,2.08,0.1,0.1646502159342968,0.5041390061190173,0.6157954780629118,3875.079354174655,9.901600509533834,0.6095474047336065,-0.5477370236680321
5.9,41.87278878007347,2.1950388141295973,15.44,48.12,0.0,5.18,0.0,NGC0300,42.0,10.0,2.08,0.1,0.1646502159342968,0.5041390061190173,0.6157954780629118,3875.079354174655,9.901600509533834,0.6095474047336065,-0.5477370236680321
6.36,48.40076675738965,2.2843305707181254,20.16,47.07,0.0,3.98,0.0,NGC0300,42.0,10.0,2.08,0.1,0.1646502159342968,0.5041390061190173,0.6157954780629118,3875.079354174655,9.901600509533834,0.6095474047336065,-0.5477370236680321
6.81,47.45238643762232,2.3744658576891413,24.2,45.98,0.0,3.08,0.0,NGC0300,42.0,10.0,2.08,0.1,0.1646502159342968,0.5041390061190173,0.6157954780629118,3875.079354174655,9.901600509533834,0.6095474047336065,-0.5477370236680321
7.26,51.20649959900424,2.4434928634073003,27.05,44.86,0.0,2.38,0.0,NGC0300,42.0,10.0,2.08,0.1,0.1646502159342968,0.5041390061190173,0.6157954780629118,3875.079354174655,9.901600509533834,0.6095474047336065,-0.5477370236680321
7.71,48.77457752421097,2.4696052445138017,28.23,43.73,0.0,1.84,0.0,NGC0300,42.0,10.0,2.08,0.1,0.1646502159342968,0.5041390061190173,0.6157954780629118,3875.079354174655,9.901600509533834,0.6095474047336065,-0.5477370236680321
8.17,49.20410596945612,2.451359842252126,27.84,42.59,0.0,1.41,0.0,NGC0300,42.0,10.0,2.08,0.1,0.1646502159342968,0.5041390061190173,0.6157954780629118,3875.079354174655,9.901600509533834,0.6095474047336065,-0.5477370236680321
8.62,47.97889076705447,2.419557065156688,26.95,41.5,0.0,1.09,0.0,NGC0300,42.0,10.0,2.08,0.1,0.1646502159342968,0.5041390061190173,0.6157954780629118,3875.079354174655,9.901600509533834,0.6095474047336065,-0.5477370236680321
9.07,49.10442729665556,2.399688252625754,26.46,40.45,0.0,0.84,0.0,NGC0300,42.0,10.0,2.08,0.1,0.1646502159342968,0.5041390061190173,0.6157954780629118,3875.079354174655,9.901600509533834,0.6095474047336065,-0.5477370236680321
9.53,49.7352879402361,2.388061555851954,26.26,39.41,0.0,0.65,0.0,NGC0300,42.0,10.0,2.08,0.1,0.1646502159342968,0.5041390061190173,0.6157954780629118,3875.079354174655,9.901600509533834,0.6095474047336065,-0.5477370236680321
9.96,47.643021304472896,2.3539385675787856,25.18,38.5,0.0,0.51,0.0,NGC0300,42.0,10.0,2.08,0.1,0.1646502159342968,0.5041390061190173,0.6157954780629118,3875.079354174655,9.901600509533834,0.6095474047336065,-0.5477370236680321
10.45,44.840395391971505,2.3201888057933977,24.1,37.5,0.0,0.38,0.0,NGC0300,42.0,10.0,2.08,0.1,0.1646502159342968,0.5041390061190173,0.6157954780629118,3875.079354174655,9.901600509533834,0.6095474047336065,-0.5477370236680321
10.93,43.99200188793919,2.2888603644263488,23.02,36.62,0.0,0.29,0.0,NGC0300,42.0,10.0,2.08,0.1,0.1646502159342968,0.5041390061190173,0.6157954780629118,3875.079354174655,9.901600509533834,0.6095474047336065,-0.5477370236680321
11.32,48.997266803930934,2.2621949773280554,22.03,35.97,0.0,0.23,0.0,NGC0300,42.0,10.0,2.08,0.1,0.1646502159342968,0.5041390061190173,0.6157954780629118,3875.079354174655,9.901600509533834,0.6095474047336065,-0.5477370236680321
11.8,44.41625870576298,2.2523500793248155,21.74,35.19,0.0,0.0,0.0,NGC0300,42.0,10.0,2.08,0.1,0.1646502159342968,0.5041390061190173,0.6157954780629118,3875.079354174655,9.901600509533834,0.6095474047336065,-0.5477370236680321
0.58,23.492618545422463,1.1985660843488344,0.0,21.35,0.0,74.79,0.0,UGC06446,51.0,3.0,12.0,3.6,-0.30627305107635305,0.46758415875295034,0.9808413825085235,16857.83264967718,4.72211451965988,0.6958739046409599,-0.9793695232047995
1.16,39.98756626000953,1.7888969171154814,2.75,29.36,0.0,33.7,0.0,UGC06446,51.0,3.0,12.0,3.6,-0.30627305107635305,0.46758415875295034,0.9808413825085235,16857.83264967718,4.72211451965988,0.6958739046409599,-0.9793695232047995
1.74,44.40504917662575,2.1774680651825613,6.18,30.8,0.0,20.14,0.0,UGC06446,51.0,3.0,12.0,3.6,-0.30627305107635305,0.46758415875295034,0.9808413825085235,16857.83264967718,4.72211451965988,0.6958739046409599,-0.9793695232047995
2.33,51.22763120768015,2.4931945010103505,7.45,31.81,0.0,12.32,0.0,UGC06446,51.0,3.0,12.0,3.6,-0.30627305107635305,0.46758415875295034,0.9808413825085235,16857.83264967718,4.72211451965988,0.6958739046409599,-0.9793695232047995
2.91,55.40427621988162,2.7941183501092293,14.25,31.67,0.0,9.18,0.0,UGC06446,51.0,3.0,12.0,3.6,-0.30627305107635305,0.46758415875295034,0.9808413825085235,16857.83264967718,4.72211451965988,0.6958739046409599,-0.9793695232047995
3.49,56.15464053284745,3.021390801599838,16.89,31.97,0.0,6.44,0.0,UGC06446,51.0,3.0,12.0,3.6,-0.30627305107635305,0.46758415875295034,0.9808413825085235,16857.83264967718,4.72211451965988,0.6958739046409599,-0.9793695232047995
4.07,58.89811510370603,3.1554976855311656,15.31,32.15,0.0,4.92,0.0,UGC06446,51.0,3.0,12.0,3.6,-0.30627305107635305,0.46758415875295034,0.9808413825085235,16857.83264967718,4.72211451965988,0.6958739046409599,-0.9793695232047995
4.65,67.64550183683384,3.314822077098397,18.83,31.31,0.0,2.36,0.0,UGC06446,51.0,3.0,12.0,3.6,-0.30627305107635305,0.46758415875295034,0.9808413825085235,16857.83264967718,4.72211451965988,0.6958739046409599,-0.9793695232047995
5.23,70.654846555537,3.464860609866157,23.23,29.91,0.0,1.67,0.0,UGC06446,51.0,3.0,12.0,3.6,-0.30627305107635305,0.46758415875295034,0.9808413825085235,16857.83264967718,4.72211451965988,0.6958739046409599,-0.9793695232047995
5.81,70.681395461621,3.576993394052554,26.13,28.44,0.0,1.22,0.0,UGC06446,51.0,3.0,12.0,3.6,-0.30627305107635305,0.46758415875295034,0.9808413825085235,16857.83264967718,4.72211451965988,0.6958739046409599,-0.9793695232047995
6.4,69.32581819741102,3.6819977651988824,28.95,27.55,0.0,0.87,0.0,UGC06446,51.0,3.0,12.0,3.6,-0.30627305107635305,0.46758415875295034,0.9808413825085235,16857.83264967718,4.72211451965988,0.6958739046409599,-0.9793695232047995
6.98,69.92528639254121,3.7678627689201387,31.41,26.52,0.0,0.59,0.0,UGC06446,51.0,3.0,12.0,3.6,-0.30627305107635305,0.46758415875295034,0.9808413825085235,16857.83264967718,4.72211451965988,0.6958739046409599,-0.9793695232047995
7.62,75.788167396401,3.852561614045861,34.05,25.42,0.0,0.38,0.0,UGC06446,51.0,3.0,12.0,3.6,-0.30627305107635305,0.46758415875295034,0.9808413825085235,16857.83264967718,4.72211451965988,0.6958739046409599,-0.9793695232047995
8.28,71.97622246991325,3.8814020181928615,34.49,24.36,0.0,0.25,0.0,UGC06446,51.0,3.0,12.0,3.6,-0.30627305107635305,0.46758415875295034,0.9808413825085235,16857.83264967718,4.72211451965988,0.6958739046409599,-0.9793695232047995
8.9,80.24028204497341,3.839447203604557,32.03,23.44,0.0,0.16,0.0,UGC06446,51.0,3.0,12.0,3.6,-0.30627305107635305,0.46758415875295034,0.9808413825085235,16857.83264967718,4.72211451965988,0.6958739046409599,-0.9793695232047995
9.52,81.45922483163038,3.8510147856982373,32.29,22.66,0.0,0.11,0.0,UGC06446,51.0,3.0,12.0,3.6,-0.30627305107635305,0.46758415875295034,0.9808413825085235,16857.83264967718,4.72211451965988,0.6958739046409599,-0.9793695232047995
10.22,88.2990804461801,3.867841268069471,33.08,21.62,0.0,0.0,0.0,UGC06446,51.0,3.0,12.0,3.6,-0.30627305107635305,0.46758415875295034,0.9808413825085235,16857.83264967718,4.72211451965988,0.6958739046409599,-0.9793695232047995
3.54,124.40961568992688,6.341912196165356,-9.23,117.85,111.1,339.07,0.95,NGC5985,60.0,2.0,39.7,9.9,2.018550716122285,0.6120709245285376,0.6106791318578708,19079.012055581992,32.73368758298421,0.26970277914601215,1.1514861042699391
4.23,122.41276081201681,6.308274231759087,-10.88,124.82,101.71,298.47,0.1,NGC5985,60.0,2.0,39.7,9.9,2.018550716122285,0.6120709245285376,0.6106791318578708,19079.012055581992,32.73368758298421,0.26970277914601215,1.1514861042699391
4.97,125.50806525316791,6.33142813191736,-12.52,131.42,93.86,286.51,0.01,NGC5985,60.0,2.0,39.7,9.9,2.018550716122285,0.6120709245285376,0.6106791318578708,19079.012055581992,32.73368758298421,0.26970277914601215,1.1514861042699391
5.74,137.01144823348668,6.534371789759621,-13.93,141.81,87.33,272.43,0.0,NGC5985,60.0,2.0,39.7,9.9,2.018550716122285,0.6120709245285376,0.6106791318578708,19079.012055581992,32.73368758298421,0.26970277914601215,1.1514861042699391
6.47,139.781778916964,6.781704374143442,-14.91,151.83,82.27,259.83,0.0,NGC5985,60.0,2.0,39.7,9.9,2.018550716122285,0.6120709245285376,0.6106791318578708,19079.012055581992,32.73368758298421,0.26970277914601215,1.1514861042699391
7.22,146.64063017981974,7.1225053017345346,-15.46,163.57,77.87,245.34,0.0,NGC5985,60.0,2.0,39.7,9.9,2.018550716122285,0.6120709245285376,0.6106791318578708,19079.012055581992,32.73368758298421,0.26970277914601215,1.1514861042699391
8.02,149.99577737397533,7.420527394603543,-16.0,173.43,73.88,221.13,0.0,NGC5985,60.0,2.0,39.7,9.9,2.018550716122285,0.6120709245285376,0.6106791318578708,19079.012055581992,32.73368758298421,0.26970277914601215,1.1514861042699391
8.79,158.8415709692718,7.688023941603053,-16.33,181.85,70.57,206.96,0.0,NGC5985,60.0,2.0,39.7,9.9,2.018550716122285,0.6120709245285376,0.6106791318578708,19079.012055581992,32.73368758298421,0.26970277914601215,1.1514861042699391
9.5,170.85119675874915,7.965982056131558,-16.22,190.1,67.89,195.87,0.0,NGC5985,60.0,2.0,39.7,9.9,2.018550716122285,0.6120709245285376,0.6106791318578708,19079.012055581992,32.73368758298421,0.26970277914601215,1.1514861042699391
10.27,157.74487223226163,8.3308078487929,-15.46,200.43,65.29,182.8,0.0,NGC5985,60.0,2.0,39.7,9.9,2.018550716122285,0.6120709245285376,0.6106791318578708,19079.012055581992,32.73368758298421,0.26970277914601215,1.1514861042699391
11.08,169.28340961073062,8.662232595462457,-13.5,209.52,62.86,157.0,0.0,NGC5985,60.0,2.0,39.7,9.9,2.018550716122285,0.6120709245285376,0.6106791318578708,19079.012055581992,32.73368758298421,0.26970277914601215,1.1514861042699391
11.82,164.5237468675345,8.839912199324177,-9.2,214.14,60.86,137.98,0.0,NGC5985,60.0,2.0,39.7,9.9,2.018550716122285,0.6120709245285376,0.6106791318578708,19079.012055581992,32.73368758298421,0.26970277914601215,1.1514861042699391
12.56,193.94915460213184,8.971377126144409,5.72,217.36,59.04,121.99,0.0,NGC5985,60.0,2.0,39.7,9.9,2.018550716122285,0.6120709245285376,0.6106791318578708,19079.012055581992,32.73368758298421,0.26970277914601215,1.1514861042699391
13.39,193.72410341754457,9.096365399844329,13.39,220.24,57.18,107.78,0.0,NGC5985,60.0,2.0,39.7,9.9,2.018550716122285,0.6120709245285376,0.6106791318578708,19079.012055581992,32.73368758298421,0.26970277914601215,1.1514861042699391
14.1,190.75565277213283,9.19203164670512,17.64,222.33,55.72,94.35,0.0,NGC5985,60.0,2.0,39.7,9.9,2.018550716122285,0.6120709245285376,0.6106791318578708,19079.012055581992,32.73368758298421,0.26970277914601215,1.1514861042699391
14.93,173.22749109767724,9.213518328452603,21.66,222.27,54.15,78.95,0.0,NGC5985,60.0,2.0,39.7,9.9,2.018550716122285,0.6120709245285376,0.6106791318578708,19079.012055581992,32.73368758298421,0.26970277914601215,1.1514861042699391
15.64,185.52338874761713,9.196643849214789,24.38,221.26,52.91,70.86,0.0,NGC5985,60.0,2.0,39.7,9.9,2.018550716122285,0.6120709245285376,0.6106791318578708,19079.012055581992,32.73368758298421,0.26970277914601215,1.1514861042699391
16.35,181.99946746484966,9.208001350316259,26.24,221.1,51.75,65.3,0.0,NGC5985,60.0,2.0,39.7,9.9,2.018550716122285,0.6120709245285376,0.6106791318578708,19079.012055581992,32.73368758298421,0.26970277914601215,1.1514861042699391
17.18,185.20052046525194,9.222753625492556,27.98,220.98,50.48,55.24,0.0,NGC5985,60.0,2.0,39.7,9.9,2.018550716122285,0.6120709245285376,0.6106791318578708,19079.012055581992,32.73368758298421,0.26970277914601215,1.1514861042699391
17.89,181.67409041080475,9.169956271662691,29.72,218.99,49.47,45.95,0.0,NGC5985,60.0,2.0,39.7,9.9,2.018550716122285,0.6120709245285376,0.6106791318578708,19079.012055581992,32.73368758298421,0.26970277914601215,1.1514861042699391
18.72,185.78676203415205,9.053956586578096,31.57,215.15,48.36,40.15,0.0,NGC5985,60.0,2.0,39.7,9.9,2.018550716122285,0.6120709245285376,0.6106791318578708,19079.012055581992,32.73368758298421,0.26970277914601215,1.1514861042699391
19.44,175.98691726792484,8.976561073297692,33.2,212.39,47.46,37.57,0.0,NGC5985,60.0,2.0,39.7,9.9,2.018550716122285,0.6120709245285376,0.6106791318578708,19079.012055581992,32.73368758298421,0.26970277914601215,1.1514861042699391
20.26,186.36787882533912,8.936548406542824,35.16,210.49,46.49,34.32,0.0,NGC5985,60.0,2.0,39.7,9.9,2.018550716122285,0.6120709245285376,0.6106791318578708,19079.012055581992,32.73368758298421,0.26970277914601215,1.1514861042699391
20.98,180.18662998320966,8.901887999568402,37.01,208.75,45.68,31.09,0.0,NGC5985,60.0,2.0,39.7,9.9,2.018550716122285,0.6120709245285376,0.6106791318578708,19079.012055581992,32.73368758298421,0.26970277914601215,1.1514861042699391
21.69,174.5436886705976,8.856972818079688,38.65,206.74,44.93,28.12,0.0,NGC5985,60.0,2.0,39.7,9.9,2.018550716122285,0.6120709245285376,0.6106791318578708,19079.012055581992,32.73368758298421,0.26970277914601215,1.1514861042699391
22.52,175.11993566716325,8.805241579219036,40.5,204.38,44.09,25.48,0.0,NGC5985,60.0,2.0,39.7,9.9,2.018550716122285,0.6120709245285376,0.6106791318578708,19079.012055581992,32.73368758298421,0.26970277914601215,1.1514861042699391
23.23,171.39867793980937,8.762976759105753,41.91,202.43,43.41,23.71,0.0,NGC5985,60.0,2.0,39.7,9.9,2.018550716122285,0.6120709245285376,0.6106791318578708,19079.012055581992,32.73368758298421,0.26970277914601215,1.1514861042699391
24.06,181.72664713267653,8.73103005282506,43.22,200.72,42.66,22.0,0.0,NGC5985,60.0,2.0,39.7,9.9,2.018550716122285,0.6120709245285376,0.6106791318578708,19079.012055581992,32.73368758298421,0.26970277914601215,1.1514861042699391
24.77,171.80502851123677,8.708453213891161,44.2,199.42,42.04,20.53,0.0,NGC5985,60.0,2.0,39.7,9.9,2.018550716122285,0.6120709245285376,0.6106791318578708,19079.012055581992,32.73368758298421,0.26970277914601215,1.1514861042699391
25.95,176.25742179936998,8.684817624066374,45.18,197.86,41.07,18.46,0.0,NGC5985,60.0,2.0,39.7,9.9,2.018550716122285,0.6120709245285376,0.6106791318578708,19079.012055581992,32.73368758298421,0.26970277914601215,1.1514861042699391
28.92,167.7353025932144,8.554608511282304,43.33,193.43,38.91,10.08,0.0,NGC5985,60.0,2.0,39.7,9.9,2.018550716122285,0.6120709245285376,0.6106791318578708,19079.012055581992,32.73368758298421,0.26970277914601215,1.1514861042699391
31.76,154.31229801430067,8.334493496855428,45.72,184.74,37.13,6.27,0.0,NGC5985,60.0,2.0,39.7,9.9,2.018550716122285,0.6120709245285376,0.6106791318578708,19079.012055581992,32.73368758298421,0.26970277914601215,1.1514861042699391
34.72,172.68573294409697,8.260062687704403,47.57,180.34,35.51,3.62,0.0,NGC5985,60.0,2.0,39.7,9.9,2.018550716122285,0.6120709245285376,0.6106791318578708,19079.012055581992,32.73368758298421,0.26970277914601215,1.1514861042699391
0.1,15.45803217163,0.8112187799274898,-1.13,1.96,0.0,28.5,0.0,DDO064,60.0,5.0,6.8,2.04,-1.1051303432547475,0.39188383826973244,0.8184914306718688,10501.795415829363,0.9299756653348609,0.8423150741270011,-1.7115753706350059
0.3,29.219311222507727,1.4995105272315072,-2.45,6.31,0.0,27.26,0.0,DDO064,60.0,5.0,6.8,2.04,-1.1051303432547475,0.39188383826973244,0.8184914306718688,10501.795415829363,0.9299756653348609,0.8423150741270011,-1.7115753706350059
0.49,36.78089636646834,1.9177410524270642,-0.64,9.67,0.0,24.99,0.0,DDO064,60.0,5.0,6.8,2.04,-1.1051303432547475,0.39188383826973244,0.8184914306718688,10501.795415829363,0.9299756653348609,0.8423150741270011,-1.7115753706350059
0.69,41.74076447780154,2.2181380263450654,2.49,13.92,0.0,20.86,0.0,DDO064,60.0,5.0,6.8,2.04,-1.1051303432547475,0.39188383826973244,0.8184914306718688,10501.795415829363,0.9299756653348609,0.8423150741270011,-1.7115753706350059
0.89,49.70999523466713,2.3968064565317313,1.87,15.16,0.0,13.91,0.0,DDO064,60.0,5.0,6.8,2.04,-1.1051303432547475,0.39188383826973244,0.8184914306718688,10501.795415829363,0.9299756653348609,0.8423150741270011,-1.7115753706350059
1.09,49.809322368419245,2.52065160213356,4.97,16.41,0.0,11.73,0.0,DDO064,60.0,5.0,6.8,2.04,-1.1051303432547475,0.39188383826973244,0.8184914306718688,10501.795415829363,0.9299756653348609,0.8423150741270011,-1.7115753706350059
1.29,53.337965568230885,2.6164414376324316,9.29,17.34,0.0,10.3,0.0,DDO064,60.0,5.0,6.8,2.04,-1.1051303432547475,0.39188383826973244,0.8184914306718688,10501.795415829363,0.9299756653348609,0.8423150741270011,-1.7115753706350059
1.48,52.805963668440704,2.6983819965051414,13.62,18.34,0.0,7.96,0.0,DDO064,60.0,5.0,6.8,2.04,-1.1051303432547475,0.39188383826973244,0.8184914306718688,10501.795415829363,0.9299756653348609,0.8423150741270011,-1.7115753706350059
1.68,55.850988141220284,2.7505582059798086,16.26,19.12,0.0,6.72,0.0,DDO064,60.0,5.0,6.8,2.04,-1.1051303432547475,0.39188383826973244,0.8184914306718688,10501.795415829363,0.9299756653348609,0.8423150741270011,-1.7115753706350059
1.88,53.52399481900436,2.780633509049869,18.16,19.54,0.0,3.97,0.0,DDO064,60.0,5.0,6.8,2.04,-1.1051303432547475,0.39188383826973244,0.8184914306718688,10501.795415829363,0.9299756653348609,0.8423150741270011,-1.7115753706350059
2.08,55.76274065271265,2.7918385603405462,19.64,19.1,0.0,2.84,0.0,DDO064,60.0,5.0,6.8,2.04,-1.1051303432547475,0.39188383826973244,0.8184914306718688,10501.795415829363,0.9299756653348609,0.8423150741270011,-1.7115753706350059
2.27,57.29018999862711,2.783530232070842,20.17,18.77,0.0,2.16,0.0,DDO064,60.0,5.0,6.8,2.04,-1.1051303432547475,0.39188383826973244,0.8184914306718688,10501.795415829363,0.9299756653348609,0.8423150741270011,-1.7115753706350059
2.37,55.73625129565233,2.7805462125453566,20.59,18.61,0.0,1.86,0.0,DDO064,60.0,5.0,6.8,2.04,-1.1051303432547475,0.39188383826973244,0.8184914306718688,10501.795415829363,0.9299756653348609,0.8423150741270011,-1.7115753706350059
2.98,53.40311195377632,2.7326108163934455,22.17,17.21,0.0,0.0,0.0,DDO064,60.0,5.0,6.8,2.04,-1.1051303432547475,0.39188383826973244,0.8184914306718688,10501.795415829363,0.9299756653348609,0.8423150741270011,-1.7115753706350059
2.43,82.8166054048054,4.306483537239041,10.89,136.53,0.0,402.36,0.0,UGC09037,65.0,5.0,83.6,8.4,1.5353827425268864,0.38931698783452195,0.7275474723321235,5546.674201822715,24.036614690559496,0.35827389667135645,0.7086305166432177
3.65,96.49521174361504,4.697326114525839,14.29,148.1,0.0,235.2,0.0,UGC09037,65.0,5.0,83.6,8.4,1.5353827425268864,0.38931698783452195,0.7275474723321235,5546.674201822715,24.036614690559496,0.35827389667135645,0.7086305166432177
4.86,108.13635814770645,4.809965959954376,16.72,150.72,0.0,147.3,0.0,UGC09037,65.0,5.0,83.6,8.4,1.5353827425268864,0.38931698783452195,0.7275474723321235,5546.674201822715,24.036614690559496,0.35827389667135645,0.7086305166432177
6.08,97.21172412982027,4.935222058078606,25.95,151.05,0.0,121.61,0.0,UGC09037,65.0,5.0,83.6,8.4,1.5353827425268864,0.38931698783452195,0.7275474723321235,5546.674201822715,24.036614690559496,0.35827389667135645,0.7086305166432177
7.29,106.65187306172126,5.244295593765674,32.85,157.64,0.0,90.72,0.0,UGC09037,65.0,5.0,83.6,8.4,1.5353827425268864,0.38931698783452195,0.7275474723321235,5546.674201822715,24.036614690559496,0.35827389667135645,0.7086305166432177
8.51,107.65461032558697,5.283041379056203,38.2,155.32,0.0,62.19,0.0,UGC09037,65.0,5.0,83.6,8.4,1.5353827425268864,0.38931698783452195,0.7275474723321235,5546.674201822715,24.036614690559496,0.35827389667135645,0.7086305166432177
9.73,91.9475859557051,5.274179059871255,40.33,153.04,0.0,48.99,0.0,UGC09037,65.0,5.0,83.6,8.4,1.5353827425268864,0.38931698783452195,0.7275474723321235,5546.674201822715,24.036614690559496,0.35827389667135645,0.7086305166432177
10.96,105.8693337114497,5.260885405318173,39.17,152.74,0.0,39.66,0.0,UGC09037,65.0,5.0,83.6,8.4,1.5353827425268864,0.38931698783452195,0.7275474723321235,5546.674201822715,24.036614690559496,0.35827389667135645,0.7086305166432177
12.19,103.63121625823406,5.371307264838639,46.36,150.89,0.0,25.26,0.0,UGC09037,65.0,5.0,83.6,8.4,1.5353827425268864,0.38931698783452195,0.7275474723321235,5546.674201822715,24.036614690559496,0.35827389667135645,0.7086305166432177
13.41,115.86174472448846,5.417976863257842,53.75,145.59,0.0,18.66,0.0,UGC09037,65.0,5.0,83.6,8.4,1.5353827425268864,0.38931698783452195,0.7275474723321235,5546.674201822715,24.036614690559496,0.35827389667135645,0.7086305166432177
14.55,106.73155117909658,5.405220021218436,56.66,141.61,0.0,14.96,0.0,UGC09037,65.0,5.0,83.6,8.4,1.5353827425268864,0.38931698783452195,0.7275474723321235,5546.674201822715,24.036614690559496,0.35827389667135645,0.7086305166432177
15.78,104.57102534188,5.440042665025443,60.84,137.81,0.0,10.66,0.0,UGC09037,65.0,5.0,83.6,8.4,1.5353827425268864,0.38931698783452195,0.7275474723321235,5546.674201822715,24.036614690559496,0.35827389667135645,0.7086305166432177
17.0,106.33952004791121,5.375705405498127,62.11,133.01,0.0,7.68,0.0,UGC09037,65.0,5.0,83.6,8.4,1.5353827425268864,0.38931698783452195,0.7275474723321235,5546.674201822715,24.036614690559496,0.35827389667135645,0.7086305166432177
18.23,105.81601334435412,5.247102519837004,60.94,128.36,0.0,5.88,0.0,UGC09037,65.0,5.0,83.6,8.4,1.5353827425268864,0.38931698783452195,0.7275474723321235,5546.674201822715,24.036614690559496,0.35827389667135645,0.7086305166432177
19.46,99.81824182879379,5.1346582801387255,60.06,123.99,0.0,4.69,0.0,UGC09037,65.0,5.0,83.6,8.4,1.5353827425268864,0.38931698783452195,0.7275474723321235,5546.674201822715,24.036614690559496,0.35827389667135645,0.7086305166432177
20.69,103.3480067332036,5.181042742195057,64.05,120.09,0.0,3.96,0.0,UGC09037,65.0,5.0,83.6,8.4,1.5353827425268864,0.38931698783452195,0.7275474723321235,5546.674201822715,24.036614690559496,0.35827389667135645,0.7086305166432177
21.92,95.09678708586736,5.10016101321839,63.17,117.0,0.0,3.38,0.0,UGC09037,65.0,5.0,83.6,8.4,1.5353827425268864,0.38931698783452195,0.7275474723321235,5546.674201822715,24.036614690559496,0.35827389667135645,0.7086305166432177
23.14,98.61685003882212,4.9870095565602925,61.23,113.92,0.0,2.58,0.0,UGC09037,65.0,5.0,83.6,8.4,1.5353827425268864,0.38931698783452195,0.7275474723321235,5546.674201822715,24.036614690559496,0.35827389667135645,0.7086305166432177
24.28,103.19233939495221,4.96697940954444,62.4,110.72,0.0,2.11,0.0,UGC09037,65.0,5.0,83.6,8.4,1.5353827425268864,0.38931698783452195,0.7275474723321235,5546.674201822715,24.036614690559496,0.35827389667135645,0.7086305166432177
25.51,106.439616945826,4.844953447049658,60.16,107.64,0.0,1.93,0.0,UGC09037,65.0,5.0,83.6,8.4,1.5353827425268864,0.38931698783452195,0.7275474723321235,5546.674201822715,24.036614690559496,0.35827389667135645,0.7086305166432177
26.73,102.37755011144243,4.944219283907226,64.54,105.08,0.0,1.77,0.0,UGC09037,65.0,5.0,83.6,8.4,1.5353827425268864,0.38931698783452195,0.7275474723321235,5546.674201822715,24.036614690559496,0.35827389667135645,0.7086305166432177
27.96,100.91664794205977,4.978146073262582,66.58,102.79,0.0,1.67,0.0,UGC09037,65.0,5.0,83.6,8.4,1.5353827425268864,0.38931698783452195,0.7275474723321235,5546.674201822715,24.036614690559496,0.35827389667135645,0.7086305166432177
0.28,200.87300201897656,10.103190008824567,0.42,42.14,211.56,2455.96,12097.58,UGC11914,31.0,5.0,16.9,5.1,1.875142324129555,0.6566691141767574,0.8851337609468677,9700.483312771814,3.345142294615458,0.29599144527342636,1.020042773632868
0.37,215.25806167224707,10.625595099300735,0.61,53.98,220.85,2366.93,9071.84,UGC11914,31.0,5.0,16.9,5.1,1.875142324129555,0.6566691141767574,0.8851337609468677,9700.483312771814,3.345142294615458,0.29599144527342636,1.020042773632868
0.47,222.8255173637595,11.042357734694,0.79,66.33,227.4,2271.79,7025.23,UGC11914,31.0,5.0,16.9,5.1,1.875142324129555,0.6566691141767574,0.8851337609468677,9700.483312771814,3.345142294615458,0.29599144527342636,1.020042773632868
0.56,230.2764847963986,11.34247393775339,0.96,76.79,231.5,2189.44,5778.11,UGC11914,31.0,5.0,16.9,5.1,1.875142324129555,0.6566691141767574,0.8851337609468677,9700.483312771814,3.345142294615458,0.29599144527342636,1.020042773632868
0.65,233.83466181549235,11.57578935427722,1.14,86.68,234.01,2110.07,4930.85,UGC11914,31.0,5.0,16.9,5.1,1.875142324129555,0.6566691141767574,0.8851337609468677,9700.483312771814,3.345142294615458,0.29599144527342636,1.020042773632868
0.75,227.42743870336477,11.834348696331903,1.31,97.06,236.69,2025.25,4308.68,UGC11914,31.0,5.0,16.9,5.1,1.875142324129555,0.6566691141767574,0.8851337609468677,9700.483312771814,3.345142294615458,0.29599144527342636,1.020042773632868
0.84,217.06675978567617,12.129098314867624,1.48,105.9,240.47,1951.84,3831.0,UGC11914,31.0,5.0,16.9,5.1,1.875142324129555,0.6566691141767574,0.8851337609468677,9700.483312771814,3.345142294615458,0.29599144527342636,1.020042773632868
0.93,240.77335680804856,12.457023658345678,1.66,114.28,245.03,1881.09,3289.15,UGC11914,31.0,5.0,16.9,5.1,1.875142324129555,0.6566691141767574,0.8851337609468677,9700.483312771814,3.345142294615458,0.29599144527342636,1.020042773632868
1.03,229.70511774443332,12.779879743052431,1.83,123.11,249.19,1805.48,2710.31,UGC11914,31.0,5.0,16.9,5.1,1.875142324129555,0.6566691141767574,0.8851337609468677,9700.483312771814,3.345142294615458,0.29599144527342636,1.020042773632868
1.12,261.28914114247203,13.020214947834507,2.0,130.64,251.82,1740.03,2281.17,UGC11914,31.0,5.0,16.9,5.1,1.875142324129555,0.6566691141767574,0.8851337609468677,9700.483312771814,3.345142294615458,0.29599144527342636,1.020042773632868
1.21,264.35551250887124,13.214778257266866,2.17,137.79,253.43,1676.95,1896.93,UGC11914,31.0,5.0,16.9,5.1,1.875142324129555,0.6566691141767574,0.8851337609468677,9700.483312771814,3.345142294615458,0.29599144527342636,1.020042773632868
1.3,244.8261778718305,13.36064685462781,2.33,144.6,253.93,1616.16,1591.52,UGC11914,31.0,5.0,16.9,5.1,1.875142324129555,0.6566691141767574,0.8851337609468677,9700.483312771814,3.345142294615458,0.29599144527342636,1.020042773632868
1.41,279.102054417993,13.490902247279038,2.5,152.47,253.45,1544.84,1300.3,UGC11914,31.0,5.0,16.9,5.1,1.875142324129555,0.6566691141767574,0.8851337609468677,9700.483312771814,3.345142294615458,0.29599144527342636,1.020042773632868
1.5,283.16690207596764,13.570174337045248,2.66,158.56,252.44,1488.85,1111.18,UGC11914,31.0,5.0,16.9,5.1,1.875142324129555,0.6566691141767574,0.8851337609468677,9700.483312771814,3.345142294615458,0.29599144527342636,1.020042773632868
1.59,273.94820850931296,13.632077474715182,2.82,164.36,251.04,1434.87,947.25,UGC11914,31.0,5.0,16.9,5.1,1.875142324129555,0.6566691141767574,0.8851337609468677,9700.483312771814,3.345142294615458,0.29599144527342636,1.020042773632868
1.68,296.2806876406113,13.673862404617246,2.97,169.88,249.18,1382.86,815.68,UGC11914,31.0,5.0,16.9,5.1,1.875142324129555,0.6566691141767574,0.8851337609468677,9700.483312771814,3.345142294615458,0.29599144527342636,1.020042773632868
1.78,299.730565284454,13.70405763952503,3.12,175.7,246.75,1327.26,702.47,UGC11914,31.0,5.0,16.9,5.1,1.875142324129555,0.6566691141767574,0.8851337609468677,9700.483312771814,3.345142294615458,0.29599144527342636,1.020042773632868
1.87,257.8520914688701,13.719911093898354,3.26,180.66,244.32,1279.15,628.74,UGC11914,31.0,5.0,16.9,5.1,1.875142324129555,0.6566691141767574,0.8851337609468677,9700.483312771814,3.345142294615458,0.29599144527342636,1.020042773632868
1.96,288.9497244387684,13.735502896655559,3.39,185.38,241.92,1232.78,572.76,UGC11914,31.0,5.0,16.9,5.1,1.875142324129555,0.6566691141767574,0.8851337609468677,9700.483312771814,3.345142294615458,0.29599144527342636,1.020042773632868
2.05,281.20461011818827,13.756993437196048,3.5,189.88,239.71,1188.09,519.08,UGC11914,31.0,5.0,16.9,5.1,1.875142324129555,0.6566691141767574,0.8851337609468677,9700.483312771814,3.345142294615458,0.29599144527342636,1.020042773632868
2.16,281.4154277641237,13.782496838323025,3.61,195.08,237.06,1135.66,458.42,UGC11914,31.0,5.0,16.9,5.1,1.875142324129555,0.6566691141767574,0.8851337609468677,9700.483312771814,3.345142294615458,0.29599144527342636,1.020042773632868
2.25,288.94591359980404,13.802414100311935,3.7,199.1,234.93,1094.49,420.15,UGC11914,31.0,5.0,16.9,5.1,1.875142324129555,0.6566691141767574,0.8851337609468677,9700.483312771814,3.345142294615458,0.29599144527342636,1.020042773632868
2.34,266.5271674869128,13.82342653399806,3.76,202.92,232.89,1054.8,389.55,UGC11914,31.0,5.0,16.9,5.1,1.875142324129555,0.6566691141767574,0.8851337609468677,9700.483312771814,3.345142294615458,0.29599144527342636,1.020042773632868
2.43,268.8353903005948,13.852048086538375,3.79,206.55,231.12,1016.61,360.37,UGC11914,31.0,5.0,16.9,5.1,1.875142324129555,0.6566691141767574,0.8851337609468677,9700.483312771814,3.345142294615458,0.29599144527342636,1.020042773632868
2.46,265.8279435497306,13.86446552752201,3.79,207.71,230.63,1004.15,346.65,UGC11914,31.0,5.0,16.9,5.1,1.875142324129555,0.6566691141767574,0.8851337609468677,9700.483312771814,3.345142294615458,0.29599144527342636,1.020042773632868
2.53,267.3341131326033,13.891024006164495,3.79,210.36,229.44,975.69,317.07,UGC11914,31.0,5.0,16.9,5.1,1.875142324129555,0.6566691141767574,0.8851337609468677,9700.483312771814,3.345142294615458,0.29599144527342636,1.020042773632868
2.62,277.0739513749602,13.922272931256693,3.8,213.61,227.9,940.34,283.46,UGC11914,31.0,5.0,16.9,5.1,1.875142324129555,0.6566691141767574,0.8851337609468677,9700.483312771814,3.345142294615458,0.29599144527342636,1.020042773632868
2.71,258.89540759158143,13.95799834655799,3.81,216.71,226.55,906.26,244.45,UGC11914,31.0,5.0,16.9,5.1,1.875142324129555,0.6566691141767574,0.8851337609468677,9700.483312771814,3.345142294615458,0.29599144527342636,1.020042773632868
2.8,265.10747162707725,13.986686637884464,3.84,219.64,225.09,873.37,204.32,UGC11914,31.0,5.0,16.9,5.1,1.875142324129555,0.6566691141767574,0.8851337609468677,9700.483312771814,3.345142294615458,0.29599144527342636,1.020042773632868
2.99,288.4978302835458,14.020042943491559,3.94,225.37,221.46,807.89,139.93,UGC11914,31.0,5.0,16.9,5.1,1.875142324129555,0.6566691141767574,0.8851337609468677,9700.483312771814,3.345142294615458,0.29599144527342636,1.020042773632868
3.28,279.4806243811272,14.023789528164807,4.12,233.01,215.11,716.23,77.11,UGC11914,31.0,5.0,16.9,5.1,1.875142324129555,0.6566691141767574,0.8851337609468677,9700.483312771814,3.345142294615458,0.29599144527342636,1.020042773632868
3.74,284.0410499963729,13.935224451521144,4.56,241.64,204.42,581.87,29.88,UGC11914,31.0,5.0,16.9,5.1,1.875142324129555,0.6566691141767574,0.8851337609468677,9700.483312771814,3.345142294615458,0.29599144527342636,1.020042773632868
3.83,251.91540264055166,13.909724802074766,4.69,242.91,202.36,560.67,24.89,UGC11914,31.0,5.0,16.9,5.1,1.875142324129555,0.6566691141767574,0.8851337609468677,9700.483312771814,3.345142294615458,0.29599144527342636,1.020042773632868
4.02,266.2883869233459,13.85753297014582,5.12,245.41,198.15,516.93,16.81,UGC11914,31.0,5.0,16.9,5.1,1.875142324129555,0.6566691141767574,0.8851337609468677,9700.483312771814,3.345142294615458,0.29599144527342636,1.020042773632868
4.09,269.02856196673395,13.835660048668528,5.35,246.19,196.62,500.74,14.54,UGC11914,31.0,5.0,16.9,5.1,1.875142324129555,0.6566691141767574,0.8851337609468677,9700.483312771814,3.345142294615458,0.29599144527342636,1.020042773632868
4.12,276.9720268464597,13.826109846190134,5.4,246.51,195.97,493.88,13.67,UGC11914,31.0,5.0,16.9,5.1,1.875142324129555,0.6566691141767574,0.8851337609468677,9700.483312771814,3.345142294615458,0.29599144527342636,1.020042773632868
4.3,267.150681783861,13.760924706325191,6.12,248.01,192.16,453.79,9.51,UGC11914,31.0,5.0,16.9,5.1,1.875142324129555,0.6566691141767574,0.8851337609468677,9700.483312771814,3.345142294615458,0.29599144527342636,1.020042773632868
4.39,287.25561602515774,13.722479855598664,6.56,248.54,190.25,435.97,7.86,UGC11914,31.0,5.0,16.9,5.1,1.875142324129555,0.6566691141767574,0.8851337609468677,9700.483312771814,3.345142294615458,0.29599144527342636,1.020042773632868
4.49,272.835493360139,13.681640311058528,7.04,249.06,188.24,417.35,6.39,UGC11914,31.0,5.0,16.9,5.1,1.875142324129555,0.6566691141767574,0.8851337609468677,9700.483312771814,3.345142294615458,0.29599144527342636,1.020042773632868
4.58,273.09995399568743,13.643391157372017,7.58,249.41,186.48,401.66,5.31,UGC11914,31.0,5.0,16.9,5.1,1.875142324129555,0.6566691141767574,0.8851337609468677,9700.483312771814,3.345142294615458,0.29599144527342636,1.020042773632868
4.87,270.54110052448016,13.51790463964862,9.59,250.14,181.04,356.31,2.93,UGC11914,31.0,5.0,16.9,5.1,1.875142324129555,0.6566691141767574,0.8851337609468677,9700.483312771814,3.345142294615458,0.29599144527342636,1.020042773632868
4.91,279.5637781781107,13.500288517237212,10.06,250.19,180.31,350.52,2.69,UGC11914,31.0,5.0,16.9,5.1,1.875142324129555,0.6566691141767574,0.8851337609468677,9700.483312771814,3.345142294615458,0.29599144527342636,1.020042773632868
4.96,263.20817416119013,13.478239554974898,10.42,250.25,179.41,343.49,2.43,UGC11914,31.0,5.0,16.9,5.1,1.875142324129555,0.6566691141767574,0.8851337609468677,9700.483312771814,3.345142294615458,0.29599144527342636,1.020042773632868
5.05,283.8954062180138,13.440493967888697,11.18,250.32,177.88,331.38,2.02,UGC11914,31.0,5.0,16.9,5.1,1.875142324129555,0.6566691141767574,0.8851337609468677,9700.483312771814,3.345142294615458,0.29599144527342636,1.020042773632868
5.14,274.1880002172603,13.40113464685876,12.03,250.34,176.33,319.97,1.69,UGC11914,31.0,5.0,16.9,5.1,1.875142324129555,0.6566691141767574,0.8851337609468677,9700.483312771814,3.345142294615458,0.29599144527342636,1.020042773632868
5.24,269.226087812372,13.358419886794195,12.78,250.33,174.68,307.99,1.37,UGC11914,31.0,5.0,16.9,5.1,1.875142324129555,0.6566691141767574,0.8851337609468677,9700.483312771814,3.345142294615458,0.29599144527342636,1.020042773632868
5.33,266.9415881372491,13.319284399488163,13.42,250.26,173.23,297.78,1.14,UGC11914,31.0,5.0,16.9,5.1,1.875142324129555,0.6566691141767574,0.8851337609468677,9700.483312771814,3.345142294615458,0.29599144527342636,1.020042773632868
5.42,272.5395383923242,13.281457176213847,14.16,250.17,171.83,288.19,0.94,UGC11914,31.0,5.0,16.9,5.1,1.875142324129555,0.6566691141767574,0.8851337609468677,9700.483312771814,3.345142294615458,0.29599144527342636,1.020042773632868
5.51,278.3083378751812,13.243071744482329,14.91,250.09,170.39,279.23,0.78,UGC11914,31.0,5.0,16.9,5.1,1.875142324129555,0.6566691141767574,0.8851337609468677,9700.483312771814,3.345142294615458,0.29599144527342636,1.020042773632868
5.61,276.5620676940394,13.203872140664036,15.66,250.01,168.9,270.01,0.64,UGC11914,31.0,5.0,16.9,5.1,1.875142324129555,0.6566691141767574,0.8851337609468677,9700.483312771814,3.345142294615458,0.29599144527342636,1.020042773632868
5.71,268.33032614378027,13.169030611005574,16.4,249.99,167.49,261.54,0.52,UGC11914,31.0,5.0,16.9,5.1,1.875142324129555,0.6566691141767574,0.8851337609468677,9700.483312771814,3.345142294615458,0.29599144527342636,1.020042773632868
5.8,274.2733219039338,13.137760062944228,17.15,249.96,166.22,253.28,0.43,UGC11914,31.0,5.0,16.9,5.1,1.875142324129555,0.6566691141767574,0.8851337609468677,9700.483312771814,3.345142294615458,0.29599144527342636,1.020042773632868
5.89,263.65490717211054,13.105190032800198,17.89,249.9,164.93,245.26,0.36,UGC11914,31.0,5.0,16.9,5.1,1.875142324129555,0.6566691141767574,0.8851337609468677,9700.483312771814,3.345142294615458,0.29599144527342636,1.020042773632868
5.98,277.8726500709247,13.074827818525641,18.64,249.84,163.71,237.48,0.3,UGC11914,31.0,5.0,16.9,5.1,1.875142324129555,0.6566691141767574,0.8851337609468677,9700.483312771814,3.345142294615458,0.29599144527342636,1.020042773632868
6.08,260.4567302356345,13.040184199527795,19.38,249.76,162.34,229.11,0.24,UGC11914,31.0,5.0,16.9,5.1,1.875142324129555,0.6566691141767574,0.8851337609468677,9700.483312771814,3.345142294615458,0.29599144527342636,1.020042773632868
6.15,233.34657577534264,13.018041219494723,20.02,249.7,161.44,223.42,0.21,UGC11914,31.0,5.0,16.9,5.1,1.875142324129555,0.6566691141767574,0.8851337609468677,9700.483312771814,3.345142294615458,0.29599144527342636,1.020042773632868
6.17,277.65503796720293,13.012305091472811,20.24,249.69,161.19,221.83,0.2,UGC11914,31.0,5.0,16.9,5.1,1.875142324129555,0.6566691141767574,0.8851337609468677,9700.483312771814,3.345142294615458,0.29599144527342636,1.020042773632868
6.26,261.06464646052444,12.983219605002668,21.09,249.61,160.0,214.79,0.17,UGC11914,31.0,5.0,16.9,5.1,1.875142324129555,0.6566691141767574,0.8851337609468677,9700.483312771814,3.345142294615458,0.29599144527342636,1.020042773632868
6.35,243.91007358554666,12.954011884001122,21.83,249.49,158.86,207.63,0.14,UGC11914,31.0,5.0,16.9,5.1,1.875142324129555,0.6566691141767574,0.8851337609468677,9700.483312771814,3.345142294615458,0.29599144527342636,1.020042773632868
6.73,253.98928308889566,12.826590874156459,24.6,248.66,154.26,178.26,0.06,UGC11914,31.0,5.0,16.9,5.1,1.875142324129555,0.6566691141767574,0.8851337609468677,9700.483312771814,3.345142294615458,0.29599144527342636,1.020042773632868
6.83,244.51462942823665,12.790986645093234,25.24,248.3,153.14,170.86,0.05,UGC11914,31.0,5.0,16.9,5.1,1.875142324129555,0.6566691141767574,0.8851337609468677,9700.483312771814,3.345142294615458,0.29599144527342636,1.020042773632868
6.92,281.95621302768296,12.758078809911671,25.88,247.92,152.15,164.37,0.04,UGC11914,31.0,5.0,16.9,5.1,1.875142324129555,0.6566691141767574,0.8851337609468677,9700.483312771814,3.345142294615458,0.29599144527342636,1.020042773632868
7.37,257.9136481647548,12.582574511428552,28.33,245.58,147.41,136.76,0.02,UGC11914,31.0,5.0,16.9,5.1,1.875142324129555,0.6566691141767574,0.8851337609468677,9700.483312771814,3.345142294615458,0.29599144527342636,1.020042773632868
8.6,221.2952842020339,12.00650080951464,31.2,235.09,136.47,77.68,0.0,UGC11914,31.0,5.0,16.9,5.1,1.875142324129555,0.6566691141767574,0.8851337609468677,9700.483312771814,3.345142294615458,0.29599144527342636,1.020042773632868
9.83,233.63934753454345,11.371433680834347,29.29,222.03,127.66,54.07,0.0,UGC11914,31.0,5.0,16.9,5.1,1.875142324129555,0.6566691141767574,0.8851337609468677,9700.483312771814,3.345142294615458,0.29599144527342636,1.020042773632868
1.5,121.43121219960761,6.051629815382568,3.86,179.05,0.0,1392.39,0.0,NGC0289,46.0,5.0,20.8,5.2,1.5566943953043257,0.45613774251806477,1.0883695270862614,13397.613101875628,58.61974727535061,0.3543671871914964,0.7281640640425179
2.52,150.48773038450778,7.657639925580688,5.64,226.49,0.0,684.62,0.0,NGC0289,46.0,5.0,20.8,5.2,1.5566943953043257,0.45613774251806477,1.0883695270862614,13397.613101875628,58.61974727535061,0.3543671871914964,0.7281640640425179
3.46,143.04360372840537,7.30432404646194,6.85,215.85,0.0,390.61,0.0,NGC0289,46.0,5.0,20.8,5.2,1.5566943953043257,0.45613774251806477,1.0883695270862614,13397.613101875628,58.61974727535061,0.3543671871914964,0.7281640640425179
4.32,133.43203936161697,7.471517232671491,7.4,220.68,0.0,299.95,0.0,NGC0289,46.0,5.0,20.8,5.2,1.5566943953043257,0.45613774251806477,1.0883695270862614,13397.613101875628,58.61974727535061,0.3543671871914964,0.7281640640425179
5.43,153.3238102982098,7.5060087780778035,6.0,221.66,0.0,148.1,0.0,NGC0289,46.0,5.0,20.8,5.2,1.5566943953043257,0.45613774251806477,1.0883695270862614,13397.613101875628,58.61974727535061,0.3543671871914964,0.7281640640425179
6.38,155.36672925153374,7.168562498853536,4.74,211.57,0.0,68.44,0.0,NGC0289,46.0,5.0,20.8,5.2,1.5566943953043257,0.45613774251806477,1.0883695270862614,13397.613101875628,58.61974727535061,0.3543671871914964,0.7281640640425179
7.57,121.69403411409533,6.726790352719938,7.37,198.06,0.0,40.47,0.0,NGC0289,46.0,5.0,20.8,5.2,1.5566943953043257,0.45613774251806477,1.0883695270862614,13397.613101875628,58.61974727535061,0.3543671871914964,0.7281640640425179
10.6,125.52166596207405,5.928881004485457,21.99,170.85,0.0,14.69,0.0,NGC0289,46.0,5.0,20.8,5.2,1.5566943953043257,0.45613774251806477,1.0883695270862614,13397.613101875628,58.61974727535061,0.3543671871914964,0.7281640640425179
13.57,106.23204478734617,5.467062777286068,32.44,151.82,0.0,5.42,0.0,NGC0289,46.0,5.0,20.8,5.2,1.5566943953043257,0.45613774251806477,1.0883695270862614,13397.613101875628,58.61974727535061,0.3543671871914964,0.7281640640425179
16.64,114.50773381745732,5.1236165737006925,38.81,136.17,0.0,3.34,0.0,NGC0289,46.0,5.0,20.8,5.2,1.5566943953043257,0.45613774251806477,1.0883695270862614,13397.613101875628,58.61974727535061,0.3543671871914964,0.7281640640425179
19.71,101.46590599910246,4.965055131662668,42.5,127.01,0.0,3.06,0.0,NGC0289,46.0,5.0,20.8,5.2,1.5566943953043257,0.45613774251806477,1.0883695270862614,13397.613101875628,58.61974727535061,0.3543671871914964,0.7281640640425179
22.68,98.20912644819822,4.957013678317731,49.56,119.49,0.0,1.47,0.0,NGC0289,46.0,5.0,20.8,5.2,1.5566943953043257,0.45613774251806477,1.0883695270862614,13397.613101875628,58.61974727535061,0.3543671871914964,0.7281640640425179
25.75,104.06630982927034,4.930794950009789,54.94,111.5,0.0,0.76,0.0,NGC0289,46.0,5.0,20.8,5.2,1.5566943953043257,0.45613774251806477,1.0883695270862614,13397.613101875628,58.61974727535061,0.3543671871914964,0.7281640640425179
28.72,99.4409384639124,4.84462635830948,55.53,105.68,0.0,0.64,0.0,NGC0289,46.0,5.0,20.8,5.2,1.5566943953043257,0.45613774251806477,1.0883695270862614,13397.613101875628,58.61974727535061,0.3543671871914964,0.7281640640425179
31.79,95.5412140118665,4.922890495244064,60.71,100.59,0.0,0.4,0.0,NGC0289,46.0,5.0,20.8,5.2,1.5566943953043257,0.45613774251806477,1.0883695270862614,13397.613101875628,58.61974727535061,0.3543671871914964,0.7281640640425179
34.77,104.11471663760504,5.027215162579107,65.78,96.09,0.0,0.25,0.0,NGC0289,46.0,5.0,20.8,5.2,1.5566943953043257,0.45613774251806477,1.0883695270862614,13397.613101875628,58.61974727535061,0.3543671871914964,0.7281640640425179
37.84,98.26320171084943,5.04190406477019,67.48,92.02,0.0,0.16,0.0,NGC0289,46.0,5.0,20.8,5.2,1.5566943953043257,0.45613774251806477,1.0883695270862614,13397.613101875628,58.61974727535061,0.3543671871914964,0.7281640640425179
40.81,92.02334433500313,5.05303152033608,68.67,88.49,0.0,0.1,0.0,NGC0289,46.0,5.0,20.8,5.2,1.5566943953043257,0.45613774251806477,1.0883695270862614,13397.613101875628,58.61974727535061,0.3543671871914964,0.7281640640425179
43.88,110.5419945115763,5.017431039117408,68.27,85.15,0.0,0.06,0.0,NGC0289,46.0,5.0,20.8,5.2,1.5566943953043257,0.45613774251806477,1.0883695270862614,13397.613101875628,58.61974727535061,0.3543671871914964,0.7281640640425179
46.85,97.61015794179087,4.967332675037324,67.18,82.29,0.0,0.04,0.0,NGC0289,46.0,5.0,20.8,5.2,1.5566943953043257,0.45613774251806477,1.0883695270862614,13397.613101875628,58.61974727535061,0.3543671871914964,0.7281640640425179
49.92,95.39505827823812,4.919556864283362,65.98,79.64,0.0,0.03,0.0,NGC0289,46.0,5.0,20.8,5.2,1.5566943953043257,0.45613774251806477,1.0883695270862614,13397.613101875628,58.61974727535061,0.3543671871914964,0.7281640640425179
52.99,99.38607990184674,4.886544965400046,65.09,77.21,0.0,0.02,0.0,NGC0289,46.0,5.0,20.8,5.2,1.5566943953043257,0.45613774251806477,1.0883695270862614,13397.613101875628,58.61974727535061,0.3543671871914964,0.7281640640425179
55.96,89.62399489814929,4.86020638022457,64.29,75.06,0.0,0.01,0.0,NGC0289,46.0,5.0,20.8,5.2,1.5566943953043257,0.45613774251806477,1.0883695270862614,13397.613101875628,58.61974727535061,0.3543671871914964,0.7281640640425179
59.03,89.63018099916152,4.806830185166016,62.6,72.97,0.0,0.01,0.0,NGC0289,46.0,5.0,20.8,5.2,1.5566943953043257,0.45613774251806477,1.0883695270862614,13397.613101875628,58.61974727535061,0.3543671871914964,0.7281640640425179
62.0,92.08337939086704,4.722139028690919,59.81,71.15,0.0,0.0,0.0,NGC0289,46.0,5.0,20.8,5.2,1.5566943953043257,0.45613774251806477,1.0883695270862614,13397.613101875628,58.61974727535061,0.3543671871914964,0.7281640640425179
65.07,90.49395068620929,4.645413673643022,57.13,69.42,0.0,0.0,0.0,NGC0289,46.0,5.0,20.8,5.2,1.5566943953043257,0.45613774251806477,1.0883695270862614,13397.613101875628,58.61974727535061,0.3543671871914964,0.7281640640425179
68.05,92.18366862919764,4.592675227416679,55.14,67.85,0.0,0.0,0.0,NGC0289,46.0,5.0,20.8,5.2,1.5566943953043257,0.45613774251806477,1.0883695270862614,13397.613101875628,58.61974727535061,0.3543671871914964,0.7281640640425179
71.12,96.00494303323048,4.545138156899004,53.24,66.34,0.0,0.0,0.0,NGC0289,46.0,5.0,20.8,5.2,1.5566943953043257,0.45613774251806477,1.0883695270862614,13397.613101875628,58.61974727535061,0.3543671871914964,0.7281640640425179
0.11,18.91527929339065,0.9350827147900018,0.65,27.23,0.0,1208.98,0.0,NGC7793,47.0,9.0,3.61,0.18,0.5471591213274175,0.44829852198379316,0.7841116153725023,4149.585276991153,2.2398897187487545,0.5394284335568555,-0.19714216778427757
0.14,19.656056835820205,1.031416999800568,0.65,29.91,0.0,1005.64,0.0,NGC7793,47.0,9.0,3.61,0.18,0.5471591213274175,0.44829852198379316,0.7841116153725023,4149.585276991153,2.2398897187487545,0.5394284335568555,-0.19714216778427757
0.17,23.564589161648126,1.1187192574094398,0.65,32.32,0.0,927.7,0.0,NGC7793,47.0,9.0,3.61,0.18,0.5471591213274175,0.44829852198379316,0.7841116153725023,4149.585276991153,2.2398897187487545,0.5394284335568555,-0.19714216778427757
0.21,25.31353608522112,1.2375177149603631,0.65,35.62,0.0,855.59,0.0,NGC7793,47.0,9.0,3.61,0.18,0.5471591213274175,0.44829852198379316,0.7841116153725023,4149.585276991153,2.2398897187487545,0.5394284335568555,-0.19714216778427757
0.24,26.476069771792297,1.3227119791011113,0.74,37.98,0.0,779.54,0.0,NGC7793,47.0,9.0,3.61,0.18,0.5471591213274175,0.44829852198379316,0.7841116153725023,4149.585276991153,2.2398897187487545,0.5394284335568555,-0.19714216778427757
0.28,26.522245271164497,1.4213193131425685,0.9,40.67,0.0,719.48,0.0,NGC7793,47.0,9.0,3.61,0.18,0.5471591213274175,0.44829852198379316,0.7841116153725023,4149.585276991153,2.2398897187487545,0.5394284335568555,-0.19714216778427757
0.32,30.46441578210865,1.5144378062691508,1.05,43.2,0.0,673.21,0.0,NGC7793,47.0,9.0,3.61,0.18,0.5471591213274175,0.44829852198379316,0.7841116153725023,4149.585276991153,2.2398897187487545,0.5394284335568555,-0.19714216778427757
0.35,30.432555974828023,1.5823116263651171,1.21,45.04,0.0,639.89,0.0,NGC7793,47.0,9.0,3.61,0.18,0.5471591213274175,0.44829852198379316,0.7841116153725023,4149.585276991153,2.2398897187487545,0.5394284335568555,-0.19714216778427757
0.39,34.521312906789134,1.6672160336726618,1.36,47.33,0.0,592.88,0.0,NGC7793,47.0,9.0,3.61,0.18,0.5471591213274175,0.44829852198379316,0.7841116153725023,4149.585276991153,2.2398897187487545,0.5394284335568555,-0.19714216778427757
0.42,34.31002200576142,1.725797770877521,1.52,48.89,0.0,570.71,0.0,NGC7793,47.0,9.0,3.61,0.18,0.5471591213274175,0.44829852198379316,0.7841116153725023,4149.585276991153,2.2398897187487545,0.5394284335568555,-0.19714216778427757
0.46,34.62385431083125,1.8044859323386735,1.67,51.0,0.0,547.08,0.0,NGC7793,47.0,9.0,3.61,0.18,0.5471591213274175,0.44829852198379316,0.7841116153725023,4149.585276991153,2.2398897187487545,0.5394284335568555,-0.19714216778427757
0.49,39.00486658390343,1.8639857218799152,1.83,52.6,0.0,532.24,0.0,NGC7793,47.0,9.0,3.61,0.18,0.5471591213274175,0.44829852198379316,0.7841116153725023,4149.585276991153,2.2398897187487545,0.5394284335568555,-0.19714216778427757
0.53,40.30443959418419,1.9450508595274496,1.99,54.8,0.0,510.29,0.0,NGC7793,47.0,9.0,3.61,0.18,0.5471591213274175,0.44829852198379316,0.7841116153725023,4149.585276991153,2.2398897187487545,0.5394284335568555,-0.19714216778427757
0.56,38.78912891614911,1.9987490442835085,2.12,56.23,0.0,470.53,0.0,NGC7793,47.0,9.0,3.61,0.18,0.5471591213274175,0.44829852198379316,0.7841116153725023,4149.585276991153,2.2398897187487545,0.5394284335568555,-0.19714216778427757
0.6,43.42710738887551,2.0521241032400126,2.23,57.57,0.0,435.19,0.0,NGC7793,47.0,9.0,3.61,0.18,0.5471591213274175,0.44829852198379316,0.7841116153725023,4149.585276991153,2.2398897187487545,0.5394284335568555,-0.19714216778427757
0.63,41.190565642374864,2.0907212870868057,2.35,58.53,0.0,427.73,0.0,NGC7793,47.0,9.0,3.61,0.18,0.5471591213274175,0.44829852198379316,0.7841116153725023,4149.585276991153,2.2398897187487545,0.5394284335568555,-0.19714216778427757
0.66,41.987718714798724,2.1323468594423978,2.47,59.59,0.0,418.4,0.0,NGC7793,47.0,9.0,3.61,0.18,0.5471591213274175,0.44829852198379316,0.7841116153725023,4149.585276991153,2.2398897187487545,0.5394284335568555,-0.19714216778427757
0.7,44.06990121979723,2.189939222420888,2.59,61.08,0.0,407.7,0.0,NGC7793,47.0,9.0,3.61,0.18,0.5471591213274175,0.44829852198379316,0.7841116153725023,4149.585276991153,2.2398897187487545,0.5394284335568555,-0.19714216778427757
0.87,46.02651972034614,2.3913152130553335,3.18,66.09,0.0,332.63,0.0,NGC7793,47.0,9.0,3.61,0.18,0.5471591213274175,0.44829852198379316,0.7841116153725023,4149.585276991153,2.2398897187487545,0.5394284335568555,-0.19714216778427757
1.05,49.82223945410787,2.5473628261129226,3.96,69.65,0.0,278.38,0.0,NGC7793,47.0,9.0,3.61,0.18,0.5471591213274175,0.44829852198379316,0.7841116153725023,4149.585276991153,2.2398897187487545,0.5394284335568555,-0.19714216778427757
1.22,53.06690865050463,2.6748079954114505,5.5,72.34,0.0,246.3,0.0,NGC7793,47.0,9.0,3.61,0.18,0.5471591213274175,0.44829852198379316,0.7841116153725023,4149.585276991153,2.2398897187487545,0.5394284335568555,-0.19714216778427757
1.4,60.60916247859079,2.8150657588385295,7.05,75.45,0.0,231.32,0.0,NGC7793,47.0,9.0,3.61,0.18,0.5471591213274175,0.44829852198379316,0.7841116153725023,4149.585276991153,2.2398897187487545,0.5394284335568555,-0.19714216778427757
1.57,63.683732703815494,2.962082334742602,8.58,78.94,0.0,213.33,0.0,NGC7793,47.0,9.0,3.61,0.18,0.5471591213274175,0.44829852198379316,0.7841116153725023,4149.585276991153,2.2398897187487545,0.5394284335568555,-0.19714216778427757
1.75,61.52251615457527,3.116463788025724,10.09,82.71,0.0,201.89,0.0,NGC7793,47.0,9.0,3.61,0.18,0.5471591213274175,0.44829852198379316,0.7841116153725023,4149.585276991153,2.2398897187487545,0.5394284335568555,-0.19714216778427757
1.92,71.27338509163147,3.298100017565294,11.55,87.55,0.0,189.35,0.0,NGC7793,47.0,9.0,3.61,0.18,0.5471591213274175,0.44829852198379316,0.7841116153725023,4149.585276991153,2.2398897187487545,0.5394284335568555,-0.19714216778427757
2.1,69.42873631436005,3.4789664733016035,13.06,92.38,0.0,166.62,0.0,NGC7793,47.0,9.0,3.61,0.18,0.5471591213274175,0.44829852198379316,0.7841116153725023,4149.585276991153,2.2398897187487545,0.5394284335568555,-0.19714216778427757
2.27,73.81050046428476,3.621609297160155,14.78,95.96,0.0,136.43,0.0,NGC7793,47.0,9.0,3.61,0.18,0.5471591213274175,0.44829852198379316,0.7841116153725023,4149.585276991153,2.2398897187487545,0.5394284335568555,-0.19714216778427757
2.45,76.67599561679197,3.6715928768100192,16.4,96.45,0.0,101.1,0.0,NGC7793,47.0,9.0,3.61,0.18,0.5471591213274175,0.44829852198379316,0.7841116153725023,4149.585276991153,2.2398897187487545,0.5394284335568555,-0.19714216778427757
2.62,74.94911727090937,3.693521615602459,18.13,95.98,0.0,91.89,0.0,NGC7793,47.0,9.0,3.61,0.18,0.5471591213274175,0.44829852198379316,0.7841116153725023,4149.585276991153,2.2398897187487545,0.5394284335568555,-0.19714216778427757
2.79,83.8885855694228,3.742489568243263,20.29,96.23,0.0,81.24,0.0,NGC7793,47.0,9.0,3.61,0.18,0.5471591213274175,0.44829852198379316,0.7841116153725023,4149.585276991153,2.2398897187487545,0.5394284335568555,-0.19714216778427757
2.97,76.84815348266274,3.796217892523792,22.34,96.64,0.0,70.11,0.0,NGC7793,47.0,9.0,3.61,0.18,0.5471591213274175,0.44829852198379316,0.7841116153725023,4149.585276991153,2.2398897187487545,0.5394284335568555,-0.19714216778427757
3.16,72.12685655403864,3.8360430210694108,24.5,96.45,0.0,55.69,0.0,NGC7793,47.0,9.0,3.61,0.18,0.5471591213274175,0.44829852198379316,0.7841116153725023,4149.585276991153,2.2398897187487545,0.5394284335568555,-0.19714216778427757
3.33,81.97638714938591,3.847668387497601,26.22,95.51,0.0,46.58,0.0,NGC7793,47.0,9.0,3.61,0.18,0.5471591213274175,0.44829852198379316,0.7841116153725023,4149.585276991153,2.2398897187487545,0.5394284335568555,-0.19714216778427757
3.51,75.52844610369621,3.8558653729901327,27.95,94.38,0.0,39.61,0.0,NGC7793,47.0,9.0,3.61,0.18,0.5471591213274175,0.44829852198379316,0.7841116153725023,4149.585276991153,2.2398897187487545,0.5394284335568555,-0.19714216778427757
3.68,76.14882805709983,3.866264359378297,29.68,93.3,0.0,34.08,0.0,NGC7793,47.0,9.0,3.61,0.18,0.5471591213274175,0.44829852198379316,0.7841116153725023,4149.585276991153,2.2398897187487545,0.5394284335568555,-0.19714216778427757
3.85,65.43788710482272,3.8474029019209874,29.78,92.28,0.0,29.83,0.0,NGC7793,47.0,9.0,3.61,0.18,0.5471591213274175,0.44829852198379316,0.7841116153725023,4149.585276991153,2.2398897187487545,0.5394284335568555,-0.19714216778427757
4.03,80.38620928943489,3.827735025085742,30.0,91.15,0.0,24.84,0.0,NGC7793,47.0,9.0,3.61,0.18,0.5471591213274175,0.44829852198379316,0.7841116153725023,4149.585276991153,2.2398897187487545,0.5394284335568555,-0.19714216778427757
4.2,79.10642346590083,3.7998230756208056,30.11,89.82,0.0,20.34,0.0,NGC7793,47.0,9.0,3.61,0.18,0.5471591213274175,0.44829852198379316,0.7841116153725023,4149.585276991153,2.2398897187487545,0.5394284335568555,-0.19714216778427757
4.38,78.46216500465711,3.7723973048403145,30.65,88.18,0.0,17.27,0.0,NGC7793,47.0,9.0,3.61,0.18,0.5471591213274175,0.44829852198379316,0.7841116153725023,4149.585276991153,2.2398897187487545,0.5394284335568555,-0.19714216778427757
4.73,78.37292193876767,3.7358854779211725,31.83,85.52,0.0,14.11,0.0,NGC7793,47.0,9.0,3.61,0.18,0.5471591213274175,0.44829852198379316,0.7841116153725023,4149.585276991153,2.2398897187487545,0.5394284335568555,-0.19714216778427757
5.25,80.22326484401715,3.698458535466147,33.35,82.4,0.0,8.84,0.0,NGC7793,47.0,9.0,3.61,0.18,0.5471591213274175,0.44829852198379316,0.7841116153725023,4149.585276991153,2.2398897187487545,0.5394284335568555,-0.19714216778427757
5.78,72.13078254555917,3.614853624816241,34.64,77.56,0.0,3.77,0.0,NGC7793,47.0,9.0,3.61,0.18,0.5471591213274175,0.44829852198379316,0.7841116153725023,4149.585276991153,2.2398897187487545,0.5394284335568555,-0.19714216778427757
6.3,74.10729698089939,3.539433296401178,34.75,74.17,0.0,4.92,0.0,NGC7793,47.0,9.0,3.61,0.18,0.5471591213274175,0.44829852198379316,0.7841116153725023,4149.585276991153,2.2398897187487545,0.5394284335568555,-0.19714216778427757
6.82,66.80539747345098,3.4693000484569043,33.99,71.94,0.0,2.59,0.0,NGC7793,47.0,9.0,3.61,0.18,0.5471591213274175,0.44829852198379316,0.7841116153725023,4149.585276991153,2.2398897187487545,0.5394284335568555,-0.19714216778427757
7.35,66.22962265147584,3.371116380864784,32.7,69.09,0.0,1.7,0.0,NGC7793,47.0,9.0,3.61,0.18,0.5471591213274175,0.44829852198379316,0.7841116153725023,4149.585276991153,2.2398897187487545,0.5394284335568555,-0.19714216778427757
7.87,69.02234817897654,3.277918714612172,30.97,66.92,0.0,0.0,0.0,NGC7793,47.0,9.0,3.61,0.18,0.5471591213274175,0.44829852198379316,0.7841116153725023,4149.585276991153,2.2398897187487545,0.5394284335568555,-0.19714216778427757
0.36,26.52910878465395,1.3830690392717677,2.75,5.37,0.0,14.8,0.0,UGC05764,60.0,10.0,7.47,2.24,-1.3716110699496884,0.5471197436297097,0.5149398720379648,7060.545014172794,0.9471844636073422,0.8911645365338396,-1.9558226826691982
0.73,38.39159758854186,1.8787833161985334,6.05,10.22,0.0,11.43,0.0,UGC05764,60.0,10.0,7.47,2.24,-1.3716110699496884,0.5471197436297097,0.5149398720379648,7060.545014172794,0.9471844636073422,0.8911645365338396,-1.9558226826691982
1.09,41.09352345421155,2.0970904239422747,9.4,11.44,0.0,3.66,0.0,UGC05764,60.0,10.0,7.47,2.24,-1.3716110699496884,0.5471197436297097,0.5149398720379648,7060.545014172794,0.9471844636073422,0.8911645365338396,-1.9558226826691982
1.45,40.515628081330256,2.198410451311607,12.81,11.24,0.0,2.65,0.0,UGC05764,60.0,10.0,7.47,2.24,-1.3716110699496884,0.5471197436297097,0.5149398720379648,7060.545014172794,0.9471844636073422,0.8911645365338396,-1.9558226826691982
1.81,42.604884903417556,2.2555580043129884,16.05,11.43,0.0,2.03,0.0,UGC05764,60.0,10.0,7.47,2.24,-1.3716110699496884,0.5471197436297097,0.5149398720379648,7060.545014172794,0.9471844636073422,0.8911645365338396,-1.9558226826691982
2.17,49.62290387735619,2.279503706520486,18.46,11.43,0.0,1.59,0.0,UGC05764,60.0,10.0,7.47,2.24,-1.3716110699496884,0.5471197436297097,0.5149398720379648,7060.545014172794,0.9471844636073422,0.8911645365338396,-1.9558226826691982
2.54,42.122229210902915,2.2787161066236394,20.04,11.39,0.0,1.06,0.0,UGC05764,60.0,10.0,7.47,2.24,-1.3716110699496884,0.5471197436297097,0.5149398720379648,7060.545014172794,0.9471844636073422,0.8911645365338396,-1.9558226826691982
2.9,45.63281969084553,2.2565032911214673,20.71,11.38,0.0,0.81,0.0,UGC05764,60.0,10.0,7.47,2.24,-1.3716110699496884,0.5471197436297097,0.5149398720379648,7060.545014172794,0.9471844636073422,0.8911645365338396,-1.9558226826691982
3.26,45.481072805121755,2.2067418445743763,20.29,11.12,0.0,0.56,0.0,UGC05764,60.0,10.0,7.47,2.24,-1.3716110699496884,0.5471197436297097,0.5149398720379648,7060.545014172794,0.9471844636073422,0.8911645365338396,-1.9558226826691982
3.62,44.455858571286484,2.153953746513865,19.63,11.17,0.0,0.44,0.0,UGC05764,60.0,10.0,7.47,2.24,-1.3716110699496884,0.5471197436297097,0.5149398720379648,7060.545014172794,0.9471844636073422,0.8911645365338396,-1.9558226826691982
0.14,4.8582677185673315,0.25100789909029375,-0.97,4.32,0.0,79.35,0.0,UGC04278,90.0,3.0,9.51,2.85,-0.1847544080834369,0.37707074452942396,0.6500461988285358,7785.629051022455,5.677053649003628,0.6735979207218378,-0.8679896036091889
0.42,10.752632498842301,0.5708394842500407,0.23,11.34,0.0,66.89,0.0,UGC04278,90.0,3.0,9.51,2.85,-0.1847544080834369,0.37707074452942396,0.6500461988285358,7785.629051022455,5.677053649003628,0.6735979207218378,-0.8679896036091889
0.69,17.822375527363697,0.8485805352071154,3.77,17.59,0.0,63.43,0.0,UGC04278,90.0,3.0,9.51,2.85,-0.1847544080834369,0.37707074452942396,0.6500461988285358,7785.629051022455,5.677053649003628,0.6735979207218378,-0.8679896036091889
0.97,23.13009097089569,1.0959451591242393,5.25,23.49,0.0,52.56,0.0,UGC04278,90.0,3.0,9.51,2.85,-0.1847544080834369,0.37707074452942396,0.6500461988285358,7785.629051022455,5.677053649003628,0.6735979207218378,-0.8679896036091889
1.25,26.17575566114707,1.2850104283685537,5.18,27.96,0.0,40.76,0.0,UGC04278,90.0,3.0,9.51,2.85,-0.1847544080834369,0.37707074452942396,0.6500461988285358,7785.629051022455,5.677053649003628,0.6735979207218378,-0.8679896036091889
1.52,26.589401019222052,1.3712087652323364,-5.25,30.3,0.0,26.46,0.0,UGC04278,90.0,3.0,9.51,2.85,-0.1847544080834369,0.37707074452942396,0.6500461988285358,7785.629051022455,5.677053649003628,0.6735979207218378,-0.8679896036091889
1.8,28.866002203002637,1.414531256375646,-9.36,30.65,0.0,21.33,0.0,UGC04278,90.0,3.0,9.51,2.85,-0.1847544080834369,0.37707074452942396,0.6500461988285358,7785.629051022455,5.677053649003628,0.6735979207218378,-0.8679896036091889
2.07,30.19256902331154,1.501422374383429,-9.36,30.82,0.0,17.73,0.0,UGC04278,90.0,3.0,9.51,2.85,-0.1847544080834369,0.37707074452942396,0.6500461988285358,7785.629051022455,5.677053649003628,0.6735979207218378,-0.8679896036091889
2.35,33.51361926353795,1.6083221264917662,-7.81,31.07,0.0,15.71,0.0,UGC04278,90.0,3.0,9.51,2.85,-0.1847544080834369,0.37707074452942396,0.6500461988285358,7785.629051022455,5.677053649003628,0.6735979207218378,-0.8679896036091889
2.63,32.0481283044454,1.7091526521482387,-5.6,31.29,0.0,14.32,0.0,UGC04278,90.0,3.0,9.51,2.85,-0.1847544080834369,0.37707074452942396,0.6500461988285358,7785.629051022455,5.677053649003628,0.6735979207218378,-0.8679896036091889
2.91,36.10595366478529,1.7948640691112943,-4.88,31.96,0.0,13.15,0.0,UGC04278,90.0,3.0,9.51,2.85,-0.1847544080834369,0.37707074452942396,0.6500461988285358,7785.629051022455,5.677053649003628,0.6735979207218378,-0.8679896036091889
3.19,36.93710375236643,1.86166133848897,-6.06,32.66,0.0,11.82,0.0,UGC04278,90.0,3.0,9.51,2.85,-0.1847544080834369,0.37707074452942396,0.6500461988285358,7785.629051022455,5.677053649003628,0.6735979207218378,-0.8679896036091889
3.46,36.19191246255645,1.9158976438430206,-7.65,33.34,0.0,10.46,0.0,UGC04278,90.0,3.0,9.51,2.85,-0.1847544080834369,0.37707074452942396,0.6500461988285358,7785.629051022455,5.677053649003628,0.6735979207218378,-0.8679896036091889
3.74,39.7320395533158,1.9654101151309178,-8.9,33.79,0.0,9.02,0.0,UGC04278,90.0,3.0,9.51,2.85,-0.1847544080834369,0.37707074452942396,0.6500461988285358,7785.629051022455,5.677053649003628,0.6735979207218378,-0.8679896036091889
4.01,40.27459134948699,2.010219940975372,-9.52,33.93,0.0,7.85,0.0,UGC04278,90.0,3.0,9.51,2.85,-0.1847544080834369,0.37707074452942396,0.6500461988285358,7785.629051022455,5.677053649003628,0.6735979207218378,-0.8679896036091889
4.29,40.171972035649745,2.050674198317512,-10.37,34.12,0.0,7.26,0.0,UGC04278,90.0,3.0,9.51,2.85,-0.1847544080834369,0.37707074452942396,0.6500461988285358,7785.629051022455,5.677053649003628,0.6735979207218378,-0.8679896036091889
4.57,43.22195583810382,2.119135855716301,-8.76,34.51,0.0,6.6,0.0,UGC04278,90.0,3.0,9.51,2.85,-0.1847544080834369,0.37707074452942396,0.6500461988285358,7785.629051022455,5.677053649003628,0.6735979207218378,-0.8679896036091889
4.85,41.09389488067277,2.2115841963731784,1.41,34.99,0.0,5.83,0.0,UGC04278,90.0,3.0,9.51,2.85,-0.1847544080834369,0.37707074452942396,0.6500461988285358,7785.629051022455,5.677053649003628,0.6735979207218378,-0.8679896036091889
5.13,45.88679935708923,2.300510142316619,9.52,35.27,0.0,4.74,0.0,UGC04278,90.0,3.0,9.51,2.85,-0.1847544080834369,0.37707074452942396,0.6500461988285358,7785.629051022455,5.677053649003628,0.6735979207218378,-0.8679896036091889
5.4,49.797780275038924,2.437314415487024,17.13,35.21,0.0,4.0,0.0,UGC04278,90.0,3.0,9.51,2.85,-0.1847544080834369,0.37707074452942396,0.6500461988285358,7785.629051022455,5.677053649003628,0.6735979207218378,-0.8679896036091889
5.68,52.84774410415067,2.6053883640700968,23.98,35.26,0.0,3.57,0.0,UGC04278,90.0,3.0,9.51,2.85,-0.1847544080834369,0.37707074452942396,0.6500461988285358,7785.629051022455,5.677053649003628,0.6735979207218378,-0.8679896036091889
5.86,56.97583259171437,2.703296459017946,27.31,35.38,0.0,3.09,0.0,UGC04278,90.0,3.0,9.51,2.85,-0.1847544080834369,0.37707074452942396,0.6500461988285358,7785.629051022455,5.677053649003628,0.6735979207218378,-0.8679896036091889
6.36,56.45230334512392,3.002959806418839,36.83,34.91,0.0,1.48,0.0,UGC04278,90.0,3.0,9.51,2.85,-0.1847544080834369,0.37707074452942396,0.6500461988285358,7785.629051022455,5.677053649003628,0.6735979207218378,-0.8679896036091889
6.51,56.89885932576831,3.076924691832591,39.02,34.54,0.0,1.14,0.0,UGC04278,90.0,3.0,9.51,2.85,-0.1847544080834369,0.37707074452942396,0.6500461988285358,7785.629051022455,5.677053649003628,0.6735979207218378,-0.8679896036091889
6.69,62.141315347928675,3.0703645118393714,38.64,34.02,0.0,0.79,0.0,UGC04278,90.0,3.0,9.51,2.85,-0.1847544080834369,0.37707074452942396,0.6500461988285358,7785.629051022455,5.677053649003628,0.6735979207218378,-0.8679896036091889
0.63,24.826624508967218,1.1932418065961408,-2.24,7.48,0.0,16.55,0.0,UGC05829,34.0,10.0,8.64,2.59,-0.549750891680639,0.55524576796666,1.1404609498496363,7591.44741551137,2.0456665465606716,0.7405066320018129,-1.2025331600090645
1.26,33.29210950471817,1.7380947408615357,-3.7,13.07,0.0,13.49,0.0,UGC05829,34.0,10.0,8.64,2.59,-0.549750891680639,0.55524576796666,1.1404609498496363,7591.44741551137,2.0456665465606716,0.7405066320018129,-1.2025331600090645
1.88,38.35049455076659,2.0714137801846286,3.88,16.73,0.0,9.83,0.0,UGC05829,34.0,10.0,8.64,2.59,-0.549750891680639,0.55524576796666,1.1404609498496363,7591.44741551137,2.0456665465606716,0.7405066320018129,-1.2025331600090645
2.52,50.61747788554266,2.238809856032906,-2.84,19.07,0.0,6.78,0.0,UGC05829,34.0,10.0,8.64,2.59,-0.549750891680639,0.55524576796666,1.1404609498496363,7591.44741551137,2.0456665465606716,0.7405066320018129,-1.2025331600090645
3.14,48.79421849551712,2.4006020707516122,11.17,20.36,0.0,4.99,0.0,UGC05829,34.0,10.0,8.64,2.59,-0.549750891680639,0.55524576796666,1.1404609498496363,7591.44741551137,2.0456665465606716,0.7405066320018129,-1.2025331600090645
3.77,52.436173005731625,2.5313202014209684,17.24,21.25,0.0,3.62,0.0,UGC05829,34.0,10.0,8.64,2.59,-0.549750891680639,0.55524576796666,1.1404609498496363,7591.44741551137,2.0456665465606716,0.7405066320018129,-1.2025331600090645
4.4,53.60095273239727,2.6066001285631857,20.77,21.39,0.0,2.6,0.0,UGC05829,34.0,10.0,8.64,2.59,-0.549750891680639,0.55524576796666,1.1404609498496363,7591.44741551137,2.0456665465606716,0.7405066320018129,-1.2025331600090645
5.03,59.31081799531473,2.7191733556416704,26.16,21.32,0.0,1.84,0.0,UGC05829,34.0,10.0,8.64,2.59,-0.549750891680639,0.55524576796666,1.1404609498496363,7591.44741551137,2.0456665465606716,0.7405066320018129,-1.2025331600090645
5.65,57.42961540321957,2.831261774166603,31.16,20.9,0.0,1.34,0.0,UGC05829,34.0,10.0,8.64,2.59,-0.549750891680639,0.55524576796666,1.1404609498496363,7591.44741551137,2.0456665465606716,0.7405066320018129,-1.2025331600090645
6.29,61.138773379089265,2.8814988923361553,33.7,20.41,0.0,1.04,0.0,UGC05829,34.0,10.0,8.64,2.59,-0.549750891680639,0.55524576796666,1.1404609498496363,7591.44741551137,2.0456665465606716,0.7405066320018129,-1.2025331600090645
6.91,54.786960942977274,2.887670932818525,34.59,20.24,0.0,0.91,0.0,UGC05829,34.0,10.0,8.64,2.59,-0.549750891680639,0.55524576796666,1.1404609498496363,7591.44741551137,2.0456665465606716,0.7405066320018129,-1.2025331600090645
0.51,119.17862305740998,5.892328250551479,-3.74,195.66,0.0,5592.84,0.0,NGC3521,75.0,5.0,7.7,2.3,1.6275501877675214,0.3628723734074053,0.9721958011183688,5979.881215521009,12.39632656399088,0.34137837778240177,0.7931081110879911
0.69,129.56190268972153,6.424713285714036,-4.96,213.36,0.0,4363.43,0.0,NGC3521,75.0,5.0,7.7,2.3,1.6275501877675214,0.3628723734074053,0.9721958011183688,5979.881215521009,12.39632656399088,0.34137837778240177,0.7931081110879911
0.86,132.93396792085045,6.883548007520094,-6.2,228.63,0.0,3675.14,0.0,NGC3521,75.0,5.0,7.7,2.3,1.6275501877675214,0.3628723734074053,0.9721958011183688,5979.881215521009,12.39632656399088,0.34137837778240177,0.7931081110879911
1.03,157.11091830508278,7.294375764828749,-7.39,242.31,0.0,2808.28,0.0,NGC3521,75.0,5.0,7.7,2.3,1.6275501877675214,0.3628723734074053,0.9721958011183688,5979.881215521009,12.39632656399088,0.34137837778240177,0.7931081110879911
1.2,152.33485566154133,7.373819377096854,-8.46,244.99,0.0,2150.5,0.0,NGC3521,75.0,5.0,7.7,2.3,1.6275501877675214,0.3628723734074053,0.9721958011183688,5979.881215521009,12.39632656399088,0.34137837778240177,0.7931081110879911
1.38,153.11150652196864,7.466703040075657,-9.15,248.08,0.0,2033.53,0.0,NGC3521,75.0,5.0,7.7,2.3,1.6275501877675214,0.3628723734074053,0.9721958011183688,5979.881215521009,12.39632656399088,0.34137837778240177,0.7931081110879911
1.55,154.40598329098623,7.577789263863529,-9.58,251.75,0.0,1846.64,0.0,NGC3521,75.0,5.0,7.7,2.3,1.6275501877675214,0.3628723734074053,0.9721958011183688,5979.881215521009,12.39632656399088,0.34137837778240177,0.7931081110879911
1.71,163.7079476162082,7.777870851407996,-9.77,258.35,0.0,1668.78,0.0,NGC3521,75.0,5.0,7.7,2.3,1.6275501877675214,0.3628723734074053,0.9721958011183688,5979.881215521009,12.39632656399088,0.34137837778240177,0.7931081110879911
1.89,162.3398795027234,7.917085469068431,-9.95,262.92,0.0,1505.22,0.0,NGC3521,75.0,5.0,7.7,2.3,1.6275501877675214,0.3628723734074053,0.9721958011183688,5979.881215521009,12.39632656399088,0.34137837778240177,0.7931081110879911
2.06,168.8656077054672,8.139921870769022,-9.95,270.25,0.0,1378.94,0.0,NGC3521,75.0,5.0,7.7,2.3,1.6275501877675214,0.3628723734074053,0.9721958011183688,5979.881215521009,12.39632656399088,0.34137837778240177,0.7931081110879911
2.23,156.07321234223488,8.28806964199359,-9.95,275.1,0.0,1175.03,0.0,NGC3521,75.0,5.0,7.7,2.3,1.6275501877675214,0.3628723734074053,0.9721958011183688,5979.881215521009,12.39632656399088,0.34137837778240177,0.7931081110879911
2.41,171.09201993480838,8.34186955952841,-10.14,276.83,0.0,926.08,0.0,NGC3521,75.0,5.0,7.7,2.3,1.6275501877675214,0.3628723734074053,0.9721958011183688,5979.881215521009,12.39632656399088,0.34137837778240177,0.7931081110879911
2.58,183.5779893316984,8.274048858311398,-10.6,274.55,0.0,830.56,0.0,NGC3521,75.0,5.0,7.7,2.3,1.6275501877675214,0.3628723734074053,0.9721958011183688,5979.881215521009,12.39632656399088,0.34137837778240177,0.7931081110879911
2.75,160.91315182429867,8.259802471222011,-11.16,274.06,0.0,769.64,0.0,NGC3521,75.0,5.0,7.7,2.3,1.6275501877675214,0.3628723734074053,0.9721958011183688,5979.881215521009,12.39632656399088,0.34137837778240177,0.7931081110879911
2.92,163.96354501589596,8.251327711390578,-11.53,273.74,0.0,727.61,0.0,NGC3521,75.0,5.0,7.7,2.3,1.6275501877675214,0.3628723734074053,0.9721958011183688,5979.881215521009,12.39632656399088,0.34137837778240177,0.7931081110879911
3.09,173.3952194625016,8.299621226173981,-11.25,275.23,0.0,682.48,0.0,NGC3521,75.0,5.0,7.7,2.3,1.6275501877675214,0.3628723734074053,0.9721958011183688,5979.881215521009,12.39632656399088,0.34137837778240177,0.7931081110879911
3.26,174.78235267420726,8.339925766834984,-9.77,276.33,0.0,633.6,0.0,NGC3521,75.0,5.0,7.7,2.3,1.6275501877675214,0.3628723734074053,0.9721958011183688,5979.881215521009,12.39632656399088,0.34137837778240177,0.7931081110879911
3.43,173.51992304503938,8.413320877766806,-7.06,278.46,0.0,575.82,0.0,NGC3521,75.0,5.0,7.7,2.3,1.6275501877675214,0.3628723734074053,0.9721958011183688,5979.881215521009,12.39632656399088,0.34137837778240177,0.7931081110879911
3.61,155.14148799282108,8.439675462057478,2.4,278.97,0.0,523.07,0.0,NGC3521,75.0,5.0,7.7,2.3,1.6275501877675214,0.3628723734074053,0.9721958011183688,5979.881215521009,12.39632656399088,0.34137837778240177,0.7931081110879911
3.78,174.42036972769662,8.507592646596603,7.87,280.87,0.0,481.98,0.0,NGC3521,75.0,5.0,7.7,2.3,1.6275501877675214,0.3628723734074053,0.9721958011183688,5979.881215521009,12.39632656399088,0.34137837778240177,0.7931081110879911
3.95,160.7680767806284,8.544073969574702,10.51,281.76,0.0,430.64,0.0,NGC3521,75.0,5.0,7.7,2.3,1.6275501877675214,0.3628723734074053,0.9721958011183688,5979.881215521009,12.39632656399088,0.34137837778240177,0.7931081110879911
4.12,164.5859045139029,8.583225346103815,12.28,282.78,0.0,369.64,0.0,NGC3521,75.0,5.0,7.7,2.3,1.6275501877675214,0.3628723734074053,0.9721958011183688,5979.881215521009,12.39632656399088,0.34137837778240177,0.7931081110879911
4.29,175.81485426923606,8.55627769414268,13.95,281.57,0.0,310.22,0.0,NGC3521,75.0,5.0,7.7,2.3,1.6275501877675214,0.3628723734074053,0.9721958011183688,5979.881215521009,12.39632656399088,0.34137837778240177,0.7931081110879911
4.46,167.8241499216029,8.517186964529095,15.63,279.92,0.0,258.02,0.0,NGC3521,75.0,5.0,7.7,2.3,1.6275501877675214,0.3628723734074053,0.9721958011183688,5979.881215521009,12.39632656399088,0.34137837778240177,0.7931081110879911
4.64,175.22420385614333,8.420344981180637,17.49,276.26,0.0,208.23,0.0,NGC3521,75.0,5.0,7.7,2.3,1.6275501877675214,0.3628723734074053,0.9721958011183688,5979.881215521009,12.39632656399088,0.34137837778240177,0.7931081110879911
4.81,192.51347346003507,8.31658546458727,19.07,272.38,0.0,177.5,0.0,NGC3521,75.0,5.0,7.7,2.3,1.6275501877675214,0.3628723734074053,0.9721958011183688,5979.881215521009,12.39632656399088,0.34137837778240177,0.7931081110879911
4.98,170.35151553014475,8.198971906536315,20.0,268.13,0.0,157.71,0.0,NGC3521,75.0,5.0,7.7,2.3,1.6275501877675214,0.3628723734074053,0.9721958011183688,5979.881215521009,12.39632656399088,0.34137837778240177,0.7931081110879911
5.15,167.80601916510983,8.097631246762727,20.46,264.51,0.0,143.45,0.0,NGC3521,75.0,5.0,7.7,2.3,1.6275501877675214,0.3628723734074053,0.9721958011183688,5979.881215521009,12.39632656399088,0.34137837778240177,0.7931081110879911
5.32,152.6902088413557,7.992463919951577,20.65,260.81,0.0,128.98,0.0,NGC3521,75.0,5.0,7.7,2.3,1.6275501877675214,0.3628723734074053,0.9721958011183688,5979.881215521009,12.39632656399088,0.34137837778240177,0.7931081110879911
5.49,152.83771089386576,7.895718799758727,20.74,257.41,0.0,118.36,0.0,NGC3521,75.0,5.0,7.7,2.3,1.6275501877675214,0.3628723734074053,0.9721958011183688,5979.881215521009,12.39632656399088,0.34137837778240177,0.7931081110879911
5.67,147.7206850521083,7.800910829068617,21.02,254.02,0.0,108.99,0.0,NGC3521,75.0,5.0,7.7,2.3,1.6275501877675214,0.3628723734074053,0.9721958011183688,5979.881215521009,12.39632656399088,0.34137837778240177,0.7931081110879911
5.84,150.28266944304966,7.719707680648103,21.3,251.09,0.0,100.28,0.0,NGC3521,75.0,5.0,7.7,2.3,1.6275501877675214,0.3628723734074053,0.9721958011183688,5979.881215521009,12.39632656399088,0.34137837778240177,0.7931081110879911
6.01,144.50783265841125,7.6425818555934715,21.67,248.27,0.0,93.06,0.0,NGC3521,75.0,5.0,7.7,2.3,1.6275501877675214,0.3628723734074053,0.9721958011183688,5979.881215521009,12.39632656399088,0.34137837778240177,0.7931081110879911
6.19,146.44618299193604,7.572070102349023,22.04,245.66,0.0,85.94,0.0,NGC3521,75.0,5.0,7.7,2.3,1.6275501877675214,0.3628723734074053,0.9721958011183688,5979.881215521009,12.39632656399088,0.34137837778240177,0.7931081110879911
6.35,148.6391722924837,7.510337182655224,22.51,243.33,0.0,77.79,0.0,NGC3521,75.0,5.0,7.7,2.3,1.6275501877675214,0.3628723734074053,0.9721958011183688,5979.881215521009,12.39632656399088,0.34137837778240177,0.7931081110879911
6.64,140.45819667513246,7.3927599549102245,23.63,238.82,0.0,62.26,0.0,NGC3521,75.0,5.0,7.7,2.3,1.6275501877675214,0.3628723734074053,0.9721958011183688,5979.881215521009,12.39632656399088,0.34137837778240177,0.7931081110879911
8.82,124.82141560870224,6.717726059220059,34.97,209.65,0.0,27.97,0.0,NGC3521,75.0,5.0,7.7,2.3,1.6275501877675214,0.3628723734074053,0.9721958011183688,5979.881215521009,12.39632656399088,0.34137837778240177,0.7931081110879911
11.07,117.36785371847775,6.297053090688973,43.44,188.05,0.0,11.92,0.0,NGC3521,75.0,5.0,7.7,2.3,1.6275501877675214,0.3628723734074053,0.9721958011183688,5979.881215521009,12.39632656399088,0.34137837778240177,0.7931081110879911
13.32,121.97183388728648,5.963249453102642,45.95,172.02,0.0,6.19,0.0,NGC3521,75.0,5.0,7.7,2.3,1.6275501877675214,0.3628723734074053,0.9721958011183688,5979.881215521009,12.39632656399088,0.34137837778240177,0.7931081110879911
15.49,113.64529669468467,5.665340612206066,45.39,159.31,0.0,1.91,0.0,NGC3521,75.0,5.0,7.7,2.3,1.6275501877675214,0.3628723734074053,0.9721958011183688,5979.881215521009,12.39632656399088,0.34137837778240177,0.7931081110879911
17.74,112.2660056638386,5.339404750076939,42.23,147.38,0.0,0.0,0.0,NGC3521,75.0,5.0,7.7,2.3,1.6275501877675214,0.3628723734074053,0.9721958011183688,5979.881215521009,12.39632656399088,0.34137837778240177,0.7931081110879911
0.47,19.855854912742103,0.891075435958595,-3.85,16.14,0.0,82.49,0.0,UGC08286,90.0,3.0,6.5,0.21,-0.2023862698469243,0.6359367545858323,0.6471935014465247,6059.044896896661,3.06283728581539,0.6768300755536731,-0.8841503777683657
0.95,29.630277234722158,1.3979576334789403,-1.38,24.37,0.0,52.72,0.0,UGC08286,90.0,3.0,6.5,0.21,-0.2023862698469243,0.6359367545858323,0.6471935014465247,6059.044896896661,3.06283728581539,0.6768300755536731,-0.8841503777683657
1.42,34.566210989826914,1.7470947351205788,-0.63,30.01,0.0,40.22,0.0,UGC08286,90.0,3.0,6.5,0.21,-0.2023862698469243,0.6359367545858323,0.6471935014465247,6059.044896896661,3.06283728581539,0.6768300755536731,-0.8841503777683657
1.9,39.0229452339103,2.0716334017232247,8.67,34.64,0.0,31.23,0.0,UGC08286,90.0,3.0,6.5,0.21,-0.2023862698469243,0.6359367545858323,0.6471935014465247,6059.044896896661,3.06283728581539,0.6768300755536731,-0.8841503777683657
2.37,47.21556368454347,2.3167542268452155,11.4,38.52,0.0,22.7,0.0,UGC08286,90.0,3.0,6.5,0.21,-0.2023862698469243,0.6359367545858323,0.6471935014465247,6059.044896896661,3.06283728581539,0.6768300755536731,-0.8841503777683657
2.84,43.9429188068426,2.423778103892471,11.54,39.29,0.0,15.52,0.0,UGC08286,90.0,3.0,6.5,0.21,-0.2023862698469243,0.6359367545858323,0.6471935014465247,6059.044896896661,3.06283728581539,0.6768300755536731,-0.8841503777683657
3.3,48.65354116714344,2.5313098551917186,12.92,40.32,0.0,11.35,0.0,UGC08286,90.0,3.0,6.5,0.21,-0.2023862698469243,0.6359367545858323,0.6471935014465247,6059.044896896661,3.06283728581539,0.6768300755536731,-0.8841503777683657
3.78,54.29283563373665,2.6166788772455765,16.18,39.87,0.0,7.3,0.0,UGC08286,90.0,3.0,6.5,0.21,-0.2023862698469243,0.6359367545858323,0.6471935014465247,6059.044896896661,3.06283728581539,0.6768300755536731,-0.8841503777683657
4.25,54.038518188311464,2.6917713366240696,18.85,39.64,0.0,4.23,0.0,UGC08286,90.0,3.0,6.5,0.21,-0.2023862698469243,0.6359367545858323,0.6471935014465247,6059.044896896661,3.06283728581539,0.6768300755536731,-0.8841503777683657
4.73,53.805517603217055,2.757979411123589,23.39,37.47,0.0,2.11,0.0,UGC08286,90.0,3.0,6.5,0.21,-0.2023862698469243,0.6359367545858323,0.6471935014465247,6059.044896896661,3.06283728581539,0.6768300755536731,-0.8841503777683657
5.2,57.149272120617034,2.727792587213832,23.16,35.37,0.0,1.36,0.0,UGC08286,90.0,3.0,6.5,0.21,-0.2023862698469243,0.6359367545858323,0.6471935014465247,6059.044896896661,3.06283728581539,0.6768300755536731,-0.8841503777683657
5.67,51.42651521273138,2.7121735450009155,23.39,33.69,0.0,0.93,0.0,UGC08286,90.0,3.0,6.5,0.21,-0.2023862698469243,0.6359367545858323,0.6471935014465247,6059.044896896661,3.06283728581539,0.6768300755536731,-0.8841503777683657
6.15,54.07152864738442,2.6656310917002517,22.11,32.23,0.0,0.61,0.0,UGC08286,90.0,3.0,6.5,0.21,-0.2023862698469243,0.6359367545858323,0.6471935014465247,6059.044896896661,3.06283728581539,0.6768300755536731,-0.8841503777683657
6.62,51.73865503502855,2.6529766830449515,22.46,30.9,0.0,0.37,0.0,UGC08286,90.0,3.0,6.5,0.21,-0.2023862698469243,0.6359367545858323,0.6471935014465247,6059.044896896661,3.06283728581539,0.6768300755536731,-0.8841503777683657
7.1,51.95633157540513,2.7127518682622003,26.07,29.56,0.0,0.21,0.0,UGC08286,90.0,3.0,6.5,0.21,-0.2023862698469243,0.6359367545858323,0.6471935014465247,6059.044896896661,3.06283728581539,0.6768300755536731,-0.8841503777683657
7.57,54.93049877842679,2.6843295913737366,25.72,28.4,0.0,0.17,0.0,UGC08286,90.0,3.0,6.5,0.21,-0.2023862698469243,0.6359367545858323,0.6471935014465247,6059.044896896661,3.06283728581539,0.6768300755536731,-0.8841503777683657
8.04,50.94797937375147,2.6804680486552703,26.3,27.44,0.0,0.12,0.0,UGC08286,90.0,3.0,6.5,0.21,-0.2023862698469243,0.6359367545858323,0.6471935014465247,6059.044896896661,3.06283728581539,0.6768300755536731,-0.8841503777683657
0.87,35.19093591484764,1.707804468739311,0.0,32.75,0.0,255.76,0.0,NGC4010,89.0,1.0,18.0,2.5,0.9343216675134308,0.774766170224066,0.6118237836531127,15709.575361325042,5.173876129575065,0.46845638811170703,0.15771805944146472
1.74,60.36653734668864,3.2109135600653214,11.53,62.91,0.0,223.85,0.0,NGC4010,89.0,1.0,18.0,2.5,0.9343216675134308,0.774766170224066,0.6118237836531127,15709.575361325042,5.173876129575065,0.46845638811170703,0.15771805944146472
2.61,78.77545138685589,4.221873982847194,13.36,83.12,0.0,159.05,0.0,NGC4010,89.0,1.0,18.0,2.5,0.9343216675134308,0.774766170224066,0.6118237836531127,15709.575361325042,5.173876129575065,0.46845638811170703,0.15771805944146472
3.5,97.40857572301694,4.831845211293422,15.73,93.77,0.0,100.83,0.0,NGC4010,89.0,1.0,18.0,2.5,0.9343216675134308,0.774766170224066,0.6118237836531127,15709.575361325042,5.173876129575065,0.46845638811170703,0.15771805944146472
4.37,106.67225095615503,5.158841613367777,19.72,97.55,0.0,71.56,0.0,NGC4010,89.0,1.0,18.0,2.5,0.9343216675134308,0.774766170224066,0.6118237836531127,15709.575361325042,5.173876129575065,0.46845638811170703,0.15771805944146472
5.24,99.82785500309795,5.3310507754446235,22.31,98.14,0.0,51.09,0.0,NGC4010,89.0,1.0,18.0,2.5,0.9343216675134308,0.774766170224066,0.6118237836531127,15709.575361325042,5.173876129575065,0.46845638811170703,0.15771805944146472
6.11,116.24846510128653,5.487521623244325,25.86,98.57,0.0,39.41,0.0,NGC4010,89.0,1.0,18.0,2.5,0.9343216675134308,0.774766170224066,0.6118237836531127,15709.575361325042,5.173876129575065,0.46845638811170703,0.15771805944146472
6.98,108.17438995389179,5.633378348793974,29.63,99.07,0.0,31.0,0.0,NGC4010,89.0,1.0,18.0,2.5,0.9343216675134308,0.774766170224066,0.6118237836531127,15709.575361325042,5.173876129575065,0.46845638811170703,0.15771805944146472
7.85,115.84291535867108,5.754390438283772,33.19,99.28,0.0,20.82,0.0,NGC4010,89.0,1.0,18.0,2.5,0.9343216675134308,0.774766170224066,0.6118237836531127,15709.575361325042,5.173876129575065,0.46845638811170703,0.15771805944146472
8.72,117.58965698826093,5.769918201639223,36.53,96.65,0.0,13.73,0.0,NGC4010,89.0,1.0,18.0,2.5,0.9343216675134308,0.774766170224066,0.6118237836531127,15709.575361325042,5.173876129575065,0.46845638811170703,0.15771805944146472
9.6,117.22259693301515,5.691886805831718,35.56,93.39,0.0,9.74,0.0,NGC4010,89.0,1.0,18.0,2.5,0.9343216675134308,0.774766170224066,0.6118237836531127,15709.575361325042,5.173876129575065,0.46845638811170703,0.15771805944146472
10.47,101.88251113974054,5.597267331623724,33.73,90.22,0.0,6.87,0.0,NGC4010,89.0,1.0,18.0,2.5,0.9343216675134308,0.774766170224066,0.6118237836531127,15709.575361325042,5.173876129575065,0.46845638811170703,0.15771805944146472
2.89,175.86583906848693,9.607042841329289,7.68,203.92,89.57,755.39,0.0,NGC2683,80.0,5.0,9.81,0.49,1.6043070706170068,0.7258155462376272,0.7966679579919738,6488.300031820835,9.510269295480546,0.34563915037764315,0.7718042481117844
5.77,192.3139018638493,10.318057225800283,21.36,229.24,63.44,149.71,0.0,NGC2683,80.0,5.0,9.81,0.49,1.6043070706170068,0.7258155462376272,0.7966679579919738,6488.300031820835,9.510269295480546,0.34563915037764315,0.7718042481117844
8.66,184.15857993351497,8.963695857309089,17.89,197.87,51.78,56.22,0.0,NGC2683,80.0,5.0,9.81,0.49,1.6043070706170068,0.7258155462376272,0.7966679579919738,6488.300031820835,9.510269295480546,0.34563915037764315,0.7718042481117844
11.54,166.52178693470475,8.470543145668122,24.41,185.0,44.86,16.1,0.0,NGC2683,80.0,5.0,9.81,0.49,1.6043070706170068,0.7258155462376272,0.7966679579919738,6488.300031820835,9.510269295480546,0.34563915037764315,0.7718042481117844
14.43,141.12597045490446,7.479454633408804,25.8,159.52,40.12,2.72,0.0,NGC2683,80.0,5.0,9.81,0.49,1.6043070706170068,0.7258155462376272,0.7966679579919738,6488.300031820835,9.510269295480546,0.34563915037764315,0.7718042481117844
17.31,133.55628134250296,6.858513598451349,25.8,143.29,36.63,0.92,0.0,NGC2683,80.0,5.0,9.81,0.49,1.6043070706170068,0.7258155462376272,0.7966679579919738,6488.300031820835,9.510269295480546,0.34563915037764315,0.7718042481117844
20.2,137.42953841925998,6.373067204191043,23.72,130.86,33.91,0.25,0.0,NGC2683,80.0,5.0,9.81,0.49,1.6043070706170068,0.7258155462376272,0.7966679579919738,6488.300031820835,9.510269295480546,0.34563915037764315,0.7718042481117844
23.08,117.80771302749545,5.989413080058521,20.53,121.26,31.72,0.07,0.0,NGC2683,80.0,5.0,9.81,0.49,1.6043070706170068,0.7258155462376272,0.7966679579919738,6488.300031820835,9.510269295480546,0.34563915037764315,0.7718042481117844
28.85,105.93778434594803,5.4563365329692495,17.48,107.36,28.37,0.0,0.0,NGC2683,80.0,5.0,9.81,0.49,1.6043070706170068,0.7258155462376272,0.7966679579919738,6488.300031820835,9.510269295480546,0.34563915037764315,0.7718042481117844
31.74,112.21033409992692,5.2556041613791304,16.5,102.03,27.05,0.0,0.0,NGC2683,80.0,5.0,9.81,0.49,1.6043070706170068,0.7258155462376272,0.7966679579919738,6488.300031820835,9.510269295480546,0.34563915037764315,0.7718042481117844
34.62,104.05446113874852,5.085280613511603,15.67,97.49,25.9,0.0,0.0,NGC2683,80.0,5.0,9.81,0.49,1.6043070706170068,0.7258155462376272,0.7966679579919738,6488.300031820835,9.510269295480546,0.34563915037764315,0.7718042481117844
0.85,24.312668641410742,1.2455555119300326,0.0,9.59,0.0,16.75,0.0,IC2574,75.0,7.0,3.91,0.2,-0.29413628771608075,0.5051240972007106,0.6085830475724265,21308.896833742285,5.772853191978908,0.6936490744520697,-0.9682453722603483
1.14,29.778387139644316,1.5054511450902932,0.0,11.99,0.0,14.92,0.0,IC2574,75.0,7.0,3.91,0.2,-0.29413628771608075,0.5051240972007106,0.6085830475724265,21308.896833742285,5.772853191978908,0.6936490744520697,-0.9682453722603483
1.42,35.18259663675825,1.7283443646357235,0.94,13.83,0.0,13.07,0.0,IC2574,75.0,7.0,3.91,0.2,-0.29413628771608075,0.5051240972007106,0.6085830475724265,21308.896833742285,5.772853191978908,0.6936490744520697,-0.9682453722603483
1.71,39.892847446643515,1.9410910924629619,3.44,15.27,0.0,11.58,0.0,IC2574,75.0,7.0,3.91,0.2,-0.29413628771608075,0.5051240972007106,0.6085830475724265,21308.896833742285,5.772853191978908,0.6936490744520697,-0.9682453722603483
1.99,43.12500841174223,2.1324816142349263,5.14,16.76,0.0,10.8,0.0,IC2574,75.0,7.0,3.91,0.2,-0.29413628771608075,0.5051240972007106,0.6085830475724265,21308.896833742285,5.772853191978908,0.6936490744520697,-0.9682453722603483
2.28,46.61657510947357,2.30542202436791,5.82,17.77,0.0,9.24,0.0,IC2574,75.0,7.0,3.91,0.2,-0.29413628771608075,0.5051240972007106,0.6085830475724265,21308.896833742285,5.772853191978908,0.6936490744520697,-0.9682453722603483
2.55,46.6694742149668,2.4572612814900485,6.87,18.7,0.0,8.42,0.0,IC2574,75.0,7.0,3.91,0.2,-0.29413628771608075,0.5051240972007106,0.6085830475724265,21308.896833742285,5.772853191978908,0.6936490744520697,-0.9682453722603483
2.84,46.44722402630337,2.602778716594083,7.58,19.36,0.0,7.37,0.0,IC2574,75.0,7.0,3.91,0.2,-0.29413628771608075,0.5051240972007106,0.6085830475724265,21308.896833742285,5.772853191978908,0.6936490744520697,-0.9682453722603483
3.13,53.28509335081443,2.7354973905668754,8.21,19.89,0.0,6.93,0.0,IC2574,75.0,7.0,3.91,0.2,-0.29413628771608075,0.5051240972007106,0.6085830475724265,21308.896833742285,5.772853191978908,0.6936490744520697,-0.9682453722603483
3.41,54.315037720929,2.851804225357027,8.78,20.19,0.0,5.88,0.0,IC2574,75.0,7.0,3.91,0.2,-0.29413628771608075,0.5051240972007106,0.6085830475724265,21308.896833742285,5.772853191978908,0.6936490744520697,-0.9682453722603483
3.7,57.161426411978134,2.9544799840144957,8.64,20.15,0.0,5.69,0.0,IC2574,75.0,7.0,3.91,0.2,-0.29413628771608075,0.5051240972007106,0.6085830475724265,21308.896833742285,5.772853191978908,0.6936490744520697,-0.9682453722603483
3.98,60.05229154581852,3.044407283372614,7.98,20.39,0.0,5.87,0.0,IC2574,75.0,7.0,3.91,0.2,-0.29413628771608075,0.5051240972007106,0.6085830475724265,21308.896833742285,5.772853191978908,0.6936490744520697,-0.9682453722603483
4.26,58.83636194844545,3.136869769386647,7.97,21.28,0.0,6.08,0.0,IC2574,75.0,7.0,3.91,0.2,-0.29413628771608075,0.5051240972007106,0.6085830475724265,21308.896833742285,5.772853191978908,0.6936490744520697,-0.9682453722603483
4.55,61.27838945688594,3.2440468654784413,10.01,22.72,0.0,6.5,0.0,IC2574,75.0,7.0,3.91,0.2,-0.29413628771608075,0.5051240972007106,0.6085830475724265,21308.896833742285,5.772853191978908,0.6936490744520697,-0.9682453722603483
4.84,66.57209639628434,3.3453847788373254,11.42,24.6,0.0,5.76,0.0,IC2574,75.0,7.0,3.91,0.2,-0.29413628771608075,0.5051240972007106,0.6085830475724265,21308.896833742285,5.772853191978908,0.6936490744520697,-0.9682453722603483
5.12,68.94331207429046,3.4273264350805017,12.67,25.34,0.0,4.6,0.0,IC2574,75.0,7.0,3.91,0.2,-0.29413628771608075,0.5051240972007106,0.6085830475724265,21308.896833742285,5.772853191978908,0.6936490744520697,-0.9682453722603483
5.41,67.6205228490849,3.495684286043192,13.13,25.74,0.0,4.3,0.0,IC2574,75.0,7.0,3.91,0.2,-0.29413628771608075,0.5051240972007106,0.6085830475724265,21308.896833742285,5.772853191978908,0.6936490744520697,-0.9682453722603483
5.68,73.00504763140404,3.561519775263972,13.93,26.48,0.0,4.03,0.0,IC2574,75.0,7.0,3.91,0.2,-0.29413628771608075,0.5051240972007106,0.6085830475724265,21308.896833742285,5.772853191978908,0.6936490744520697,-0.9682453722603483
5.97,71.67710957570753,3.623616464227068,14.5,27.15,0.0,3.42,0.0,IC2574,75.0,7.0,3.91,0.2,-0.29413628771608075,0.5051240972007106,0.6085830475724265,21308.896833742285,5.772853191978908,0.6936490744520697,-0.9682453722603483
6.26,69.97508532200563,3.686763166300103,15.98,27.39,0.0,2.76,0.0,IC2574,75.0,7.0,3.91,0.2,-0.29413628771608075,0.5051240972007106,0.6085830475724265,21308.896833742285,5.772853191978908,0.6936490744520697,-0.9682453722603483
6.54,75.02982612805417,3.743866796640198,17.58,27.31,0.0,2.14,0.0,IC2574,75.0,7.0,3.91,0.2,-0.29413628771608075,0.5051240972007106,0.6085830475724265,21308.896833742285,5.772853191978908,0.6936490744520697,-0.9682453722603483
6.83,82.84045085764434,3.785709036889969,18.38,26.75,0.0,1.67,0.0,IC2574,75.0,7.0,3.91,0.2,-0.29413628771608075,0.5051240972007106,0.6085830475724265,21308.896833742285,5.772853191978908,0.6936490744520697,-0.9682453722603483
7.1,73.9025338360474,3.824178608687765,19.29,26.25,0.0,1.55,0.0,IC2574,75.0,7.0,3.91,0.2,-0.29413628771608075,0.5051240972007106,0.6085830475724265,21308.896833742285,5.772853191978908,0.6936490744520697,-0.9682453722603483
7.39,81.71033352037762,3.8604268181101205,19.86,26.04,0.0,1.54,0.0,IC2574,75.0,7.0,3.91,0.2,-0.29413628771608075,0.5051240972007106,0.6085830475724265,21308.896833742285,5.772853191978908,0.6936490744520697,-0.9682453722603483
7.68,83.41200016151967,3.9018090834459587,21.01,25.86,0.0,1.4,0.0,IC2574,75.0,7.0,3.91,0.2,-0.29413628771608075,0.5051240972007106,0.6085830475724265,21308.896833742285,5.772853191978908,0.6936490744520697,-0.9682453722603483
7.96,84.61977809956431,3.9361401997831673,21.81,25.77,0.0,1.25,0.0,IC2574,75.0,7.0,3.91,0.2,-0.29413628771608075,0.5051240972007106,0.6085830475724265,21308.896833742285,5.772853191978908,0.6936490744520697,-0.9682453722603483
8.25,76.0678185843287,3.9665402872433235,22.49,25.57,0.0,1.12,0.0,IC2574,75.0,7.0,3.91,0.2,-0.29413628771608075,0.5051240972007106,0.6085830475724265,21308.896833742285,5.772853191978908,0.6936490744520697,-0.9682453722603483
8.52,87.68848979078602,3.983057024792683,22.38,25.47,0.0,1.02,0.0,IC2574,75.0,7.0,3.91,0.2,-0.29413628771608075,0.5051240972007106,0.6085830475724265,21308.896833742285,5.772853191978908,0.6936490744520697,-0.9682453722603483
8.81,80.54395238529155,4.003905010318248,22.6,25.41,0.0,0.92,0.0,IC2574,75.0,7.0,3.91,0.2,-0.29413628771608075,0.5051240972007106,0.6085830475724265,21308.896833742285,5.772853191978908,0.6936490744520697,-0.9682453722603483
9.1,79.47643472967998,4.024895426985668,22.95,25.38,0.0,0.83,0.0,IC2574,75.0,7.0,3.91,0.2,-0.29413628771608075,0.5051240972007106,0.6085830475724265,21308.896833742285,5.772853191978908,0.6936490744520697,-0.9682453722603483
9.38,80.0613527951971,4.049709749619406,23.63,25.51,0.0,0.75,0.0,IC2574,75.0,7.0,3.91,0.2,-0.29413628771608075,0.5051240972007106,0.6085830475724265,21308.896833742285,5.772853191978908,0.6936490744520697,-0.9682453722603483
9.67,84.11892111862205,4.08313088105926,24.89,25.74,0.0,0.67,0.0,IC2574,75.0,7.0,3.91,0.2,-0.29413628771608075,0.5051240972007106,0.6085830475724265,21308.896833742285,5.772853191978908,0.6936490744520697,-0.9682453722603483
9.96,82.23849811346575,4.101440080093556,25.8,24.84,0.0,0.0,0.0,IC2574,75.0,7.0,3.91,0.2,-0.29413628771608075,0.5051240972007106,0.6085830475724265,21308.896833742285,5.772853191978908,0.6936490744520697,-0.9682453722603483
10.23,81.79331875107228,4.126161148112811,27.17,23.97,0.0,0.0,0.0,IC2574,75.0,7.0,3.91,0.2,-0.29413628771608075,0.5051240972007106,0.6085830475724265,21308.896833742285,5.772853191978908,0.6936490744520697,-0.9682453722603483
0.12,17.58155218144527,0.8492027669430393,-0.66,2.2,0.0,2.83,0.0,UGCA444,78.0,4.0,0.98,0.05,-2.221848749616356,0.6719375258801602,0.592682047995691,12626.317243315756,1.5502330998369993,0.95,-2.735122073001861
0.19,22.716243506235653,1.0769065942146545,0.47,2.24,0.0,3.38,0.0,UGCA444,78.0,4.0,0.98,0.05,-2.221848749616356,0.6719375258801602,0.592682047995691,12626.317243315756,1.5502330998369993,0.95,-2.735122073001861
0.26,24.001719981153997,1.2680670588460485,1.82,2.72,0.0,2.43,0.0,UGCA444,78.0,4.0,0.98,0.05,-2.221848749616356,0.6719375258801602,0.592682047995691,12626.317243315756,1.5502330998369993,0.95,-2.735122073001861
0.33,30.230538921315627,1.4339916309606804,3.08,2.9,0.0,2.23,0.0,UGCA444,78.0,4.0,0.98,0.05,-2.221848749616356,0.6719375258801602,0.592682047995691,12626.317243315756,1.5502330998369993,0.95,-2.735122073001861
0.4,32.377019639384926,1.5807531457000297,4.2,2.92,0.0,1.76,0.0,UGCA444,78.0,4.0,0.98,0.05,-2.221848749616356,0.6719375258801602,0.592682047995691,12626.317243315756,1.5502330998369993,0.95,-2.735122073001861
0.47,37.288693297999494,1.7134320066321724,5.32,3.03,0.0,2.11,0.0,UGCA444,78.0,4.0,0.98,0.05,-2.221848749616356,0.6719375258801602,0.592682047995691,12626.317243315756,1.5502330998369993,0.95,-2.735122073001861
0.55,34.72463906613988,1.8518116339215027,6.65,3.44,0.0,2.0,0.0,UGCA444,78.0,4.0,0.98,0.05,-2.221848749616356,0.6719375258801602,0.592682047995691,12626.317243315756,1.5502330998369993,0.95,-2.735122073001861
0.62,39.695735545276804,1.9633625311108092,7.97,3.69,0.0,1.59,0.0,UGCA444,78.0,4.0,0.98,0.05,-2.221848749616356,0.6719375258801602,0.592682047995691,12626.317243315756,1.5502330998369993,0.95,-2.735122073001861
0.69,40.73909850429983,2.0656223991623617,9.25,3.81,0.0,1.38,0.0,UGCA444,78.0,4.0,0.98,0.05,-2.221848749616356,0.6719375258801602,0.592682047995691,12626.317243315756,1.5502330998369993,0.95,-2.735122073001861
0.76,39.73549969238967,2.1583375596591035,10.36,3.95,0.0,1.39,0.0,UGCA444,78.0,4.0,0.98,0.05,-2.221848749616356,0.6719375258801602,0.592682047995691,12626.317243315756,1.5502330998369993,0.95,-2.735122073001861
0.83,43.30695086085551,2.245615722812179,11.58,4.15,0.0,1.29,0.0,UGCA444,78.0,4.0,0.98,0.05,-2.221848749616356,0.6719375258801602,0.592682047995691,12626.317243315756,1.5502330998369993,0.95,-2.735122073001861
0.9,49.0381554047417,2.321106001951811,12.39,4.32,0.0,1.17,0.0,UGCA444,78.0,4.0,0.98,0.05,-2.221848749616356,0.6719375258801602,0.592682047995691,12626.317243315756,1.5502330998369993,0.95,-2.735122073001861
0.97,46.6611703157366,2.3890776904474653,13.1,4.46,0.0,1.08,0.0,UGCA444,78.0,4.0,0.98,0.05,-2.221848749616356,0.6719375258801602,0.592682047995691,12626.317243315756,1.5502330998369993,0.95,-2.735122073001861
1.04,47.22934210486379,2.449984753613198,13.71,4.57,0.0,0.99,0.0,UGCA444,78.0,4.0,0.98,0.05,-2.221848749616356,0.6719375258801602,0.592682047995691,12626.317243315756,1.5502330998369993,0.95,-2.735122073001861
1.11,52.261912910919534,2.50437324096438,14.22,4.69,0.0,0.91,0.0,UGCA444,78.0,4.0,0.98,0.05,-2.221848749616356,0.6719375258801602,0.592682047995691,12626.317243315756,1.5502330998369993,0.95,-2.735122073001861
1.19,53.69457325186892,2.5582394945050533,14.63,4.81,0.0,0.83,0.0,UGCA444,78.0,4.0,0.98,0.05,-2.221848749616356,0.6719375258801602,0.592682047995691,12626.317243315756,1.5502330998369993,0.95,-2.735122073001861
1.26,54.531211609185036,2.5983596024739692,14.83,4.88,0.0,0.76,0.0,UGCA444,78.0,4.0,0.98,0.05,-2.221848749616356,0.6719375258801602,0.592682047995691,12626.317243315756,1.5502330998369993,0.95,-2.735122073001861
1.33,50.610174498705575,2.634532362542993,15.03,4.95,0.0,0.7,0.0,UGCA444,78.0,4.0,0.98,0.05,-2.221848749616356,0.6719375258801602,0.592682047995691,12626.317243315756,1.5502330998369993,0.95,-2.735122073001861
1.4,53.159357665704604,2.665699578696767,15.13,5.03,0.0,0.64,0.0,UGCA444,78.0,4.0,0.98,0.05,-2.221848749616356,0.6719375258801602,0.592682047995691,12626.317243315756,1.5502330998369993,0.95,-2.735122073001861
1.48,56.72242456075769,2.6971301367133584,15.24,5.09,0.0,0.58,0.0,UGCA444,78.0,4.0,0.98,0.05,-2.221848749616356,0.6719375258801602,0.592682047995691,12626.317243315756,1.5502330998369993,0.95,-2.735122073001861
1.55,52.64327100490561,2.721431135453754,15.34,5.13,0.0,0.54,0.0,UGCA444,78.0,4.0,0.98,0.05,-2.221848749616356,0.6719375258801602,0.592682047995691,12626.317243315756,1.5502330998369993,0.95,-2.735122073001861
1.62,52.831739793923774,2.7444106105189956,15.54,5.17,0.0,0.49,0.0,UGCA444,78.0,4.0,0.98,0.05,-2.221848749616356,0.6719375258801602,0.592682047995691,12626.317243315756,1.5502330998369993,0.95,-2.735122073001861
1.69,57.52900212815077,2.7620684363288874,15.54,5.21,0.0,0.45,0.0,UGCA444,78.0,4.0,0.98,0.05,-2.221848749616356,0.6719375258801602,0.592682047995691,12626.317243315756,1.5502330998369993,0.95,-2.735122073001861
1.75,59.84217154673682,2.7753085897820973,15.54,5.22,0.0,0.42,0.0,UGCA444,78.0,4.0,0.98,0.05,-2.221848749616356,0.6719375258801602,0.592682047995691,12626.317243315756,1.5502330998369993,0.95,-2.735122073001861
1.83,52.62384455056866,2.7920231980698795,15.64,5.25,0.0,0.38,0.0,UGCA444,78.0,4.0,0.98,0.05,-2.221848749616356,0.6719375258801602,0.592682047995691,12626.317243315756,1.5502330998369993,0.95,-2.735122073001861
1.9,48.78573716352101,2.8033862351900325,15.64,5.28,0.0,0.35,0.0,UGCA444,78.0,4.0,0.98,0.05,-2.221848749616356,0.6719375258801602,0.592682047995691,12626.317243315756,1.5502330998369993,0.95,-2.735122073001861
1.97,52.17990115317119,2.8129806637837262,15.64,5.3,0.0,0.32,0.0,UGCA444,78.0,4.0,0.98,0.05,-2.221848749616356,0.6719375258801602,0.592682047995691,12626.317243315756,1.5502330998369993,0.95,-2.735122073001861
2.04,53.56305067986916,2.8209567630823944,15.64,5.31,0.0,0.3,0.0,UGCA444,78.0,4.0,0.98,0.05,-2.221848749616356,0.6719375258801602,0.592682047995691,12626.317243315756,1.5502330998369993,0.95,-2.735122073001861
2.11,56.18857557398112,2.8289024763615966,15.74,5.33,0.0,0.27,0.0,UGCA444,78.0,4.0,0.98,0.05,-2.221848749616356,0.6719375258801602,0.592682047995691,12626.317243315756,1.5502330998369993,0.95,-2.735122073001861
2.19,58.41272967195526,2.8333894511918865,15.64,5.35,0.0,0.25,0.0,UGCA444,78.0,4.0,0.98,0.05,-2.221848749616356,0.6719375258801602,0.592682047995691,12626.317243315756,1.5502330998369993,0.95,-2.735122073001861
2.26,56.32880233554684,2.837222943269905,15.64,5.36,0.0,0.23,0.0,UGCA444,78.0,4.0,0.98,0.05,-2.221848749616356,0.6719375258801602,0.592682047995691,12626.317243315756,1.5502330998369993,0.95,-2.735122073001861
2.33,54.81167051400357,2.8400328886602293,15.64,5.39,0.0,0.21,0.0,UGCA444,78.0,4.0,0.98,0.05,-2.221848749616356,0.6719375258801602,0.592682047995691,12626.317243315756,1.5502330998369993,0.95,-2.735122073001861
2.4,57.16328522296356,2.836413270515732,15.24,5.42,0.0,0.19,0.0,UGCA444,78.0,4.0,0.98,0.05,-2.221848749616356,0.6719375258801602,0.592682047995691,12626.317243315756,1.5502330998369993,0.95,-2.735122073001861
2.48,53.893106830744124,2.8307986022613947,14.73,5.5,0.0,0.17,0.0,UGCA444,78.0,4.0,0.98,0.05,-2.221848749616356,0.6719375258801602,0.592682047995691,12626.317243315756,1.5502330998369993,0.95,-2.735122073001861
2.55,56.347952053786194,2.8240228084553785,14.22,5.46,0.0,0.0,0.0,UGCA444,78.0,4.0,0.98,0.05,-2.221848749616356,0.6719375258801602,0.592682047995691,12626.317243315756,1.5502330998369993,0.95,-2.735122073001861
2.62,54.54034576395185,2.8173948729628364,13.81,5.25,0.0,0.0,0.0,UGCA444,78.0,4.0,0.98,0.05,-2.221848749616356,0.6719375258801602,0.592682047995691,12626.317243315756,1.5502330998369993,0.95,-2.735122073001861
1.74,58.01928387649516,2.9659448137584112,0.0,57.53,0.0,98.9,0.0,UGC06983,49.0,1.0,18.0,2.5,0.42308195829723105,0.9268390492296287,0.8448444083597093,17691.947033557237,10.275485385089846,0.5621734282368229,-0.31086714118411435
2.61,61.497604923809696,3.350432390000506,0.0,63.17,0.0,46.82,0.0,UGC06983,49.0,1.0,18.0,2.5,0.42308195829723105,0.9268390492296287,0.8448444083597093,17691.947033557237,10.275485385089846,0.5621734282368229,-0.31086714118411435
3.5,65.57995151639811,3.4033022479459536,0.0,61.1,0.0,24.53,0.0,UGC06983,49.0,1.0,18.0,2.5,0.42308195829723105,0.9268390492296287,0.8448444083597093,17691.947033557237,10.275485385089846,0.5621734282368229,-0.31086714118411435
4.37,67.15326151503227,3.4863489421885925,8.69,59.01,0.0,17.42,0.0,UGC06983,49.0,1.0,18.0,2.5,0.42308195829723105,0.9268390492296287,0.8448444083597093,17691.947033557237,10.275485385089846,0.5621734282368229,-0.31086714118411435
5.24,76.0108570601991,3.63968241369121,16.6,57.64,0.0,11.69,0.0,UGC06983,49.0,1.0,18.0,2.5,0.42308195829723105,0.9268390492296287,0.8448444083597093,17691.947033557237,10.275485385089846,0.5621734282368229,-0.31086714118411435
6.11,73.40777147445206,3.7503843307895126,18.86,56.44,0.0,10.25,0.0,UGC06983,49.0,1.0,18.0,2.5,0.42308195829723105,0.9268390492296287,0.8448444083597093,17691.947033557237,10.275485385089846,0.5621734282368229,-0.31086714118411435
6.98,75.32666277017331,3.921332793308986,23.82,56.03,0.0,7.82,0.0,UGC06983,49.0,1.0,18.0,2.5,0.42308195829723105,0.9268390492296287,0.8448444083597093,17691.947033557237,10.275485385089846,0.5621734282368229,-0.31086714118411435
7.85,76.66841676646649,4.108806581254409,29.74,55.57,0.0,5.78,0.0,UGC06983,49.0,1.0,18.0,2.5,0.42308195829723105,0.9268390492296287,0.8448444083597093,17691.947033557237,10.275485385089846,0.5621734282368229,-0.31086714118411435
8.72,78.5102313867328,4.170893258988634,30.17,54.32,0.0,3.82,0.0,UGC06983,49.0,1.0,18.0,2.5,0.42308195829723105,0.9268390492296287,0.8448444083597093,17691.947033557237,10.275485385089846,0.5621734282368229,-0.31086714118411435
9.6,84.42047899458356,4.235075092457909,31.9,52.55,0.0,2.7,0.0,UGC06983,49.0,1.0,18.0,2.5,0.42308195829723105,0.9268390492296287,0.8448444083597093,17691.947033557237,10.275485385089846,0.5621734282368229,-0.31086714118411435
10.47,86.08040723848208,4.350819759564369,35.89,51.23,0.0,1.88,0.0,UGC06983,49.0,1.0,18.0,2.5,0.42308195829723105,0.9268390492296287,0.8448444083597093,17691.947033557237,10.275485385089846,0.5621734282368229,-0.31086714118411435
11.35,93.46681233836024,4.422527657233784,38.26,49.57,0.0,1.1,0.0,UGC06983,49.0,1.0,18.0,2.5,0.42308195829723105,0.9268390492296287,0.8448444083597093,17691.947033557237,10.275485385089846,0.5621734282368229,-0.31086714118411435
12.19,86.30764339362649,4.455537934758178,39.33,47.76,0.0,0.58,0.0,UGC06983,49.0,1.0,18.0,2.5,0.42308195829723105,0.9268390492296287,0.8448444083597093,17691.947033557237,10.275485385089846,0.5621734282368229,-0.31086714118411435
13.12,94.52489411905223,4.488535397805674,40.63,45.68,0.0,0.0,0.0,UGC06983,49.0,1.0,18.0,2.5,0.42308195829723105,0.9268390492296287,0.8448444083597093,17691.947033557237,10.275485385089846,0.5621734282368229,-0.31086714118411435
13.94,90.85659650841654,4.485167101602754,40.95,43.38,0.0,0.0,0.0,UGC06983,49.0,1.0,18.0,2.5,0.42308195829723105,0.9268390492296287,0.8448444083597093,17691.947033557237,10.275485385089846,0.5621734282368229,-0.31086714118411435
14.86,89.51552108189001,4.476813709499184,40.63,41.42,0.0,0.0,0.0,UGC06983,49.0,1.0,18.0,2.5,0.42308195829723105,0.9268390492296287,0.8448444083597093,17691.947033557237,10.275485385089846,0.5621734282368229,-0.31086714118411435
15.68,80.37563701404721,4.4673741810174965,40.09,39.99,0.0,0.0,0.0,UGC06983,49.0,1.0,18.0,2.5,0.42308195829723105,0.9268390492296287,0.8448444083597093,17691.947033557237,10.275485385089846,0.5621734282368229,-0.31086714118411435
0.63,29.193933909966162,1.4060876822559112,-2.22,32.45,0.0,190.91,0.0,UGC05986,90.0,3.0,8.63,2.59,0.37060560093814854,0.3715045916489733,0.8303112562844669,16662.19915182333,3.9009538110940807,0.5717930426751866,-0.3589652133759332
1.26,40.02524943898904,2.0429094426344885,-8.54,43.44,0.0,121.97,0.0,UGC05986,90.0,3.0,8.63,2.59,0.37060560093814854,0.3715045916489733,0.8303112562844669,16662.19915182333,3.9009538110940807,0.5717930426751866,-0.3589652133759332
1.88,51.85129569967145,2.641613057933775,-2.13,53.72,0.0,104.98,0.0,UGC05986,90.0,3.0,8.63,2.59,0.37060560093814854,0.3715045916489733,0.8303112562844669,16662.19915182333,3.9009538110940807,0.5717930426751866,-0.3589652133759332
2.51,61.64293073369409,3.187816702958023,8.88,65.57,0.0,78.13,0.0,UGC05986,90.0,3.0,8.63,2.59,0.37060560093814854,0.3715045916489733,0.8303112562844669,16662.19915182333,3.9009538110940807,0.5717930426751866,-0.3589652133759332
3.13,73.60015531611346,3.508997012256024,11.55,69.99,0.0,48.41,0.0,UGC05986,90.0,3.0,8.63,2.59,0.37060560093814854,0.3715045916489733,0.8303112562844669,16662.19915182333,3.9009538110940807,0.5717930426751866,-0.3589652133759332
3.77,76.03865728180112,3.7378663240088255,16.04,70.54,0.0,33.32,0.0,UGC05986,90.0,3.0,8.63,2.59,0.37060560093814854,0.3715045916489733,0.8303112562844669,16662.19915182333,3.9009538110940807,0.5717930426751866,-0.3589652133759332
4.39,78.05061791991385,3.9487648745672077,20.82,71.78,0.0,24.23,0.0,UGC05986,90.0,3.0,8.63,2.59,0.37060560093814854,0.3715045916489733,0.8303112562844669,16662.19915182333,3.9009538110940807,0.5717930426751866,-0.3589652133759332
5.02,80.55244733736689,4.094858149191959,24.3,71.41,0.0,12.56,0.0,UGC05986,90.0,3.0,8.63,2.59,0.37060560093814854,0.3715045916489733,0.8303112562844669,16662.19915182333,3.9009538110940807,0.5717930426751866,-0.3589652133759332
5.65,84.99009791859878,4.13446232684166,25.4,67.79,0.0,6.6,0.0,UGC05986,90.0,3.0,8.63,2.59,0.37060560093814854,0.3715045916489733,0.8303112562844669,16662.19915182333,3.9009538110940807,0.5717930426751866,-0.3589652133759332
6.28,84.04935817023883,4.135653216478555,24.6,64.52,0.0,2.89,0.0,UGC05986,90.0,3.0,8.63,2.59,0.37060560093814854,0.3715045916489733,0.8303112562844669,16662.19915182333,3.9009538110940807,0.5717930426751866,-0.3589652133759332
6.9,79.50752104395333,4.147939018859364,25.5,61.11,0.0,0.0,0.0,UGC05986,90.0,3.0,8.63,2.59,0.37060560093814854,0.3715045916489733,0.8303112562844669,16662.19915182333,3.9009538110940807,0.5717930426751866,-0.3589652133759332
7.54,89.57868146870457,4.125011039067332,25.7,56.38,0.0,0.0,0.0,UGC05986,90.0,3.0,8.63,2.59,0.37060560093814854,0.3715045916489733,0.8303112562844669,16662.19915182333,3.9009538110940807,0.5717930426751866,-0.3589652133759332
8.16,82.94263270522241,4.094511245033946,24.6,53.17,0.0,0.0,0.0,UGC05986,90.0,3.0,8.63,2.59,0.37060560093814854,0.3715045916489733,0.8303112562844669,16662.19915182333,3.9009538110940807,0.5717930426751866,-0.3589652133759332
8.79,81.80863585996367,4.0882897122883355,24.9,50.65,0.0,0.0,0.0,UGC05986,90.0,3.0,8.63,2.59,0.37060560093814854,0.3715045916489733,0.8303112562844669,16662.19915182333,3.9009538110940807,0.5717930426751866,-0.3589652133759332
9.41,88.56347398713858,4.123587837475487,27.79,48.55,0.0,0.0,0.0,UGC05986,90.0,3.0,8.63,2.59,0.37060560093814854,0.3715045916489733,0.8303112562844669,16662.19915182333,3.9009538110940807,0.5717930426751866,-0.3589652133759332
1.74,43.74478259491629,2.2596429390807438,0.0,52.62,0.0,88.43,0.0,UGC06930,32.0,5.0,18.0,2.5,0.6499187187354192,0.6329533519272085,0.6859640474031032,12772.724890466261,10.5847568343157,0.5205912322598533,-0.10295616129926645
3.5,49.22622566896471,2.7749236419923156,5.24,59.95,0.0,40.84,0.0,UGC06930,32.0,5.0,18.0,2.5,0.6499187187354192,0.6329533519272085,0.6859640474031032,12772.724890466261,10.5847568343157,0.5205912322598533,-0.10295616129926645
5.24,68.1132808507898,3.20980691683354,17.89,62.66,0.0,24.98,0.0,UGC06930,32.0,5.0,18.0,2.5,0.6499187187354192,0.6329533519272085,0.6859640474031032,12772.724890466261,10.5847568343157,0.5205912322598533,-0.10295616129926645
6.98,65.23743900747387,3.6039620971336292,25.97,65.09,0.0,17.98,0.0,UGC06930,32.0,5.0,18.0,2.5,0.6499187187354192,0.6329533519272085,0.6859640474031032,12772.724890466261,10.5847568343157,0.5205912322598533,-0.10295616129926645
8.72,80.37829353206088,3.8865250146724915,29.85,66.99,0.0,10.91,0.0,UGC06930,32.0,5.0,18.0,2.5,0.6499187187354192,0.6329533519272085,0.6859640474031032,12772.724890466261,10.5847568343157,0.5205912322598533,-0.10295616129926645
10.47,78.80804245486259,4.1111541604141,34.48,67.16,0.0,6.05,0.0,UGC06930,32.0,5.0,18.0,2.5,0.6499187187354192,0.6329533519272085,0.6859640474031032,12772.724890466261,10.5847568343157,0.5205912322598533,-0.10295616129926645
12.19,81.03535519902707,4.260303540469443,40.3,63.93,0.0,2.66,0.0,UGC06930,32.0,5.0,18.0,2.5,0.6499187187354192,0.6329533519272085,0.6859640474031032,12772.724890466261,10.5847568343157,0.5205912322598533,-0.10295616129926645
13.94,85.1333228957113,4.298583974559764,42.57,59.68,0.0,0.84,0.0,UGC06930,32.0,5.0,18.0,2.5,0.6499187187354192,0.6329533519272085,0.6859640474031032,12772.724890466261,10.5847568343157,0.5205912322598533,-0.10295616129926645
15.68,85.14193534879023,4.201135089606867,40.84,54.03,0.0,0.0,0.0,UGC06930,32.0,5.0,18.0,2.5,0.6499187187354192,0.6329533519272085,0.6859640474031032,12772.724890466261,10.5847568343157,0.5205912322598533,-0.10295616129926645
16.61,85.81051301198006,4.163112251461127,39.98,51.7,0.0,0.0,0.0,UGC06930,32.0,5.0,18.0,2.5,0.6499187187354192,0.6329533519272085,0.6859640474031032,12772.724890466261,10.5847568343157,0.5205912322598533,-0.10295616129926645
0.25,16.53042294205091,0.798042162130985,-0.22,17.33,0.0,276.94,0.0,ESO116-G012,74.0,3.0,13.0,3.9,0.33162971762993226,0.7518534083454727,0.7602552813551571,14080.780745347523,8.962133578389876,0.5789378406125535,-0.3946892030627675
0.83,33.03039224121404,1.638959547753153,-1.8,34.96,0.0,168.99,0.0,ESO116-G012,74.0,3.0,13.0,3.9,0.33162971762993226,0.7518534083454727,0.7602552813551571,14080.780745347523,8.962133578389876,0.5789378406125535,-0.3946892030627675
1.38,46.88292385451995,2.3997218555934494,-1.55,51.34,0.0,141.01,0.0,ESO116-G012,74.0,3.0,13.0,3.9,0.33162971762993226,0.7518534083454727,0.7602552813551571,14080.780745347523,8.962133578389876,0.5789378406125535,-0.3946892030627675
1.85,57.82724926829517,2.905304922341836,5.01,61.73,0.0,81.24,0.0,ESO116-G012,74.0,3.0,13.0,3.9,0.33162971762993226,0.7518534083454727,0.7602552813551571,14080.780745347523,8.962133578389876,0.5789378406125535,-0.3946892030627675
2.68,60.72062488646969,3.045480624913699,12.54,60.49,0.0,46.01,0.0,ESO116-G012,74.0,3.0,13.0,3.9,0.33162971762993226,0.7518534083454727,0.7602552813551571,14080.780745347523,8.962133578389876,0.5789378406125535,-0.3946892030627675
3.19,66.08103218222948,3.2727770737106674,16.68,63.17,0.0,41.4,0.0,ESO116-G012,74.0,3.0,13.0,3.9,0.33162971762993226,0.7518534083454727,0.7602552813551571,14080.780745347523,8.962133578389876,0.5789378406125535,-0.3946892030627675
3.68,70.69487302998253,3.465198643071512,20.19,65.14,0.0,30.23,0.0,ESO116-G012,74.0,3.0,13.0,3.9,0.33162971762993226,0.7518534083454727,0.7602552813551571,14080.780745347523,8.962133578389876,0.5789378406125535,-0.3946892030627675
4.13,70.22598520895053,3.60297523048559,22.31,66.32,0.0,24.2,0.0,ESO116-G012,74.0,3.0,13.0,3.9,0.33162971762993226,0.7518534083454727,0.7602552813551571,14080.780745347523,8.962133578389876,0.5789378406125535,-0.3946892030627675
5.23,72.12500880917129,3.7449587397227564,25.63,64.52,0.0,9.48,0.0,ESO116-G012,74.0,3.0,13.0,3.9,0.33162971762993226,0.7518534083454727,0.7602552813551571,14080.780745347523,8.962133578389876,0.5789378406125535,-0.3946892030627675
6.05,77.54111110195609,3.737376421240329,27.28,60.09,0.0,3.57,0.0,ESO116-G012,74.0,3.0,13.0,3.9,0.33162971762993226,0.7518534083454727,0.7602552813551571,14080.780745347523,8.962133578389876,0.5789378406125535,-0.3946892030627675
6.81,68.1428345175772,3.722950497194711,28.58,55.74,0.0,2.78,0.0,ESO116-G012,74.0,3.0,13.0,3.9,0.33162971762993226,0.7518534083454727,0.7602552813551571,14080.780745347523,8.962133578389876,0.5789378406125535,-0.3946892030627675
7.56,73.38232587372651,3.786147367878033,30.7,53.61,0.0,2.04,0.0,ESO116-G012,74.0,3.0,13.0,3.9,0.33162971762993226,0.7518534083454727,0.7602552813551571,14080.780745347523,8.962133578389876,0.5789378406125535,-0.3946892030627675
8.32,83.2328843880501,3.861845737159655,33.83,51.18,0.0,1.21,0.0,ESO116-G012,74.0,3.0,13.0,3.9,0.33162971762993226,0.7518534083454727,0.7602552813551571,14080.780745347523,8.962133578389876,0.5789378406125535,-0.3946892030627675
9.09,67.6659399256458,3.9129539978541477,35.49,49.08,0.0,0.72,0.0,ESO116-G012,74.0,3.0,13.0,3.9,0.33162971762993226,0.7518534083454727,0.7602552813551571,14080.780745347523,8.962133578389876,0.5789378406125535,-0.3946892030627675
9.86,74.69953495066902,3.869049372008657,33.74,46.34,0.0,0.0,0.0,ESO116-G012,74.0,3.0,13.0,3.9,0.33162971762993226,0.7518534083454727,0.7602552813551571,14080.780745347523,8.962133578389876,0.5789378406125535,-0.3946892030627675
0.09,10.556666519425157,0.49246086077909895,0.32,12.72,0.0,658.83,0.0,NGC5585,51.0,2.0,7.06,2.12,0.16776026643562977,0.5857899860885857,0.478702746909506,4992.272667672207,10.829595753719246,0.608977291101253,-0.5448864555062649
0.26,22.489945290495168,1.0432615464426658,0.96,26.94,0.0,391.72,0.0,NGC5585,51.0,2.0,7.06,2.12,0.16776026643562977,0.5857899860885857,0.478702746909506,4992.272667672207,10.829595753719246,0.608977291101253,-0.5448864555062649
0.43,28.69541426267691,1.3719129301644808,1.6,35.34,0.0,269.11,0.0,NGC5585,51.0,2.0,7.06,2.12,0.16776026643562977,0.5857899860885857,0.478702746909506,4992.272667672207,10.829595753719246,0.608977291101253,-0.5448864555062649
0.6,30.854057928254676,1.5599864205890657,2.25,40.03,0.0,185.65,0.0,NGC5585,51.0,2.0,7.06,2.12,0.16776026643562977,0.5857899860885857,0.478702746909506,4992.272667672207,10.829595753719246,0.608977291101253,-0.5448864555062649
0.77,34.46579326177852,1.6930535715073536,2.89,43.26,0.0,148.52,0.0,NGC5585,51.0,2.0,7.06,2.12,0.16776026643562977,0.5857899860885857,0.478702746909506,4992.272667672207,10.829595753719246,0.608977291101253,-0.5448864555062649
0.94,34.42944808071928,1.8023293967003093,3.55,45.85,0.0,129.01,0.0,NGC5585,51.0,2.0,7.06,2.12,0.16776026643562977,0.5857899860885857,0.478702746909506,4992.272667672207,10.829595753719246,0.608977291101253,-0.5448864555062649
1.11,39.47836918705615,1.897148025402315,4.2,48.05,0.0,100.97,0.0,NGC5585,51.0,2.0,7.06,2.12,0.16776026643562977,0.5857899860885857,0.478702746909506,4992.272667672207,10.829595753719246,0.608977291101253,-0.5448864555062649
1.28,36.69853650996161,1.9437645090538727,4.86,48.94,0.0,87.29,0.0,NGC5585,51.0,2.0,7.06,2.12,0.16776026643562977,0.5857899860885857,0.478702746909506,4992.272667672207,10.829595753719246,0.608977291101253,-0.5448864555062649
1.46,39.491401602011024,2.0019846506606487,5.23,50.17,0.0,78.88,0.0,NGC5585,51.0,2.0,7.06,2.12,0.16776026643562977,0.5857899860885857,0.478702746909506,4992.272667672207,10.829595753719246,0.608977291101253,-0.5448864555062649
1.63,43.13431300282809,2.0543818292629563,5.36,51.3,0.0,68.73,0.0,NGC5585,51.0,2.0,7.06,2.12,0.16776026643562977,0.5857899860885857,0.478702746909506,4992.272667672207,10.829595753719246,0.608977291101253,-0.5448864555062649
2.05,41.13647608195711,2.1781815030672536,5.65,53.95,0.0,54.74,0.0,NGC5585,51.0,2.0,7.06,2.12,0.16776026643562977,0.5857899860885857,0.478702746909506,4992.272667672207,10.829595753719246,0.608977291101253,-0.5448864555062649
2.74,46.08689316240148,2.34709327201203,9.45,56.61,0.0,33.95,0.0,NGC5585,51.0,2.0,7.06,2.12,0.16776026643562977,0.5857899860885857,0.478702746909506,4992.272667672207,10.829595753719246,0.608977291101253,-0.5448864555062649
3.42,48.812409965267605,2.4207383898000514,11.66,56.83,0.0,23.05,0.0,NGC5585,51.0,2.0,7.06,2.12,0.16776026643562977,0.5857899860885857,0.478702746909506,4992.272667672207,10.829595753719246,0.608977291101253,-0.5448864555062649
4.11,47.67821073441685,2.5553472970989555,15.23,58.16,0.0,15.08,0.0,NGC5585,51.0,2.0,7.06,2.12,0.16776026643562977,0.5857899860885857,0.478702746909506,4992.272667672207,10.829595753719246,0.608977291101253,-0.5448864555062649
4.79,55.663304819381,2.630047492646055,19.76,56.9,0.0,8.6,0.0,NGC5585,51.0,2.0,7.06,2.12,0.16776026643562977,0.5857899860885857,0.478702746909506,4992.272667672207,10.829595753719246,0.608977291101253,-0.5448864555062649
5.48,53.745514369546704,2.6422551142891484,23.04,53.88,0.0,3.37,0.0,NGC5585,51.0,2.0,7.06,2.12,0.16776026643562977,0.5857899860885857,0.478702746909506,4992.272667672207,10.829595753719246,0.608977291101253,-0.5448864555062649
6.16,49.12673079937835,2.657738641986143,26.02,50.76,0.0,1.42,0.0,NGC5585,51.0,2.0,7.06,2.12,0.16776026643562977,0.5857899860885857,0.478702746909506,4992.272667672207,10.829595753719246,0.608977291101253,-0.5448864555062649
6.85,52.602872108969116,2.6363349251935633,27.47,47.3,0.0,0.0,0.0,NGC5585,51.0,2.0,7.06,2.12,0.16776026643562977,0.5857899860885857,0.478702746909506,4992.272667672207,10.829595753719246,0.608977291101253,-0.5448864555062649
7.53,50.51572641470851,2.6276518662535047,29.11,43.89,0.0,0.0,0.0,NGC5585,51.0,2.0,7.06,2.12,0.16776026643562977,0.5857899860885857,0.478702746909506,4992.272667672207,10.829595753719246,0.608977291101253,-0.5448864555062649
8.21,51.36155533873032,2.6553811173320665,31.03,41.41,0.0,0.0,0.0,NGC5585,51.0,2.0,7.06,2.12,0.16776026643562977,0.5857899860885857,0.478702746909506,4992.272667672207,10.829595753719246,0.608977291101253,-0.5448864555062649
8.9,53.638479758622985,2.6716721411513262,32.1,39.37,0.0,0.0,0.0,NGC5585,51.0,2.0,7.06,2.12,0.16776026643562977,0.5857899860885857,0.478702746909506,4992.272667672207,10.829595753719246,0.608977291101253,-0.5448864555062649
9.57,51.539617579315426,2.6717880656296558,32.38,37.7,0.0,0.0,0.0,NGC5585,51.0,2.0,7.06,2.12,0.16776026643562977,0.5857899860885857,0.478702746909506,4992.272667672207,10.829595753719246,0.608977291101253,-0.5448864555062649
10.31,56.163664283278656,2.678987486160876,32.77,36.11,0.0,0.0,0.0,NGC5585,51.0,2.0,7.06,2.12,0.16776026643562977,0.5857899860885857,0.478702746909506,4992.272667672207,10.829595753719246,0.608977291101253,-0.5448864555062649
10.96,51.488263820199556,2.6684297802946957,32.48,34.88,0.0,0.0,0.0,NGC5585,51.0,2.0,7.06,2.12,0.16776026643562977,0.5857899860885857,0.478702746909506,4992.272667672207,10.829595753719246,0.608977291101253,-0.5448864555062649
2.5,168.5920089416522,8.648087434770767,0.0,122.77,171.6,669.71,11.84,NGC6674,54.0,6.0,51.2,10.2,2.0307089901481765,0.6268173215848669,0.6929822239215749,12673.201156224995,28.47345159524021,0.2674740057659405,1.1626299711702974
7.49,181.50474487844176,9.630158407904595,0.0,218.15,99.53,282.14,0.0,NGC6674,54.0,6.0,51.2,10.2,2.0307089901481765,0.6268173215848669,0.6929822239215749,12673.201156224995,28.47345159524021,0.2674740057659405,1.1626299711702974
12.54,204.12327246587446,9.91950056034803,0.0,234.07,76.92,106.66,0.0,NGC6674,54.0,6.0,51.2,10.2,2.0307089901481765,0.6268173215848669,0.6929822239215749,12673.201156224995,28.47345159524021,0.2674740057659405,1.1626299711702974
17.45,196.4130234634769,9.380788238931649,0.0,221.55,65.21,40.36,0.0,NGC6674,54.0,6.0,51.2,10.2,2.0307089901481765,0.6268173215848669,0.6929822239215749,12673.201156224995,28.47345159524021,0.2674740057659405,1.1626299711702974
22.47,195.706637790331,8.847821755988615,23.41,205.25,57.46,19.71,0.0,NGC6674,54.0,6.0,51.2,10.2,2.0307089901481765,0.6268173215848669,0.6929822239215749,12673.201156224995,28.47345159524021,0.2674740057659405,1.1626299711702974
27.48,179.43076454849404,8.427727513828307,35.47,190.15,51.96,8.34,0.0,NGC6674,54.0,6.0,51.2,10.2,2.0307089901481765,0.6268173215848669,0.6929822239215749,12673.201156224995,28.47345159524021,0.2674740057659405,1.1626299711702974
32.5,161.66406613912034,7.983497139987654,42.22,174.2,47.78,3.62,0.0,NGC6674,54.0,6.0,51.2,10.2,2.0307089901481765,0.6268173215848669,0.6929822239215749,12673.201156224995,28.47345159524021,0.2674740057659405,1.1626299711702974
37.51,150.61222684164392,7.610895067028584,45.59,160.68,44.48,1.58,0.0,NGC6674,54.0,6.0,51.2,10.2,2.0307089901481765,0.6268173215848669,0.6929822239215749,12673.201156224995,28.47345159524021,0.2674740057659405,1.1626299711702974
42.42,149.77959814060398,7.346205122611629,49.68,149.48,41.82,0.7,0.0,NGC6674,54.0,6.0,51.2,10.2,2.0307089901481765,0.6268173215848669,0.6929822239215749,12673.201156224995,28.47345159524021,0.2674740057659405,1.1626299711702974
47.44,141.82543372726983,7.101120127073372,50.91,139.94,39.55,0.3,0.0,NGC6674,54.0,6.0,51.2,10.2,2.0307089901481765,0.6268173215848669,0.6929822239215749,12673.201156224995,28.47345159524021,0.2674740057659405,1.1626299711702974
52.45,146.97883628743267,6.847857861789972,48.66,131.98,37.61,0.13,0.0,NGC6674,54.0,6.0,51.2,10.2,2.0307089901481765,0.6268173215848669,0.6929822239215749,12673.201156224995,28.47345159524021,0.2674740057659405,1.1626299711702974
57.47,140.57824245024997,6.712118912530321,50.7,125.25,35.93,0.06,0.0,NGC6674,54.0,6.0,51.2,10.2,2.0307089901481765,0.6268173215848669,0.6929822239215749,12673.201156224995,28.47345159524021,0.2674740057659405,1.1626299711702974
62.48,126.01158408704124,6.575693438941379,51.01,119.5,34.46,0.03,0.0,NGC6674,54.0,6.0,51.2,10.2,2.0307089901481765,0.6268173215848669,0.6929822239215749,12673.201156224995,28.47345159524021,0.2674740057659405,1.1626299711702974
67.4,123.73824687463657,6.407201720827345,48.35,114.62,33.18,0.01,0.0,NGC6674,54.0,6.0,51.2,10.2,2.0307089901481765,0.6268173215848669,0.6929822239215749,12673.201156224995,28.47345159524021,0.2674740057659405,1.1626299711702974
72.41,133.27343712800413,6.237266758095275,44.77,110.24,32.01,0.0,0.0,NGC6674,54.0,6.0,51.2,10.2,2.0307089901481765,0.6268173215848669,0.6929822239215749,12673.201156224995,28.47345159524021,0.2674740057659405,1.1626299711702974
0.26,23.000692644913308,1.1663504468290382,1.0,2.78,0.0,10.55,0.0,NGC3109,70.0,5.0,1.33,0.07,-1.0132282657337552,0.5367573719038673,0.6636240588665773,20438.366452780192,2.2388172269290725,0.8254682006714534,-1.627341003357267
0.52,33.90893321075653,1.7354639907051699,2.12,4.73,0.0,8.77,0.0,NGC3109,70.0,5.0,1.33,0.07,-1.0132282657337552,0.5367573719038673,0.6636240588665773,20438.366452780192,2.2388172269290725,0.8254682006714534,-1.627341003357267
0.77,38.94323728998646,2.158916191326381,4.53,7.0,0.0,8.41,0.0,NGC3109,70.0,5.0,1.33,0.07,-1.0132282657337552,0.5367573719038673,0.6636240588665773,20438.366452780192,2.2388172269290725,0.8254682006714534,-1.627341003357267
1.03,52.338443454374776,2.508521797772239,6.54,8.59,0.0,7.93,0.0,NGC3109,70.0,5.0,1.33,0.07,-1.0132282657337552,0.5367573719038673,0.6636240588665773,20438.366452780192,2.2388172269290725,0.8254682006714534,-1.627341003357267
1.29,52.459604602440045,2.791753519686714,8.22,10.63,0.0,6.67,0.0,NGC3109,70.0,5.0,1.33,0.07,-1.0132282657337552,0.5367573719038673,0.6636240588665773,20438.366452780192,2.2388172269290725,0.8254682006714534,-1.627341003357267
1.55,58.65598552624932,3.0186330069966982,10.06,11.72,0.0,5.17,0.0,NGC3109,70.0,5.0,1.33,0.07,-1.0132282657337552,0.5367573719038673,0.6636240588665773,20438.366452780192,2.2388172269290725,0.8254682006714534,-1.627341003357267
1.81,61.623861215656305,3.2002207733756936,11.73,12.56,0.0,4.71,0.0,NGC3109,70.0,5.0,1.33,0.07,-1.0132282657337552,0.5367573719038673,0.6636240588665773,20438.366452780192,2.2388172269290725,0.8254682006714534,-1.627341003357267
2.06,69.19413154726352,3.3383588035542275,12.92,13.39,0.0,3.81,0.0,NGC3109,70.0,5.0,1.33,0.07,-1.0132282657337552,0.5367573719038673,0.6636240588665773,20438.366452780192,2.2388172269290725,0.8254682006714534,-1.627341003357267
2.32,68.70833162277218,3.447237638668159,13.76,13.69,0.0,2.97,0.0,NGC3109,70.0,5.0,1.33,0.07,-1.0132282657337552,0.5367573719038673,0.6636240588665773,20438.366452780192,2.2388172269290725,0.8254682006714534,-1.627341003357267
2.58,70.65398317422914,3.529978154411367,14.44,13.73,0.0,2.43,0.0,NGC3109,70.0,5.0,1.33,0.07,-1.0132282657337552,0.5367573719038673,0.6636240588665773,20438.366452780192,2.2388172269290725,0.8254682006714534,-1.627341003357267
2.84,65.82695737644978,3.5930685796332074,15.04,13.74,0.0,2.3,0.0,NGC3109,70.0,5.0,1.33,0.07,-1.0132282657337552,0.5367573719038673,0.6636240588665773,20438.366452780192,2.2388172269290725,0.8254682006714534,-1.627341003357267
3.1,72.50574067905143,3.6412058485230605,15.37,14.32,0.0,2.42,0.0,NGC3109,70.0,5.0,1.33,0.07,-1.0132282657337552,0.5367573719038673,0.6636240588665773,20438.366452780192,2.2388172269290725,0.8254682006714534,-1.627341003357267
3.35,68.12664235110827,3.677816207689992,15.75,15.08,0.0,1.97,0.0,NGC3109,70.0,5.0,1.33,0.07,-1.0132282657337552,0.5367573719038673,0.6636240588665773,20438.366452780192,2.2388172269290725,0.8254682006714534,-1.627341003357267
3.61,75.23823868467112,3.7050036349544104,16.29,15.34,0.0,1.22,0.0,NGC3109,70.0,5.0,1.33,0.07,-1.0132282657337552,0.5367573719038673,0.6636240588665773,20438.366452780192,2.2388172269290725,0.8254682006714534,-1.627341003357267
3.87,75.65593192167984,3.7146836015707607,16.37,14.77,0.0,0.78,0.0,NGC3109,70.0,5.0,1.33,0.07,-1.0132282657337552,0.5367573719038673,0.6636240588665773,20438.366452780192,2.2388172269290725,0.8254682006714534,-1.627341003357267
4.13,74.28558673255075,3.717513105130757,16.42,14.16,0.0,0.69,0.0,NGC3109,70.0,5.0,1.33,0.07,-1.0132282657337552,0.5367573719038673,0.6636240588665773,20438.366452780192,2.2388172269290725,0.8254682006714534,-1.627341003357267
4.38,82.03406722006649,3.72152304540401,16.88,13.87,0.0,0.81,0.0,NGC3109,70.0,5.0,1.33,0.07,-1.0132282657337552,0.5367573719038673,0.6636240588665773,20438.366452780192,2.2388172269290725,0.8254682006714534,-1.627341003357267
4.64,76.40554498657382,3.722065178560759,17.22,13.96,0.0,0.75,0.0,NGC3109,70.0,5.0,1.33,0.07,-1.0132282657337552,0.5367573719038673,0.6636240588665773,20438.366452780192,2.2388172269290725,0.8254682006714534,-1.627341003357267
4.9,76.62178174675803,3.720258101622323,17.66,14.01,0.0,0.64,0.0,NGC3109,70.0,5.0,1.33,0.07,-1.0132282657337552,0.5367573719038673,0.6636240588665773,20438.366452780192,2.2388172269290725,0.8254682006714534,-1.627341003357267
5.16,74.83821851950363,3.715473224882599,18.09,14.01,0.0,0.51,0.0,NGC3109,70.0,5.0,1.33,0.07,-1.0132282657337552,0.5367573719038673,0.6636240588665773,20438.366452780192,2.2388172269290725,0.8254682006714534,-1.627341003357267
5.42,73.50490743528313,3.711011746073357,18.73,13.96,0.0,0.43,0.0,NGC3109,70.0,5.0,1.33,0.07,-1.0132282657337552,0.5367573719038673,0.6636240588665773,20438.366452780192,2.2388172269290725,0.8254682006714534,-1.627341003357267
5.67,77.68196648608101,3.70515450457783,19.3,13.99,0.0,0.36,0.0,NGC3109,70.0,5.0,1.33,0.07,-1.0132282657337552,0.5367573719038673,0.6636240588665773,20438.366452780192,2.2388172269290725,0.8254682006714534,-1.627341003357267
5.93,77.87320184535146,3.690419546370695,19.36,13.93,0.0,0.0,0.0,NGC3109,70.0,5.0,1.33,0.07,-1.0132282657337552,0.5367573719038673,0.6636240588665773,20438.366452780192,2.2388172269290725,0.8254682006714534,-1.627341003357267
6.19,68.64635365226795,3.671155803221818,19.43,13.15,0.0,0.0,0.0,NGC3109,70.0,5.0,1.33,0.07,-1.0132282657337552,0.5367573719038673,0.6636240588665773,20438.366452780192,2.2388172269290725,0.8254682006714534,-1.627341003357267
6.45,76.87347441648313,3.6511677964885303,19.41,12.62,0.0,0.0,0.0,NGC3109,70.0,5.0,1.33,0.07,-1.0132282657337552,0.5367573719038673,0.6636240588665773,20438.366452780192,2.2388172269290725,0.8254682006714534,-1.627341003357267
0.22,27.196366916313174,1.4445342447909755,0.92,38.29,0.0,1846.57,0.0,F571-8,85.0,5.0,53.3,10.7,0.7060346607143505,0.5627977136262245,0.873309224061207,4616.787062281048,7.100482619320774,0.5103044335404013,-0.05152216770200682
0.78,70.69058543042156,3.2390337558003703,2.67,85.69,0.0,705.48,0.0,F571-8,85.0,5.0,53.3,10.7,0.7060346607143505,0.5627977136262245,0.873309224061207,4616.787062281048,7.100482619320774,0.5103044335404013,-0.05152216770200682
1.33,79.90570681761321,3.9454885664977577,3.9,104.0,0.0,403.21,0.0,F571-8,85.0,5.0,53.3,10.7,0.7060346607143505,0.5627977136262245,0.873309224061207,4616.787062281048,7.100482619320774,0.5103044335404013,-0.05152216770200682
2.33,81.40191498530199,4.380510906756256,5.34,114.45,0.0,121.25,0.0,F571-8,85.0,5.0,53.3,10.7,0.7060346607143505,0.5627977136262245,0.873309224061207,4616.787062281048,7.100482619320774,0.5103044335404013,-0.05152216770200682
3.44,85.07366981874719,4.1809080960500555,7.09,107.32,0.0,35.98,0.0,F571-8,85.0,5.0,53.3,10.7,0.7060346607143505,0.5627977136262245,0.873309224061207,4616.787062281048,7.100482619320774,0.5103044335404013,-0.05152216770200682
3.78,79.90010774115724,4.068673522890613,7.29,103.7,0.0,25.02,0.0,F571-8,85.0,5.0,53.3,10.7,0.7060346607143505,0.5627977136262245,0.873309224061207,4616.787062281048,7.100482619320774,0.5103044335404013,-0.05152216770200682
4.77,67.40684731986815,3.7125287295629565,8.42,92.03,0.0,8.51,0.0,F571-8,85.0,5.0,53.3,10.7,0.7060346607143505,0.5627977136262245,0.873309224061207,4616.787062281048,7.100482619320774,0.5103044335404013,-0.05152216770200682
5.44,62.98812685659871,3.5566796229862847,8.94,86.43,0.0,6.64,0.0,F571-8,85.0,5.0,53.3,10.7,0.7060346607143505,0.5627977136262245,0.873309224061207,4616.787062281048,7.100482619320774,0.5103044335404013,-0.05152216770200682
6.11,62.98764118231512,3.4237375675781814,9.45,81.42,0.0,6.17,0.0,F571-8,85.0,5.0,53.3,10.7,0.7060346607143505,0.5627977136262245,0.873309224061207,4616.787062281048,7.100482619320774,0.5103044335404013,-0.05152216770200682
7.22,67.11430395094028,3.3107236969699936,10.47,76.23,0.0,5.4,0.0,F571-8,85.0,5.0,53.3,10.7,0.7060346607143505,0.5627977136262245,0.873309224061207,4616.787062281048,7.100482619320774,0.5103044335404013,-0.05152216770200682
9.33,62.837533157950844,3.1494467023381194,11.28,68.45,0.0,2.8,0.0,F571-8,85.0,5.0,53.3,10.7,0.7060346607143505,0.5627977136262245,0.873309224061207,4616.787062281048,7.100482619320774,0.5103044335404013,-0.05152216770200682
11.1,60.73286858039248,3.074951044695057,11.8,64.24,0.0,1.77,0.0,F571-8,85.0,5.0,53.3,10.7,0.7060346607143505,0.5627977136262245,0.873309224061207,4616.787062281048,7.100482619320774,0.5103044335404013,-0.05152216770200682
15.55,58.58632105720507,2.8882056009472143,11.28,55.43,0.0,0.0,0.0,F571-8,85.0,5.0,53.3,10.7,0.7060346607143505,0.5627977136262245,0.873309224061207,4616.787062281048,7.100482619320774,0.5103044335404013,-0.05152216770200682
0.49,21.85198190288741,1.164395424635425,3.74,12.31,0.0,15.93,0.0,DDO154,64.0,3.0,4.04,0.2,-1.576754126063192,0.5742262568758801,0.43136737543100306,11912.501870609525,3.7740337466607863,0.9287699878996056,-2.1438499394980277
0.99,32.06568273335865,1.648384029039043,7.46,14.55,0.0,5.52,0.0,DDO154,64.0,3.0,4.04,0.2,-1.576754126063192,0.5742262568758801,0.43136737543100306,11912.501870609525,3.7740337466607863,0.9287699878996056,-2.1438499394980277
1.48,39.12778212227835,1.9684826859687516,10.87,12.95,0.0,1.26,0.0,DDO154,64.0,3.0,4.04,0.2,-1.576754126063192,0.5742262568758801,0.43136737543100306,11912.501870609525,3.7740337466607863,0.9287699878996056,-2.1438499394980277
1.97,43.69726821693049,2.2143537821962838,13.32,11.54,0.0,0.29,0.0,DDO154,64.0,3.0,4.04,0.2,-1.576754126063192,0.5742262568758801,0.43136737543100306,11912.501870609525,3.7740337466607863,0.9287699878996056,-2.1438499394980277
2.47,44.47371463836519,2.3981082135337215,14.77,10.18,0.0,0.08,0.0,DDO154,64.0,3.0,4.04,0.2,-1.576754126063192,0.5742262568758801,0.43136737543100306,11912.501870609525,3.7740337466607863,0.9287699878996056,-2.1438499394980277
2.96,49.56238754702691,2.539466477145547,16.2,9.16,0.0,0.02,0.0,DDO154,64.0,3.0,4.04,0.2,-1.576754126063192,0.5742262568758801,0.43136737543100306,11912.501870609525,3.7740337466607863,0.9287699878996056,-2.1438499394980277
3.46,58.37115917011115,2.6513264093462183,17.6,8.37,0.0,0.01,0.0,DDO154,64.0,3.0,4.04,0.2,-1.576754126063192,0.5742262568758801,0.43136737543100306,11912.501870609525,3.7740337466607863,0.9287699878996056,-2.1438499394980277
3.95,51.51065233605293,2.7188937452792348,17.91,7.77,0.0,0.0,0.0,DDO154,64.0,3.0,4.04,0.2,-1.576754126063192,0.5742262568758801,0.43136737543100306,11912.501870609525,3.7740337466607863,0.9287699878996056,-2.1438499394980277
4.44,50.45774831736179,2.755310681046808,17.48,7.29,0.0,0.0,0.0,DDO154,64.0,3.0,4.04,0.2,-1.576754126063192,0.5742262568758801,0.43136737543100306,11912.501870609525,3.7740337466607863,0.9287699878996056,-2.1438499394980277
4.94,56.277587087642665,2.775680225312086,16.93,6.89,0.0,0.0,0.0,DDO154,64.0,3.0,4.04,0.2,-1.576754126063192,0.5742262568758801,0.43136737543100306,11912.501870609525,3.7740337466607863,0.9287699878996056,-2.1438499394980277
5.43,57.3111740230205,2.782551278565835,16.28,6.55,0.0,0.0,0.0,DDO154,64.0,3.0,4.04,0.2,-1.576754126063192,0.5742262568758801,0.43136737543100306,11912.501870609525,3.7740337466607863,0.9287699878996056,-2.1438499394980277
5.92,56.9091382215938,2.7809331302099376,15.64,6.26,0.0,0.0,0.0,DDO154,64.0,3.0,4.04,0.2,-1.576754126063192,0.5742262568758801,0.43136737543100306,11912.501870609525,3.7740337466607863,0.9287699878996056,-2.1438499394980277
0.62,42.979525657880856,2.21640800557342,0.82,71.2,0.0,1873.58,0.0,UGC11455,90.0,1.0,78.6,11.8,2.2722153569589207,0.3863654208506793,0.8808613051619999,14940.531005474137,28.15804395309721,0.22320267577951725,1.3839866211024137
1.23,69.77712917928714,3.5079221044790425,1.0,112.64,0.0,1393.4,0.0,UGC11455,90.0,1.0,78.6,11.8,2.2722153569589207,0.3863654208506793,0.8808613051619999,14940.531005474137,28.15804395309721,0.22320267577951725,1.3839866211024137
1.83,90.19797960968683,4.354426064156608,2.09,139.71,0.0,1127.85,0.0,UGC11455,90.0,1.0,78.6,11.8,2.2722153569589207,0.3863654208506793,0.8808613051619999,14940.531005474137,28.15804395309721,0.22320267577951725,1.3839866211024137
2.47,102.36722446019544,4.963540496518708,3.39,159.08,0.0,925.97,0.0,UGC11455,90.0,1.0,78.6,11.8,2.2722153569589207,0.3863654208506793,0.8808613051619999,14940.531005474137,28.15804395309721,0.22320267577951725,1.3839866211024137
3.08,106.78988948181126,5.345507975735133,2.17,171.23,0.0,805.41,0.0,UGC11455,90.0,1.0,78.6,11.8,2.2722153569589207,0.3863654208506793,0.8808613051619999,14940.531005474137,28.15804395309721,0.22320267577951725,1.3839866211024137
3.68,118.30507187864319,5.651631664986314,0.18,180.9,0.0,736.52,0.0,UGC11455,90.0,1.0,78.6,11.8,2.2722153569589207,0.3863654208506793,0.8808613051619999,14940.531005474137,28.15804395309721,0.22320267577951725,1.3839866211024137
4.32,119.45655140899213,5.948590166699222,0.0,190.21,0.0,674.92,0.0,UGC11455,90.0,1.0,78.6,11.8,2.2722153569589207,0.3863654208506793,0.8808613051619999,14940.531005474137,28.15804395309721,0.22320267577951725,1.3839866211024137
4.91,129.90938033772983,6.216954460522078,0.2,198.61,0.0,662.92,0.0,UGC11455,90.0,1.0,78.6,11.8,2.2722153569589207,0.3863654208506793,0.8808613051619999,14940.531005474137,28.15804395309721,0.22320267577951725,1.3839866211024137
5.53,124.10000813852723,6.673431520201726,0.2,213.09,0.0,650.45,0.0,UGC11455,90.0,1.0,78.6,11.8,2.2722153569589207,0.3863654208506793,0.8808613051619999,14940.531005474137,28.15804395309721,0.22320267577951725,1.3839866211024137
6.17,132.89486178093463,7.212423569418677,0.0,230.24,0.0,650.0,0.0,UGC11455,90.0,1.0,78.6,11.8,2.2722153569589207,0.3863654208506793,0.8808613051619999,14940.531005474137,28.15804395309721,0.22320267577951725,1.3839866211024137
6.78,164.73176914084493,7.929052066527619,0.58,253.17,0.0,639.7,0.0,UGC11455,90.0,1.0,78.6,11.8,2.2722153569589207,0.3863654208506793,0.8808613051619999,14940.531005474137,28.15804395309721,0.22320267577951725,1.3839866211024137
7.38,160.5784092034827,8.628646996346061,2.58,275.53,0.0,565.76,0.0,UGC11455,90.0,1.0,78.6,11.8,2.2722153569589207,0.3863654208506793,0.8808613051619999,14940.531005474137,28.15804395309721,0.22320267577951725,1.3839866211024137
8.0,177.68467897607414,9.020222462047036,0.0,287.96,0.0,471.02,0.0,UGC11455,90.0,1.0,78.6,11.8,2.2722153569589207,0.3863654208506793,0.8808613051619999,14940.531005474137,28.15804395309721,0.22320267577951725,1.3839866211024137
8.62,181.48453777492628,9.11895662577119,0.0,290.86,0.0,408.2,0.0,UGC11455,90.0,1.0,78.6,11.8,2.2722153569589207,0.3863654208506793,0.8808613051619999,14940.531005474137,28.15804395309721,0.22320267577951725,1.3839866211024137
9.23,181.14498436255232,9.283749896447484,7.92,295.63,0.0,389.51,0.0,UGC11455,90.0,1.0,78.6,11.8,2.2722153569589207,0.3863654208506793,0.8808613051619999,14940.531005474137,28.15804395309721,0.22320267577951725,1.3839866211024137
9.85,186.04569289106956,9.518102611827294,16.06,302.1,0.0,358.51,0.0,UGC11455,90.0,1.0,78.6,11.8,2.2722153569589207,0.3863654208506793,0.8808613051619999,14940.531005474137,28.15804395309721,0.22320267577951725,1.3839866211024137
10.43,208.08927843262467,9.727149585543884,21.24,307.81,0.0,328.15,0.0,UGC11455,90.0,1.0,78.6,11.8,2.2722153569589207,0.3863654208506793,0.8808613051619999,14940.531005474137,28.15804395309721,0.22320267577951725,1.3839866211024137
11.05,172.82933687098486,9.892695747900072,23.48,312.49,0.0,295.55,0.0,UGC11455,90.0,1.0,78.6,11.8,2.2722153569589207,0.3863654208506793,0.8808613051619999,14940.531005474137,28.15804395309721,0.22320267577951725,1.3839866211024137
11.67,209.17453283580983,10.016079224307468,24.19,316.07,0.0,269.2,0.0,UGC11455,90.0,1.0,78.6,11.8,2.2722153569589207,0.3863654208506793,0.8808613051619999,14940.531005474137,28.15804395309721,0.22320267577951725,1.3839866211024137
12.19,225.73342511794064,10.124766996515465,23.78,319.44,0.0,249.24,0.0,UGC11455,90.0,1.0,78.6,11.8,2.2722153569589207,0.3863654208506793,0.8808613051619999,14940.531005474137,28.15804395309721,0.22320267577951725,1.3839866211024137
12.91,205.11367734198788,10.243604321772311,22.46,323.2,0.0,220.87,0.0,UGC11455,90.0,1.0,78.6,11.8,2.2722153569589207,0.3863654208506793,0.8808613051619999,14940.531005474137,28.15804395309721,0.22320267577951725,1.3839866211024137
14.56,207.41677434525027,10.38068728817396,23.48,326.62,0.0,154.04,0.0,UGC11455,90.0,1.0,78.6,11.8,2.2722153569589207,0.3863654208506793,0.8808613051619999,14940.531005474137,28.15804395309721,0.22320267577951725,1.3839866211024137
16.63,209.50402039886137,10.108089952878014,24.49,316.26,0.0,98.46,0.0,UGC11455,90.0,1.0,78.6,11.8,2.2722153569589207,0.3863654208506793,0.8808613051619999,14940.531005474137,28.15804395309721,0.22320267577951725,1.3839866211024137
17.77,217.04475159883742,9.943020656235937,24.49,310.12,0.0,85.89,0.0,UGC11455,90.0,1.0,78.6,11.8,2.2722153569589207,0.3863654208506793,0.8808613051619999,14940.531005474137,28.15804395309721,0.22320267577951725,1.3839866211024137
18.49,185.83981211957442,9.878816483039445,26.12,307.21,0.0,77.89,0.0,UGC11455,90.0,1.0,78.6,11.8,2.2722153569589207,0.3863654208506793,0.8808613051619999,14940.531005474137,28.15804395309721,0.22320267577951725,1.3839866211024137
20.24,198.2776089995023,9.870603119508225,41.26,301.54,0.0,61.63,0.0,UGC11455,90.0,1.0,78.6,11.8,2.2722153569589207,0.3863654208506793,0.8808613051619999,14940.531005474137,28.15804395309721,0.22320267577951725,1.3839866211024137
22.62,195.8486609452971,9.884465588874788,55.9,294.39,0.0,42.2,0.0,UGC11455,90.0,1.0,78.6,11.8,2.2722153569589207,0.3863654208506793,0.8808613051619999,14940.531005474137,28.15804395309721,0.22320267577951725,1.3839866211024137
24.89,198.62519891498454,9.66104943725794,53.66,286.32,0.0,25.35,0.0,UGC11455,90.0,1.0,78.6,11.8,2.2722153569589207,0.3863654208506793,0.8808613051619999,14940.531005474137,28.15804395309721,0.22320267577951725,1.3839866211024137
27.06,187.44943028103535,9.29846194212961,52.14,273.02,0.0,13.51,0.0,UGC11455,90.0,1.0,78.6,11.8,2.2722153569589207,0.3863654208506793,0.8808613051619999,14940.531005474137,28.15804395309721,0.22320267577951725,1.3839866211024137
29.13,184.622489238414,8.936378950993044,47.05,261.41,0.0,8.93,0.0,UGC11455,90.0,1.0,78.6,11.8,2.2722153569589207,0.3863654208506793,0.8808613051619999,14940.531005474137,28.15804395309721,0.22320267577951725,1.3839866211024137
31.3,169.25041042801237,8.644766321843822,45.53,250.43,0.0,5.08,0.0,UGC11455,90.0,1.0,78.6,11.8,2.2722153569589207,0.3863654208506793,0.8808613051619999,14940.531005474137,28.15804395309721,0.22320267577951725,1.3839866211024137
33.46,169.69421137704495,8.463972922957323,50.92,239.85,0.0,2.15,0.0,UGC11455,90.0,1.0,78.6,11.8,2.2722153569589207,0.3863654208506793,0.8808613051619999,14940.531005474137,28.15804395309721,0.22320267577951725,1.3839866211024137
35.53,158.37133441324534,8.193178458200826,49.39,229.51,0.0,0.6,0.0,UGC11455,90.0,1.0,78.6,11.8,2.2722153569589207,0.3863654208506793,0.8808613051619999,14940.531005474137,28.15804395309721,0.22320267577951725,1.3839866211024137
37.7,153.13788739436782,7.919951808516877,46.04,219.93,0.0,0.46,0.0,UGC11455,90.0,1.0,78.6,11.8,2.2722153569589207,0.3863654208506793,0.8808613051619999,14940.531005474137,28.15804395309721,0.22320267577951725,1.3839866211024137
39.87,154.77329071208922,7.793821347190182,49.19,212.13,0.0,0.19,0.0,UGC11455,90.0,1.0,78.6,11.8,2.2722153569589207,0.3863654208506793,0.8808613051619999,14940.531005474137,28.15804395309721,0.22320267577951725,1.3839866211024137
41.93,151.88513828112858,7.6485655172110585,49.09,205.47,0.0,0.0,0.0,UGC11455,90.0,1.0,78.6,11.8,2.2722153569589207,0.3863654208506793,0.8808613051619999,14940.531005474137,28.15804395309721,0.22320267577951725,1.3839866211024137
0.22,168.05055209467778,7.963901931257848,0.62,26.39,158.03,1284.41,17156.5,UGC08699,73.0,9.0,39.3,9.82,1.4005552572189064,0.38169953432855613,1.0048561108668428,15854.447412366915,11.72653528337187,0.38298956844487453,0.5850521577756272
0.43,225.4823714772323,11.712325159040589,1.83,47.21,231.8,1125.76,7720.07,UGC08699,73.0,9.0,39.3,9.82,1.4005552572189064,0.38169953432855613,1.0048561108668428,15854.447412366915,11.72653528337187,0.38298956844487453,0.5850521577756272
0.65,261.0138432338663,12.727241204345221,2.76,65.47,250.59,980.53,2738.14,UGC08699,73.0,9.0,39.3,9.82,1.4005552572189064,0.38169953432855613,1.0048561108668428,15854.447412366915,11.72653528337187,0.38298956844487453,0.5850521577756272
0.87,249.62520948450188,12.49188918352761,3.59,80.81,244.02,854.03,1058.7,UGC08699,73.0,9.0,39.3,9.82,1.4005552572189064,0.38169953432855613,1.0048561108668428,15854.447412366915,11.72653528337187,0.38298956844487453,0.5850521577756272
1.08,242.2621049754591,11.963196687904594,4.38,93.2,231.39,748.54,443.76,UGC08699,73.0,9.0,39.3,9.82,1.4005552572189064,0.38169953432855613,1.0048561108668428,15854.447412366915,11.72653528337187,0.38298956844487453,0.5850521577756272
1.31,229.57803942289382,11.381577483956454,5.12,104.66,217.32,647.89,128.19,UGC08699,73.0,9.0,39.3,9.82,1.4005552572189064,0.38169953432855613,1.0048561108668428,15854.447412366915,11.72653528337187,0.38298956844487453,0.5850521577756272
1.52,210.31070099531522,10.826899227911493,5.84,113.51,203.82,567.07,14.44,UGC08699,73.0,9.0,39.3,9.82,1.4005552572189064,0.38169953432855613,1.0048561108668428,15854.447412366915,11.72653528337187,0.38298956844487453,0.5850521577756272
1.73,206.96779368472897,10.327246564060971,6.53,120.8,191.4,494.29,1.36,UGC08699,73.0,9.0,39.3,9.82,1.4005552572189064,0.38169953432855613,1.0048561108668428,15854.447412366915,11.72653528337187,0.38298956844487453,0.5850521577756272
1.96,217.7954667288527,9.884925193334148,7.2,127.95,179.83,433.23,0.1,UGC08699,73.0,9.0,39.3,9.82,1.4005552572189064,0.38169953432855613,1.0048561108668428,15854.447412366915,11.72653528337187,0.38298956844487453,0.5850521577756272
2.17,169.83064288708317,9.561247284768907,7.85,133.72,170.88,374.57,0.01,UGC08699,73.0,9.0,39.3,9.82,1.4005552572189064,0.38169953432855613,1.0048561108668428,15854.447412366915,11.72653528337187,0.38298956844487453,0.5850521577756272
2.39,185.80341965055203,9.25963404898701,8.49,138.13,162.54,305.03,0.0,UGC08699,73.0,9.0,39.3,9.82,1.4005552572189064,0.38169953432855613,1.0048561108668428,15854.447412366915,11.72653528337187,0.38298956844487453,0.5850521577756272
2.6,184.18141572744992,9.013045398367245,9.1,140.07,156.06,243.47,0.0,UGC08699,73.0,9.0,39.3,9.82,1.4005552572189064,0.38169953432855613,1.0048561108668428,15854.447412366915,11.72653528337187,0.38298956844487453,0.5850521577756272
2.83,165.60524391973098,8.740110671660489,9.69,139.86,149.58,190.61,0.0,UGC08699,73.0,9.0,39.3,9.82,1.4005552572189064,0.38169953432855613,1.0048561108668428,15854.447412366915,11.72653528337187,0.38298956844487453,0.5850521577756272
3.04,158.35692442373173,8.500262098701745,10.26,138.24,144.32,155.5,0.0,UGC08699,73.0,9.0,39.3,9.82,1.4005552572189064,0.38169953432855613,1.0048561108668428,15854.447412366915,11.72653528337187,0.38298956844487453,0.5850521577756272
5.87,150.84316527701768,6.807335064303699,16.97,124.36,103.86,85.65,0.0,UGC08699,73.0,9.0,39.3,9.82,1.4005552572189064,0.38169953432855613,1.0048561108668428,15854.447412366915,11.72653528337187,0.38298956844487453,0.5850521577756272
6.08,132.92501549362015,6.77204273284935,17.59,125.28,102.05,83.33,0.0,UGC08699,73.0,9.0,39.3,9.82,1.4005552572189064,0.38169953432855613,1.0048561108668428,15854.447412366915,11.72653528337187,0.38298956844487453,0.5850521577756272
6.3,148.83640549930706,6.74108601455497,18.32,126.27,100.25,80.59,0.0,UGC08699,73.0,9.0,39.3,9.82,1.4005552572189064,0.38169953432855613,1.0048561108668428,15854.447412366915,11.72653528337187,0.38298956844487453,0.5850521577756272
6.52,137.90478727200323,6.715347522673312,18.94,127.31,98.55,77.61,0.0,UGC08699,73.0,9.0,39.3,9.82,1.4005552572189064,0.38169953432855613,1.0048561108668428,15854.447412366915,11.72653528337187,0.38298956844487453,0.5850521577756272
6.74,134.34865774524042,6.691956255004377,19.56,128.27,96.92,74.35,0.0,UGC08699,73.0,9.0,39.3,9.82,1.4005552572189064,0.38169953432855613,1.0048561108668428,15854.447412366915,11.72653528337187,0.38298956844487453,0.5850521577756272
6.95,136.6279304629783,6.672598516518857,20.18,129.11,95.45,71.73,0.0,UGC08699,73.0,9.0,39.3,9.82,1.4005552572189064,0.38169953432855613,1.0048561108668428,15854.447412366915,11.72653528337187,0.38298956844487453,0.5850521577756272
7.16,137.41954473460632,6.6595351815071515,20.9,130.08,94.04,69.78,0.0,UGC08699,73.0,9.0,39.3,9.82,1.4005552572189064,0.38169953432855613,1.0048561108668428,15854.447412366915,11.72653528337187,0.38298956844487453,0.5850521577756272
7.39,140.87729559118242,6.651538663183183,21.52,131.37,92.56,68.08,0.0,UGC08699,73.0,9.0,39.3,9.82,1.4005552572189064,0.38169953432855613,1.0048561108668428,15854.447412366915,11.72653528337187,0.38298956844487453,0.5850521577756272
7.6,136.01167738551385,6.655554072996994,22.25,132.89,91.28,66.23,0.0,UGC08699,73.0,9.0,39.3,9.82,1.4005552572189064,0.38169953432855613,1.0048561108668428,15854.447412366915,11.72653528337187,0.38298956844487453,0.5850521577756272
7.82,134.23164928082707,6.663402523050777,22.97,134.56,89.98,63.37,0.0,UGC08699,73.0,9.0,39.3,9.82,1.4005552572189064,0.38169953432855613,1.0048561108668428,15854.447412366915,11.72653528337187,0.38298956844487453,0.5850521577756272
8.03,134.6738718091684,6.674858875605228,23.7,136.18,88.8,60.28,0.0,UGC08699,73.0,9.0,39.3,9.82,1.4005552572189064,0.38169953432855613,1.0048561108668428,15854.447412366915,11.72653528337187,0.38298956844487453,0.5850521577756272
8.26,142.82108815154507,6.688912885566125,24.42,137.94,87.55,56.45,0.0,UGC08699,73.0,9.0,39.3,9.82,1.4005552572189064,0.38169953432855613,1.0048561108668428,15854.447412366915,11.72653528337187,0.38298956844487453,0.5850521577756272
8.47,139.51731255457412,6.702095662137137,25.15,139.4,86.46,52.04,0.0,UGC08699,73.0,9.0,39.3,9.82,1.4005552572189064,0.38169953432855613,1.0048561108668428,15854.447412366915,11.72653528337187,0.38298956844487453,0.5850521577756272
8.68,127.47838907979954,6.710102837393973,25.77,140.55,85.41,47.02,0.0,UGC08699,73.0,9.0,39.3,9.82,1.4005552572189064,0.38169953432855613,1.0048561108668428,15854.447412366915,11.72653528337187,0.38298956844487453,0.5850521577756272
8.91,129.95408869155935,6.710989338665772,26.49,141.3,84.3,40.84,0.0,UGC08699,73.0,9.0,39.3,9.82,1.4005552572189064,0.38169953432855613,1.0048561108668428,15854.447412366915,11.72653528337187,0.38298956844487453,0.5850521577756272
9.53,135.328609019014,6.656351430535925,28.25,140.15,81.51,26.78,0.0,UGC08699,73.0,9.0,39.3,9.82,1.4005552572189064,0.38169953432855613,1.0048561108668428,15854.447412366915,11.72653528337187,0.38298956844487453,0.5850521577756272
9.78,128.34390423282017,6.6234908980574225,28.97,138.99,80.46,22.33,0.0,UGC08699,73.0,9.0,39.3,9.82,1.4005552572189064,0.38169953432855613,1.0048561108668428,15854.447412366915,11.72653528337187,0.38298956844487453,0.5850521577756272
9.99,129.34600340367894,6.59137859421696,29.6,137.71,79.61,18.95,0.0,UGC08699,73.0,9.0,39.3,9.82,1.4005552572189064,0.38169953432855613,1.0048561108668428,15854.447412366915,11.72653528337187,0.38298956844487453,0.5850521577756272
10.21,124.7838501634753,6.552369419932266,30.11,136.12,78.75,16.15,0.0,UGC08699,73.0,9.0,39.3,9.82,1.4005552572189064,0.38169953432855613,1.0048561108668428,15854.447412366915,11.72653528337187,0.38298956844487453,0.5850521577756272
11.46,125.27458731426682,6.346758568744382,33.53,126.5,74.33,7.76,0.0,UGC08699,73.0,9.0,39.3,9.82,1.4005552572189064,0.38169953432855613,1.0048561108668428,15854.447412366915,11.72653528337187,0.38298956844487453,0.5850521577756272
13.39,125.11424525138068,6.125956047367042,37.77,114.46,68.77,4.2,0.0,UGC08699,73.0,9.0,39.3,9.82,1.4005552572189064,0.38169953432855613,1.0048561108668428,15854.447412366915,11.72653528337187,0.38298956844487453,0.5850521577756272
15.21,125.47802166540566,5.976520874574493,39.12,106.58,64.52,2.6,0.0,UGC08699,73.0,9.0,39.3,9.82,1.4005552572189064,0.38169953432855613,1.0048561108668428,15854.447412366915,11.72653528337187,0.38298956844487453,0.5850521577756272
17.13,116.8567761920233,5.84014330655663,39.12,99.72,60.8,1.56,0.0,UGC08699,73.0,9.0,39.3,9.82,1.4005552572189064,0.38169953432855613,1.0048561108668428,15854.447412366915,11.72653528337187,0.38298956844487453,0.5850521577756272
19.06,126.53013701265428,5.731868476702152,39.01,94.0,57.64,1.03,0.0,UGC08699,73.0,9.0,39.3,9.82,1.4005552572189064,0.38169953432855613,1.0048561108668428,15854.447412366915,11.72653528337187,0.38298956844487453,0.5850521577756272
20.99,112.41836765796836,5.6424764197230415,38.7,89.28,54.92,0.79,0.0,UGC08699,73.0,9.0,39.3,9.82,1.4005552572189064,0.38169953432855613,1.0048561108668428,15854.447412366915,11.72653528337187,0.38298956844487453,0.5850521577756272
22.92,128.73887776674573,5.550663086644295,37.05,85.64,52.56,0.5,0.0,UGC08699,73.0,9.0,39.3,9.82,1.4005552572189064,0.38169953432855613,1.0048561108668428,15854.447412366915,11.72653528337187,0.38298956844487453,0.5850521577756272
25.7,113.73719332158895,5.415630772238973,34.05,80.57,49.64,0.18,0.0,UGC08699,73.0,9.0,39.3,9.82,1.4005552572189064,0.38169953432855613,1.0048561108668428,15854.447412366915,11.72653528337187,0.38298956844487453,0.5850521577756272
0.87,24.223562482859823,1.2004807426247026,4.05,19.26,0.0,68.02,0.0,UGC07089,80.0,3.0,18.0,2.5,0.25345916433983773,0.5605859999626133,0.6240144917589602,6916.989005275913,3.2096431502373606,0.5932675429952614,-0.4663377149763072
1.74,42.69867624851939,1.9477143296567014,8.89,32.89,0.0,56.39,0.0,UGC07089,80.0,3.0,18.0,2.5,0.25345916433983773,0.5605859999626133,0.6240144917589602,6916.989005275913,3.2096431502373606,0.5932675429952614,-0.4663377149763072
2.61,45.66331336719802,2.452346894706338,12.07,42.35,0.0,36.37,0.0,UGC07089,80.0,3.0,18.0,2.5,0.25345916433983773,0.5605859999626133,0.6240144917589602,6916.989005275913,3.2096431502373606,0.5932675429952614,-0.4663377149763072
3.5,59.90210850439014,2.734521101355334,13.47,46.88,0.0,25.35,0.0,UGC07089,80.0,3.0,18.0,2.5,0.25345916433983773,0.5605859999626133,0.6240144917589602,6916.989005275913,3.2096431502373606,0.5932675429952614,-0.4663377149763072
4.37,57.6506616440598,2.91920477563511,14.33,50.13,0.0,17.79,0.0,UGC07089,80.0,3.0,18.0,2.5,0.25345916433983773,0.5605859999626133,0.6240144917589602,6916.989005275913,3.2096431502373606,0.5932675429952614,-0.4663377149763072
5.24,63.12762003875156,3.0461033961080357,18.1,50.81,0.0,11.52,0.0,UGC07089,80.0,3.0,18.0,2.5,0.25345916433983773,0.5605859999626133,0.6240144917589602,6916.989005275913,3.2096431502373606,0.5932675429952614,-0.4663377149763072
6.11,54.2736309518417,3.1084280381195466,21.23,49.78,0.0,7.62,0.0,UGC07089,80.0,3.0,18.0,2.5,0.25345916433983773,0.5605859999626133,0.6240144917589602,6916.989005275913,3.2096431502373606,0.5932675429952614,-0.4663377149763072
6.55,63.02276699271189,3.1293843744620418,22.41,49.26,0.0,6.38,0.0,UGC07089,80.0,3.0,18.0,2.5,0.25345916433983773,0.5605859999626133,0.6240144917589602,6916.989005275913,3.2096431502373606,0.5932675429952614,-0.4663377149763072
6.98,61.839688293366436,3.1460544017326457,23.49,48.73,0.0,5.35,0.0,UGC07089,80.0,3.0,18.0,2.5,0.25345916433983773,0.5605859999626133,0.6240144917589602,6916.989005275913,3.2096431502373606,0.5932675429952614,-0.4663377149763072
7.85,65.46331081008054,3.1651654412483565,25.32,47.5,0.0,3.71,0.0,UGC07089,80.0,3.0,18.0,2.5,0.25345916433983773,0.5605859999626133,0.6240144917589602,6916.989005275913,3.2096431502373606,0.5932675429952614,-0.4663377149763072
8.72,63.56144921026782,3.1636422517745104,26.4,46.22,0.0,2.54,0.0,UGC07089,80.0,3.0,18.0,2.5,0.25345916433983773,0.5605859999626133,0.6240144917589602,6916.989005275913,3.2096431502373606,0.5932675429952614,-0.4663377149763072
9.16,59.37444038595409,3.1485414595346723,26.4,45.5,0.0,2.07,0.0,UGC07089,80.0,3.0,18.0,2.5,0.25345916433983773,0.5605859999626133,0.6240144917589602,6916.989005275913,3.2096431502373606,0.5932675429952614,-0.4663377149763072
0.25,13.868437453665926,0.6572417825049128,1.87,2.88,0.0,8.69,0.0,KK98-251,59.0,5.0,6.8,2.04,-1.3716110699496884,0.6218258440900397,0.8214117555905138,6449.849483145629,2.5306415151134667,0.8911645365338396,-1.9558226826691982
0.41,17.35739031407095,0.8688170331769209,3.32,3.93,0.0,6.61,0.0,KK98-251,59.0,5.0,6.8,2.04,-1.3716110699496884,0.6218258440900397,0.8214117555905138,6449.849483145629,2.5306415151134667,0.8911645365338396,-1.9558226826691982
0.57,19.485602513440828,1.0452335850485313,4.8,4.8,0.0,6.95,0.0,KK98-251,59.0,5.0,6.8,2.04,-1.3716110699496884,0.6218258440900397,0.8214117555905138,6449.849483145629,2.5306415151134667,0.8911645365338396,-1.9558226826691982
0.74,22.607182188699287,1.2144580375937293,6.44,6.36,0.0,6.78,0.0,KK98-251,59.0,5.0,6.8,2.04,-1.3716110699496884,0.6218258440900397,0.8214117555905138,6449.849483145629,2.5306415151134667,0.8911645365338396,-1.9558226826691982
0.9,28.930034652300606,1.3550525406707539,8.03,7.43,0.0,5.71,0.0,KK98-251,59.0,5.0,6.8,2.04,-1.3716110699496884,0.6218258440900397,0.8214117555905138,6449.849483145629,2.5306415151134667,0.8911645365338396,-1.9558226826691982
1.07,30.89817861375579,1.4919126544475745,9.79,8.56,0.0,5.63,0.0,KK98-251,59.0,5.0,6.8,2.04,-1.3716110699496884,0.6218258440900397,0.8214117555905138,6449.849483145629,2.5306415151134667,0.8911645365338396,-1.9558226826691982
1.24,32.489611453009395,1.616235400481121,11.57,9.52,0.0,4.46,0.0,KK98-251,59.0,5.0,6.8,2.04,-1.3716110699496884,0.6218258440900397,0.8214117555905138,6449.849483145629,2.5306415151134667,0.8911645365338396,-1.9558226826691982
1.4,33.628536068199644,1.7187800406980456,13.11,10.08,0.0,3.87,0.0,KK98-251,59.0,5.0,6.8,2.04,-1.3716110699496884,0.6218258440900397,0.8214117555905138,6449.849483145629,2.5306415151134667,0.8911645365338396,-1.9558226826691982
1.57,36.301310934142045,1.8122061483615124,14.44,10.55,0.0,3.42,0.0,KK98-251,59.0,5.0,6.8,2.04,-1.3716110699496884,0.6218258440900397,0.8214117555905138,6449.849483145629,2.5306415151134667,0.8911645365338396,-1.9558226826691982
1.72,37.77548414312896,1.8864355731631215,15.54,10.95,0.0,3.02,0.0,KK98-251,59.0,5.0,6.8,2.04,-1.3716110699496884,0.6218258440900397,0.8214117555905138,6449.849483145629,2.5306415151134667,0.8911645365338396,-1.9558226826691982
1.89,38.50418829063656,1.9581811419305772,16.53,11.36,0.0,2.62,0.0,KK98-251,59.0,5.0,6.8,2.04,-1.3716110699496884,0.6218258440900397,0.8214117555905138,6449.849483145629,2.5306415151134667,0.8911645365338396,-1.9558226826691982
2.06,38.93108312839041,2.017052660855299,17.3,11.57,0.0,2.28,0.0,KK98-251,59.0,5.0,6.8,2.04,-1.3716110699496884,0.6218258440900397,0.8214117555905138,6449.849483145629,2.5306415151134667,0.8911645365338396,-1.9558226826691982
2.46,46.836731406934646,2.113159260384633,18.07,12.23,0.0,1.69,0.0,KK98-251,59.0,5.0,6.8,2.04,-1.3716110699496884,0.6218258440900397,0.8214117555905138,6449.849483145629,2.5306415151134667,0.8911645365338396,-1.9558226826691982
2.79,43.73767207913783,2.162174282916381,18.07,12.94,0.0,1.34,0.0,KK98-251,59.0,5.0,6.8,2.04,-1.3716110699496884,0.6218258440900397,0.8214117555905138,6449.849483145629,2.5306415151134667,0.8911645365338396,-1.9558226826691982
3.13,42.1822948835286,2.174995870172848,17.41,12.45,0.0,0.0,0.0,KK98-251,59.0,5.0,6.8,2.04,-1.3716110699496884,0.6218258440900397,0.8214117555905138,6449.849483145629,2.5306415151134667,0.8911645365338396,-1.9558226826691982
0.63,263.9030253803553,13.340801837831703,-0.69,39.69,345.22,482.94,6648.99,NGC7814,90.0,1.0,14.4,0.66,1.5712952984175308,0.3704792090089207,0.5922821893145295,17291.494468842306,18.810058130002155,0.35169064740349554,0.7415467629825224
1.72,236.2393200196726,11.781504512309196,-2.33,81.63,298.99,314.38,709.44,NGC7814,90.0,1.0,14.4,0.66,1.5712952984175308,0.3704792090089207,0.5922821893145295,17291.494468842306,18.810058130002155,0.35169064740349554,0.7415467629825224
2.79,203.92966433405982,10.354415213594603,-3.94,104.82,255.24,206.27,199.44,NGC7814,90.0,1.0,14.4,0.66,1.5712952984175308,0.3704792090089207,0.5922821893145295,17291.494468842306,18.810058130002155,0.35169064740349554,0.7415467629825224
3.91,178.48467010017717,9.447550472831125,-5.06,118.95,225.3,132.93,74.66,NGC7814,90.0,1.0,14.4,0.66,1.5712952984175308,0.3704792090089207,0.5922821893145295,17291.494468842306,18.810058130002155,0.35169064740349554,0.7415467629825224
5.03,186.69058795290542,8.764122513777268,-3.48,122.96,203.41,76.78,26.96,NGC7814,90.0,1.0,14.4,0.66,1.5712952984175308,0.3704792090089207,0.5922821893145295,17291.494468842306,18.810058130002155,0.35169064740349554,0.7415467629825224
6.14,166.58916392342604,8.177104306148376,1.4,120.03,186.27,47.7,9.82,NGC7814,90.0,1.0,14.4,0.66,1.5712952984175308,0.3704792090089207,0.5922821893145295,17291.494468842306,18.810058130002155,0.35169064740349554,0.7415467629825224
7.26,172.82351235618248,7.689125323505728,-1.38,115.88,172.25,31.38,3.55,NGC7814,90.0,1.0,14.4,0.66,1.5712952984175308,0.3704792090089207,0.5922821893145295,17291.494468842306,18.810058130002155,0.35169064740349554,0.7415467629825224
8.37,141.04357413559742,7.329288205185984,5.96,113.5,160.83,22.99,1.29,NGC7814,90.0,1.0,14.4,0.66,1.5712952984175308,0.3704792090089207,0.5922821893145295,17291.494468842306,18.810058130002155,0.35169064740349554,0.7415467629825224
9.5,139.6009326428428,7.028378460331152,11.22,109.97,151.12,14.94,0.47,NGC7814,90.0,1.0,14.4,0.66,1.5712952984175308,0.3704792090089207,0.5922821893145295,17291.494468842306,18.810058130002155,0.35169064740349554,0.7415467629825224
10.65,141.63280417329025,6.782215493853965,16.09,105.99,142.79,9.9,0.16,NGC7814,90.0,1.0,14.4,0.66,1.5712952984175308,0.3704792090089207,0.5922821893145295,17291.494468842306,18.810058130002155,0.35169064740349554,0.7415467629825224
11.74,130.01333404183816,6.581319031848931,18.57,102.02,136.04,6.36,0.06,NGC7814,90.0,1.0,14.4,0.66,1.5712952984175308,0.3704792090089207,0.5922821893145295,17291.494468842306,18.810058130002155,0.35169064740349554,0.7415467629825224
12.82,119.06003253758269,6.3968451363777845,19.07,97.84,130.19,4.05,0.02,NGC7814,90.0,1.0,14.4,0.66,1.5712952984175308,0.3704792090089207,0.5922821893145295,17291.494468842306,18.810058130002155,0.35169064740349554,0.7415467629825224
14.01,118.28584266794348,6.208862168300015,17.78,93.27,124.54,2.46,0.01,NGC7814,90.0,1.0,14.4,0.66,1.5712952984175308,0.3704792090089207,0.5922821893145295,17291.494468842306,18.810058130002155,0.35169064740349554,0.7415467629825224
15.09,122.42261595175252,6.0904501350432625,20.16,89.43,120.01,1.62,0.0,NGC7814,90.0,1.0,14.4,0.66,1.5712952984175308,0.3704792090089207,0.5922821893145295,17291.494468842306,18.810058130002155,0.35169064740349554,0.7415467629825224
16.18,122.0837994254663,6.0011598597047175,23.24,85.93,115.89,1.06,0.0,NGC7814,90.0,1.0,14.4,0.66,1.5712952984175308,0.3704792090089207,0.5922821893145295,17291.494468842306,18.810058130002155,0.35169064740349554,0.7415467629825224
17.36,117.36502275996499,5.896141457407457,23.44,82.48,111.88,0.66,0.0,NGC7814,90.0,1.0,14.4,0.66,1.5712952984175308,0.3704792090089207,0.5922821893145295,17291.494468842306,18.810058130002155,0.35169064740349554,0.7415467629825224
18.44,122.08261433648237,5.812493194455507,23.34,79.67,108.55,0.43,0.0,NGC7814,90.0,1.0,14.4,0.66,1.5712952984175308,0.3704792090089207,0.5922821893145295,17291.494468842306,18.810058130002155,0.35169064740349554,0.7415467629825224
19.53,120.44671213400508,5.737534289740191,22.64,77.35,105.49,0.0,0.0,NGC7814,90.0,1.0,14.4,0.66,1.5712952984175308,0.3704792090089207,0.5922821893145295,17291.494468842306,18.810058130002155,0.35169064740349554,0.7415467629825224
0.37,108.80451414212133,5.201073603820455,-2.62,11.2,123.59,213.07,8848.49,UGC02916,50.0,5.0,65.4,9.8,1.792927222529496,0.5385771436730025,0.7043479104612183,4076.6475257106486,23.5797667795026,0.31106256716917263,0.9446871641541368
0.74,161.85408162442766,8.068255325228106,-3.79,21.14,191.42,200.63,5187.42,UGC02916,50.0,5.0,65.4,9.8,1.792927222529496,0.5385771436730025,0.7043479104612183,4076.6475257106486,23.5797667795026,0.31106256716917263,0.9446871641541368
1.11,189.12527422914943,9.24818046781265,-4.87,30.05,218.87,188.92,3807.55,UGC02916,50.0,5.0,65.4,9.8,1.792927222529496,0.5385771436730025,0.7043479104612183,4076.6475257106486,23.5797667795026,0.31106256716917263,0.9446871641541368
1.48,200.04336171118246,10.167033230630887,-5.72,38.06,240.05,177.89,2861.06,UGC02916,50.0,5.0,65.4,9.8,1.792927222529496,0.5385771436730025,0.7043479104612183,4076.6475257106486,23.5797667795026,0.31106256716917263,0.9446871641541368
1.84,204.12149001756882,10.981092312574525,-6.31,45.23,258.74,167.77,2139.16,UGC02916,50.0,5.0,65.4,9.8,1.792927222529496,0.5385771436730025,0.7043479104612183,4076.6475257106486,23.5797667795026,0.31106256716917263,0.9446871641541368
2.21,221.11050461125964,11.637979542213643,-6.65,51.92,273.65,157.98,1447.96,UGC02916,50.0,5.0,65.4,9.8,1.792927222529496,0.5385771436730025,0.7043479104612183,4076.6475257106486,23.5797667795026,0.31106256716917263,0.9446871641541368
2.6,248.1597653007468,11.950426737747932,-6.69,58.41,280.2,148.27,808.78,UGC02916,50.0,5.0,65.4,9.8,1.792927222529496,0.5385771436730025,0.7043479104612183,4076.6475257106486,23.5797667795026,0.31106256716917263,0.9446871641541368
2.96,241.03903154144766,11.788477331459429,-6.41,63.99,275.3,139.85,573.6,UGC02916,50.0,5.0,65.4,9.8,1.792927222529496,0.5385771436730025,0.7043479104612183,4076.6475257106486,23.5797667795026,0.31106256716917263,0.9446871641541368
3.17,254.6981119413253,11.796924097661433,-6.08,66.97,274.94,135.15,462.34,UGC02916,50.0,5.0,65.4,9.8,1.792927222529496,0.5385771436730025,0.7043479104612183,4076.6475257106486,23.5797667795026,0.31106256716917263,0.9446871641541368
3.33,235.527114043301,11.74341634178693,-5.72,69.15,273.2,131.68,390.24,UGC02916,50.0,5.0,65.4,9.8,1.792927222529496,0.5385771436730025,0.7043479104612183,4076.6475257106486,23.5797667795026,0.31106256716917263,0.9446871641541368
3.7,241.9706057629157,11.597087454806369,-4.34,74.09,268.56,123.99,254.51,UGC02916,50.0,5.0,65.4,9.8,1.792927222529496,0.5385771436730025,0.7043479104612183,4076.6475257106486,23.5797667795026,0.31106256716917263,0.9446871641541368
4.07,243.23378824497,11.407100085185544,0.84,78.64,262.81,116.75,150.84,UGC02916,50.0,5.0,65.4,9.8,1.792927222529496,0.5385771436730025,0.7043479104612183,4076.6475257106486,23.5797667795026,0.31106256716917263,0.9446871641541368
4.44,234.60552585690874,11.174644918810447,5.14,83.02,255.92,109.94,84.07,UGC02916,50.0,5.0,65.4,9.8,1.792927222529496,0.5385771436730025,0.7043479104612183,4076.6475257106486,23.5797667795026,0.31106256716917263,0.9446871641541368
4.81,211.7988284860768,10.922277350952136,7.67,87.31,248.41,103.48,50.43,UGC02916,50.0,5.0,65.4,9.8,1.792927222529496,0.5385771436730025,0.7043479104612183,4076.6475257106486,23.5797667795026,0.31106256716917263,0.9446871641541368
5.18,211.42365940225875,10.6696455684248,9.9,90.63,241.01,89.73,30.04,UGC02916,50.0,5.0,65.4,9.8,1.792927222529496,0.5385771436730025,0.7043479104612183,4076.6475257106486,23.5797667795026,0.31106256716917263,0.9446871641541368
5.55,209.3510355643603,10.400069502595677,12.08,91.17,233.88,79.83,17.93,UGC02916,50.0,5.0,65.4,9.8,1.792927222529496,0.5385771436730025,0.7043479104612183,4076.6475257106486,23.5797667795026,0.31106256716917263,0.9446871641541368
5.92,193.02218379233938,10.151512085847372,14.21,91.98,227.13,78.76,10.75,UGC02916,50.0,5.0,65.4,9.8,1.792927222529496,0.5385771436730025,0.7043479104612183,4076.6475257106486,23.5797667795026,0.31106256716917263,0.9446871641541368
6.28,203.4936292448579,9.938984160291398,16.44,93.75,220.9,77.91,6.52,UGC02916,50.0,5.0,65.4,9.8,1.792927222529496,0.5385771436730025,0.7043479104612183,4076.6475257106486,23.5797667795026,0.31106256716917263,0.9446871641541368
6.34,208.29692104816513,9.907583475500386,16.75,94.14,219.93,77.94,6.01,UGC02916,50.0,5.0,65.4,9.8,1.792927222529496,0.5385771436730025,0.7043479104612183,4076.6475257106486,23.5797667795026,0.31106256716917263,0.9446871641541368
6.65,190.3698312771347,9.752979977471014,18.67,96.53,214.9,75.88,3.89,UGC02916,50.0,5.0,65.4,9.8,1.792927222529496,0.5385771436730025,0.7043479104612183,4076.6475257106486,23.5797667795026,0.31106256716917263,0.9446871641541368
7.03,210.5469867556118,9.582271805092253,20.8,99.17,209.22,70.88,2.31,UGC02916,50.0,5.0,65.4,9.8,1.792927222529496,0.5385771436730025,0.7043479104612183,4076.6475257106486,23.5797667795026,0.31106256716917263,0.9446871641541368
7.39,185.9392738994036,9.434099629956751,22.73,101.39,204.19,67.18,1.39,UGC02916,50.0,5.0,65.4,9.8,1.792927222529496,0.5385771436730025,0.7043479104612183,4076.6475257106486,23.5797667795026,0.31106256716917263,0.9446871641541368
7.77,183.8084739367916,9.284643317497066,24.56,103.08,199.24,63.61,0.82,UGC02916,50.0,5.0,65.4,9.8,1.792927222529496,0.5385771436730025,0.7043479104612183,4076.6475257106486,23.5797667795026,0.31106256716917263,0.9446871641541368
8.14,181.05541066223324,9.161925180704186,26.28,105.18,194.76,60.05,0.49,UGC02916,50.0,5.0,65.4,9.8,1.792927222529496,0.5385771436730025,0.7043479104612183,4076.6475257106486,23.5797667795026,0.31106256716917263,0.9446871641541368
8.51,174.41186351818058,9.040760898121782,27.91,106.86,190.42,56.59,0.29,UGC02916,50.0,5.0,65.4,9.8,1.792927222529496,0.5385771436730025,0.7043479104612183,4076.6475257106486,23.5797667795026,0.31106256716917263,0.9446871641541368
8.88,182.20966040695797,8.92403399924015,29.33,108.2,186.31,53.33,0.18,UGC02916,50.0,5.0,65.4,9.8,1.792927222529496,0.5385771436730025,0.7043479104612183,4076.6475257106486,23.5797667795026,0.31106256716917263,0.9446871641541368
9.25,176.74346919330034,8.828333701836453,30.55,109.65,182.7,50.25,0.11,UGC02916,50.0,5.0,65.4,9.8,1.792927222529496,0.5385771436730025,0.7043479104612183,4076.6475257106486,23.5797667795026,0.31106256716917263,0.9446871641541368
9.52,189.62989429858288,8.754288304229577,31.16,110.49,180.08,48.1,0.07,UGC02916,50.0,5.0,65.4,9.8,1.792927222529496,0.5385771436730025,0.7043479104612183,4076.6475257106486,23.5797667795026,0.31106256716917263,0.9446871641541368
9.62,179.85273733477743,8.727618400919416,31.36,110.78,179.14,47.33,0.06,UGC02916,50.0,5.0,65.4,9.8,1.792927222529496,0.5385771436730025,0.7043479104612183,4076.6475257106486,23.5797667795026,0.31106256716917263,0.9446871641541368
9.99,177.31860830622117,8.633814840523964,32.17,111.77,175.79,44.58,0.04,UGC02916,50.0,5.0,65.4,9.8,1.792927222529496,0.5385771436730025,0.7043479104612183,4076.6475257106486,23.5797667795026,0.31106256716917263,0.9446871641541368
10.4,168.79297500182633,8.534180953410596,33.08,112.69,172.23,41.71,0.02,UGC02916,50.0,5.0,65.4,9.8,1.792927222529496,0.5385771436730025,0.7043479104612183,4076.6475257106486,23.5797667795026,0.31106256716917263,0.9446871641541368
10.71,157.44739287782153,8.471395905220936,34.0,113.45,169.76,39.66,0.01,UGC02916,50.0,5.0,65.4,9.8,1.792927222529496,0.5385771436730025,0.7043479104612183,4076.6475257106486,23.5797667795026,0.31106256716917263,0.9446871641541368
11.12,166.97552936314955,8.386306615374856,35.01,114.16,166.6,37.11,0.01,UGC02916,50.0,5.0,65.4,9.8,1.792927222529496,0.5385771436730025,0.7043479104612183,4076.6475257106486,23.5797667795026,0.31106256716917263,0.9446871641541368
12.67,155.5780320296287,8.124303073108042,39.99,115.88,156.1,28.84,0.0,UGC02916,50.0,5.0,65.4,9.8,1.792927222529496,0.5385771436730025,0.7043479104612183,4076.6475257106486,23.5797667795026,0.31106256716917263,0.9446871641541368
12.98,169.32389224820298,8.081574975672847,41.0,116.15,154.24,27.43,0.0,UGC02916,50.0,5.0,65.4,9.8,1.792927222529496,0.5385771436730025,0.7043479104612183,4076.6475257106486,23.5797667795026,0.31106256716917263,0.9446871641541368
15.86,155.45010277262716,7.784354049248101,52.47,115.82,139.51,17.17,0.0,UGC02916,50.0,5.0,65.4,9.8,1.792927222529496,0.5385771436730025,0.7043479104612183,4076.6475257106486,23.5797667795026,0.31106256716917263,0.9446871641541368
19.05,165.4485484768833,7.636412450702673,66.17,112.66,127.33,10.22,0.0,UGC02916,50.0,5.0,65.4,9.8,1.792927222529496,0.5385771436730025,0.7043479104612183,4076.6475257106486,23.5797667795026,0.31106256716917263,0.9446871641541368
22.14,156.4537927367315,7.545283402621841,76.32,108.18,118.11,6.19,0.0,UGC02916,50.0,5.0,65.4,9.8,1.792927222529496,0.5385771436730025,0.7043479104612183,4076.6475257106486,23.5797667795026,0.31106256716917263,0.9446871641541368
25.34,153.03762755233242,7.345029562863103,79.67,102.95,110.4,3.68,0.0,UGC02916,50.0,5.0,65.4,9.8,1.792927222529496,0.5385771436730025,0.7043479104612183,4076.6475257106486,23.5797667795026,0.31106256716917263,0.9446871641541368
28.53,142.87326668322547,7.06221580653276,78.35,97.69,104.04,2.19,0.0,UGC02916,50.0,5.0,65.4,9.8,1.792927222529496,0.5385771436730025,0.7043479104612183,4076.6475257106486,23.5797667795026,0.31106256716917263,0.9446871641541368
31.72,136.23411407819933,6.741368845206667,74.49,92.71,98.67,1.3,0.0,UGC02916,50.0,5.0,65.4,9.8,1.792927222529496,0.5385771436730025,0.7043479104612183,4076.6475257106486,23.5797667795026,0.31106256716917263,0.9446871641541368
34.91,134.45489985715267,6.510101363678517,72.76,88.3,94.06,0.78,0.0,UGC02916,50.0,5.0,65.4,9.8,1.792927222529496,0.5385771436730025,0.7043479104612183,4076.6475257106486,23.5797667795026,0.31106256716917263,0.9446871641541368
38.0,131.95572426873974,6.3068304250969724,70.63,85.07,90.15,0.0,0.0,UGC02916,50.0,5.0,65.4,9.8,1.792927222529496,0.5385771436730025,0.7043479104612183,4076.6475257106486,23.5797667795026,0.31106256716917263,0.9446871641541368
0.08,1.5606058793205375,0.07904020415299198,-5.85,1.5,0.0,25.4,0.0,UGC01281,90.0,1.0,5.27,0.24,-0.7532552902761587,0.42453448919139875,0.784018133821591,6877.645572575169,2.4055992000477646,0.7778116956441767,-1.3890584782208835
0.23,9.679142819700193,0.5013143983882951,-5.85,3.55,0.0,21.88,0.0,UGC01281,90.0,1.0,5.27,0.24,-0.7532552902761587,0.42453448919139875,0.784018133821591,6877.645572575169,2.4055992000477646,0.7778116956441767,-1.3890584782208835
0.38,14.601664298184167,0.7870907931246586,-0.98,5.31,0.0,22.81,0.0,UGC01281,90.0,1.0,5.27,0.24,-0.7532552902761587,0.42453448919139875,0.784018133821591,6877.645572575169,2.4055992000477646,0.7778116956441767,-1.3890584782208835
0.54,20.713008943942864,0.9775411754254002,-2.22,8.22,0.0,20.9,0.0,UGC01281,90.0,1.0,5.27,0.24,-0.7532552902761587,0.42453448919139875,0.784018133821591,6877.645572575169,2.4055992000477646,0.7778116956441767,-1.3890584782208835
0.69,22.59200637426017,1.1261674552137135,-3.47,10.22,0.0,20.6,0.0,UGC01281,90.0,1.0,5.27,0.24,-0.7532552902761587,0.42453448919139875,0.784018133821591,6877.645572575169,2.4055992000477646,0.7778116956441767,-1.3890584782208835
0.84,25.540496395907077,1.258175612793008,-4.43,12.07,0.0,18.77,0.0,UGC01281,90.0,1.0,5.27,0.24,-0.7532552902761587,0.42453448919139875,0.784018133821591,6877.645572575169,2.4055992000477646,0.7778116956441767,-1.3890584782208835
1.0,30.25545957162223,1.3850166679146136,-5.15,13.91,0.0,17.42,0.0,UGC01281,90.0,1.0,5.27,0.24,-0.7532552902761587,0.42453448919139875,0.784018133821591,6877.645572575169,2.4055992000477646,0.7778116956441767,-1.3890584782208835
1.15,33.51794700264057,1.4890783777249785,-5.85,15.41,0.0,15.5,0.0,UGC01281,90.0,1.0,5.27,0.24,-0.7532552902761587,0.42453448919139875,0.784018133821591,6877.645572575169,2.4055992000477646,0.7778116956441767,-1.3890584782208835
1.3,30.80654124144214,1.6119412531980892,-1.76,16.74,0.0,13.82,0.0,UGC01281,90.0,1.0,5.27,0.24,-0.7532552902761587,0.42453448919139875,0.784018133821591,6877.645572575169,2.4055992000477646,0.7778116956441767,-1.3890584782208835
1.46,35.96782123621171,1.7083151478820586,2.33,17.86,0.0,11.93,0.0,UGC01281,90.0,1.0,5.27,0.24,-0.7532552902761587,0.42453448919139875,0.784018133821591,6877.645572575169,2.4055992000477646,0.7778116956441767,-1.3890584782208835
1.61,37.11451967664698,1.7995926023026247,5.46,18.77,0.0,9.92,0.0,UGC01281,90.0,1.0,5.27,0.24,-0.7532552902761587,0.42453448919139875,0.784018133821591,6877.645572575169,2.4055992000477646,0.7778116956441767,-1.3890584782208835
1.76,38.33576934831893,1.8792419310054684,7.63,19.16,0.0,8.28,0.0,UGC01281,90.0,1.0,5.27,0.24,-0.7532552902761587,0.42453448919139875,0.784018133821591,6877.645572575169,2.4055992000477646,0.7778116956441767,-1.3890584782208835
1.92,40.1380717998966,1.9598688228847827,9.79,19.52,0.0,7.06,0.0,UGC01281,90.0,1.0,5.27,0.24,-0.7532552902761587,0.42453448919139875,0.784018133821591,6877.645572575169,2.4055992000477646,0.7778116956441767,-1.3890584782208835
2.07,40.42682451129382,2.023520339473873,11.26,19.66,0.0,6.14,0.0,UGC01281,90.0,1.0,5.27,0.24,-0.7532552902761587,0.42453448919139875,0.784018133821591,6877.645572575169,2.4055992000477646,0.7778116956441767,-1.3890584782208835
2.22,44.995391456012754,2.083960974908416,12.73,19.81,0.0,5.37,0.0,UGC01281,90.0,1.0,5.27,0.24,-0.7532552902761587,0.42453448919139875,0.784018133821591,6877.645572575169,2.4055992000477646,0.7778116956441767,-1.3890584782208835
2.38,44.07566319571603,2.137867532501011,13.9,19.88,0.0,4.87,0.0,UGC01281,90.0,1.0,5.27,0.24,-0.7532552902761587,0.42453448919139875,0.784018133821591,6877.645572575169,2.4055992000477646,0.7778116956441767,-1.3890584782208835
2.53,44.36612374470177,2.1804717555237807,14.68,20.02,0.0,4.22,0.0,UGC01281,90.0,1.0,5.27,0.24,-0.7532552902761587,0.42453448919139875,0.784018133821591,6877.645572575169,2.4055992000477646,0.7778116956441767,-1.3890584782208835
2.68,47.13570896493979,2.218211115160353,15.47,19.97,0.0,3.59,0.0,UGC01281,90.0,1.0,5.27,0.24,-0.7532552902761587,0.42453448919139875,0.784018133821591,6877.645572575169,2.4055992000477646,0.7778116956441767,-1.3890584782208835
2.76,46.70197063868307,2.2346425203115268,15.76,19.92,0.0,3.33,0.0,UGC01281,90.0,1.0,5.27,0.24,-0.7532552902761587,0.42453448919139875,0.784018133821591,6877.645572575169,2.4055992000477646,0.7778116956441767,-1.3890584782208835
3.07,46.847092007344976,2.2893791386587417,16.84,19.61,0.0,2.64,0.0,UGC01281,90.0,1.0,5.27,0.24,-0.7532552902761587,0.42453448919139875,0.784018133821591,6877.645572575169,2.4055992000477646,0.7778116956441767,-1.3890584782208835
3.46,47.72981969716806,2.347804440762788,18.3,19.28,0.0,2.1,0.0,UGC01281,90.0,1.0,5.27,0.24,-0.7532552902761587,0.42453448919139875,0.784018133821591,6877.645572575169,2.4055992000477646,0.7778116956441767,-1.3890584782208835
3.83,51.56044600875598,2.369674163426664,18.5,18.95,0.0,1.62,0.0,UGC01281,90.0,1.0,5.27,0.24,-0.7532552902761587,0.42453448919139875,0.784018133821591,6877.645572575169,2.4055992000477646,0.7778116956441767,-1.3890584782208835
4.23,48.69713277553238,2.3740451651091603,18.21,18.54,0.0,1.37,0.0,UGC01281,90.0,1.0,5.27,0.24,-0.7532552902761587,0.42453448919139875,0.784018133821591,6877.645572575169,2.4055992000477646,0.7778116956441767,-1.3890584782208835
4.62,47.90231711296786,2.4055829357855223,19.58,18.33,0.0,1.19,0.0,UGC01281,90.0,1.0,5.27,0.24,-0.7532552902761587,0.42453448919139875,0.784018133821591,6877.645572575169,2.4055992000477646,0.7778116956441767,-1.3890584782208835
4.99,46.411748790555876,2.424140485347466,20.46,18.23,0.0,0.96,0.0,UGC01281,90.0,1.0,5.27,0.24,-0.7532552902761587,0.42453448919139875,0.784018133821591,6877.645572575169,2.4055992000477646,0.7778116956441767,-1.3890584782208835
0.32,120.85444924550731,6.732056145135108,0.01,197.82,0.0,7393.57,0.0,NGC2903,66.0,3.0,6.6,1.98,1.6120576603497931,0.46222092674035015,0.5500573306428496,16761.016906625104,6.289413942688045,0.34421836416740437,0.7789081791629782
0.64,139.42335434278993,6.963815209611504,0.03,204.19,0.0,3002.08,0.0,NGC2903,66.0,3.0,6.6,1.98,1.6120576603497931,0.46222092674035015,0.5500573306428496,16761.016906625104,6.289413942688045,0.34421836416740437,0.7789081791629782
0.96,147.68901679807428,7.1513492197780755,0.08,209.11,0.0,2411.81,0.0,NGC2903,66.0,3.0,6.6,1.98,1.6120576603497931,0.46222092674035015,0.5500573306428496,16761.016906625104,6.289413942688045,0.34421836416740437,0.7789081791629782
1.28,151.54331804602856,7.513568139242693,0.07,219.11,0.0,1895.47,0.0,NGC2903,66.0,3.0,6.6,1.98,1.6120576603497931,0.46222092674035015,0.5500573306428496,16761.016906625104,6.289413942688045,0.34421836416740437,0.7789081791629782
1.6,148.03916240471008,7.7718792440514,1.76,225.96,0.0,1625.63,0.0,NGC2903,66.0,3.0,6.6,1.98,1.6120576603497931,0.46222092674035015,0.5500573306428496,16761.016906625104,6.289413942688045,0.34421836416740437,0.7789081791629782
1.92,170.34360847398946,8.008095649426393,5.17,232.02,0.0,1474.21,0.0,NGC2903,66.0,3.0,6.6,1.98,1.6120576603497931,0.46222092674035015,0.5500573306428496,16761.016906625104,6.289413942688045,0.34421836416740437,0.7789081791629782
2.24,167.72287060928375,8.68748524696103,8.23,251.26,0.0,1493.06,0.0,NGC2903,66.0,3.0,6.6,1.98,1.6120576603497931,0.46222092674035015,0.5500573306428496,16761.016906625104,6.289413942688045,0.34421836416740437,0.7789081791629782
2.56,180.98797722239144,9.640223196674542,11.05,278.7,0.0,1371.3,0.0,NGC2903,66.0,3.0,6.6,1.98,1.6120576603497931,0.46222092674035015,0.5500573306428496,16761.016906625104,6.289413942688045,0.34421836416740437,0.7789081791629782
2.88,191.34700824654152,10.112501959659895,13.64,291.79,0.0,1009.96,0.0,NGC2903,66.0,3.0,6.6,1.98,1.6120576603497931,0.46222092674035015,0.5500573306428496,16761.016906625104,6.289413942688045,0.34421836416740437,0.7789081791629782
3.2,208.65366123539758,10.438940481989654,16.01,300.53,0.0,706.79,0.0,NGC2903,66.0,3.0,6.6,1.98,1.6120576603497931,0.46222092674035015,0.5500573306428496,16761.016906625104,6.289413942688045,0.34421836416740437,0.7789081791629782
3.52,218.25131806192428,10.400157978583579,18.18,298.29,0.0,476.79,0.0,NGC2903,66.0,3.0,6.6,1.98,1.6120576603497931,0.46222092674035015,0.5500573306428496,16761.016906625104,6.289413942688045,0.34421836416740437,0.7789081791629782
3.84,214.81490049711513,10.148106936764629,20.14,289.57,0.0,365.53,0.0,NGC2903,66.0,3.0,6.6,1.98,1.6120576603497931,0.46222092674035015,0.5500573306428496,16761.016906625104,6.289413942688045,0.34421836416740437,0.7789081791629782
4.8,197.42550383222755,9.767705783100546,24.78,274.65,0.0,195.17,0.0,NGC2903,66.0,3.0,6.6,1.98,1.6120576603497931,0.46222092674035015,0.5500573306428496,16761.016906625104,6.289413942688045,0.34421836416740437,0.7789081791629782
5.76,173.95180595310867,9.248526508344122,25.77,255.87,0.0,83.13,0.0,NGC2903,66.0,3.0,6.6,1.98,1.6120576603497931,0.46222092674035015,0.5500573306428496,16761.016906625104,6.289413942688045,0.34421836416740437,0.7789081791629782
6.72,168.55054231018298,8.712731162670163,24.89,236.77,0.0,50.66,0.0,NGC2903,66.0,3.0,6.6,1.98,1.6120576603497931,0.46222092674035015,0.5500573306428496,16761.016906625104,6.289413942688045,0.34421836416740437,0.7789081791629782
7.68,158.68373321658564,8.30621012334761,25.19,221.37,0.0,32.24,0.0,NGC2903,66.0,3.0,6.6,1.98,1.6120576603497931,0.46222092674035015,0.5500573306428496,16761.016906625104,6.289413942688045,0.34421836416740437,0.7789081791629782
8.64,158.82482565086585,8.011959311271392,25.4,209.59,0.0,23.57,0.0,NGC2903,66.0,3.0,6.6,1.98,1.6120576603497931,0.46222092674035015,0.5500573306428496,16761.016906625104,6.289413942688045,0.34421836416740437,0.7789081791629782
9.6,141.7684378098267,7.777668511836281,27.64,199.24,0.0,14.07,0.0,NGC2903,66.0,3.0,6.6,1.98,1.6120576603497931,0.46222092674035015,0.5500573306428496,16761.016906625104,6.289413942688045,0.34421836416740437,0.7789081791629782
10.56,152.8782908831389,7.60106351859519,32.7,189.8,0.0,10.06,0.0,NGC2903,66.0,3.0,6.6,1.98,1.6120576603497931,0.46222092674035015,0.5500573306428496,16761.016906625104,6.289413942688045,0.34421836416740437,0.7789081791629782
11.52,154.083639810855,7.462926329510951,37.22,181.59,0.0,6.57,0.0,NGC2903,66.0,3.0,6.6,1.98,1.6120576603497931,0.46222092674035015,0.5500573306428496,16761.016906625104,6.289413942688045,0.34421836416740437,0.7789081791629782
12.48,144.92550607543185,7.300174936393283,37.86,174.1,0.0,4.46,0.0,NGC2903,66.0,3.0,6.6,1.98,1.6120576603497931,0.46222092674035015,0.5500573306428496,16761.016906625104,6.289413942688045,0.34421836416740437,0.7789081791629782
13.44,145.87396530113122,7.129229567347185,36.33,167.37,0.0,2.89,0.0,NGC2903,66.0,3.0,6.6,1.98,1.6120576603497931,0.46222092674035015,0.5500573306428496,16761.016906625104,6.289413942688045,0.34421836416740437,0.7789081791629782
14.4,133.0316484522329,6.978690085406415,35.33,161.19,0.0,1.89,0.0,NGC2903,66.0,3.0,6.6,1.98,1.6120576603497931,0.46222092674035015,0.5500573306428496,16761.016906625104,6.289413942688045,0.34421836416740437,0.7789081791629782
15.36,126.89653975035314,6.842133580930967,35.01,155.25,0.0,1.25,0.0,NGC2903,66.0,3.0,6.6,1.98,1.6120576603497931,0.46222092674035015,0.5500573306428496,16761.016906625104,6.289413942688045,0.34421836416740437,0.7789081791629782
16.32,130.21566771715928,6.724632162672257,34.43,150.2,0.0,0.83,0.0,NGC2903,66.0,3.0,6.6,1.98,1.6120576603497931,0.46222092674035015,0.5500573306428496,16761.016906625104,6.289413942688045,0.34421836416740437,0.7789081791629782
17.28,139.82717527233112,6.608695890689403,33.18,145.58,0.0,0.55,0.0,NGC2903,66.0,3.0,6.6,1.98,1.6120576603497931,0.46222092674035015,0.5500573306428496,16761.016906625104,6.289413942688045,0.34421836416740437,0.7789081791629782
18.24,136.89009143397195,6.508996819357001,32.48,141.36,0.0,0.37,0.0,NGC2903,66.0,3.0,6.6,1.98,1.6120576603497931,0.46222092674035015,0.5500573306428496,16761.016906625104,6.289413942688045,0.34421836416740437,0.7789081791629782
19.2,125.45284838865585,6.418982984220242,31.94,137.48,0.0,0.24,0.0,NGC2903,66.0,3.0,6.6,1.98,1.6120576603497931,0.46222092674035015,0.5500573306428496,16761.016906625104,6.289413942688045,0.34421836416740437,0.7789081791629782
20.16,134.30544343100038,6.333780025449878,31.23,133.91,0.0,0.16,0.0,NGC2903,66.0,3.0,6.6,1.98,1.6120576603497931,0.46222092674035015,0.5500573306428496,16761.016906625104,6.289413942688045,0.34421836416740437,0.7789081791629782
21.12,123.1383932222793,6.258331317195998,30.85,130.6,0.0,0.11,0.0,NGC2903,66.0,3.0,6.6,1.98,1.6120576603497931,0.46222092674035015,0.5500573306428496,16761.016906625104,6.289413942688045,0.34421836416740437,0.7789081791629782
22.08,133.19051328006717,6.1912588158237645,30.69,127.55,0.0,0.07,0.0,NGC2903,66.0,3.0,6.6,1.98,1.6120576603497931,0.46222092674035015,0.5500573306428496,16761.016906625104,6.289413942688045,0.34421836416740437,0.7789081791629782
23.04,125.47964902545924,6.1259313431591025,30.33,124.7,0.0,0.05,0.0,NGC2903,66.0,3.0,6.6,1.98,1.6120576603497931,0.46222092674035015,0.5500573306428496,16761.016906625104,6.289413942688045,0.34421836416740437,0.7789081791629782
24.0,118.7430359434522,6.074203142492318,30.72,122.05,0.0,0.03,0.0,NGC2903,66.0,3.0,6.6,1.98,1.6120576603497931,0.46222092674035015,0.5500573306428496,16761.016906625104,6.289413942688045,0.34421836416740437,0.7789081791629782
24.96,125.25320059214265,6.022963473903214,30.86,119.57,0.0,0.0,0.0,NGC2903,66.0,3.0,6.6,1.98,1.6120576603497931,0.46222092674035015,0.5500573306428496,16761.016906625104,6.289413942688045,0.34421836416740437,0.7789081791629782
1.74,89.3155166113121,4.477677283148338,0.0,137.12,0.0,790.04,0.0,NGC4088,69.0,2.0,18.0,2.5,1.7295130579009068,0.4183711565115366,0.5643818612742343,16740.84175166314,14.74010241870485,0.32268722719432913,0.8865638640283543
3.5,118.20172331334955,5.932961666667773,0.0,180.27,0.0,652.93,0.0,NGC4088,69.0,2.0,18.0,2.5,1.7295130579009068,0.4183711565115366,0.5643818612742343,16740.84175166314,14.74010241870485,0.32268722719432913,0.8865638640283543
5.24,156.38314182391966,7.982744329926179,16.92,240.94,0.0,469.12,0.0,NGC4088,69.0,2.0,18.0,2.5,1.7295130579009068,0.4183711565115366,0.5643818612742343,16740.84175166314,14.74010241870485,0.32268722719432913,0.8865638640283543
6.98,190.52611241395078,8.887355971265883,31.57,264.14,0.0,205.9,0.0,NGC4088,69.0,2.0,18.0,2.5,1.7295130579009068,0.4183711565115366,0.5643818612742343,16740.84175166314,14.74010241870485,0.32268722719432913,0.8865638640283543
8.72,165.3130911128215,8.44451183074988,42.24,243.55,0.0,95.39,0.0,NGC4088,69.0,2.0,18.0,2.5,1.7295130579009068,0.4183711565115366,0.5643818612742343,16740.84175166314,14.74010241870485,0.32268722719432913,0.8865638640283543
10.47,158.3677586566261,8.21554946746473,48.71,230.28,0.0,52.19,0.0,NGC4088,69.0,2.0,18.0,2.5,1.7295130579009068,0.4183711565115366,0.5643818612742343,16740.84175166314,14.74010241870485,0.32268722719432913,0.8865638640283543
12.19,170.91593233479895,8.044574452915203,53.67,219.07,0.0,21.94,0.0,NGC4088,69.0,2.0,18.0,2.5,1.7295130579009068,0.4183711565115366,0.5643818612742343,16740.84175166314,14.74010241870485,0.32268722719432913,0.8865638640283543
13.94,162.36985416126623,7.5798376944911245,54.74,199.15,0.0,5.09,0.0,NGC4088,69.0,2.0,18.0,2.5,1.7295130579009068,0.4183711565115366,0.5643818612742343,16740.84175166314,14.74010241870485,0.32268722719432913,0.8865638640283543
15.68,147.3528209392938,7.244891294547589,54.64,184.18,0.0,3.51,0.0,NGC4088,69.0,2.0,18.0,2.5,1.7295130579009068,0.4183711565115366,0.5643818612742343,16740.84175166314,14.74010241870485,0.32268722719432913,0.8865638640283543
17.42,127.84359774577278,7.001302978256698,53.77,172.93,0.0,1.72,0.0,NGC4088,69.0,2.0,18.0,2.5,1.7295130579009068,0.4183711565115366,0.5643818612742343,16740.84175166314,14.74010241870485,0.32268722719432913,0.8865638640283543
19.28,131.55755255032423,6.78121611921347,52.37,162.7,0.0,0.85,0.0,NGC4088,69.0,2.0,18.0,2.5,1.7295130579009068,0.4183711565115366,0.5643818612742343,16740.84175166314,14.74010241870485,0.32268722719432913,0.8865638640283543
21.48,135.197511700083,6.558877743778907,50.22,152.44,0.0,0.0,0.0,NGC4088,69.0,2.0,18.0,2.5,1.7295130579009068,0.4183711565115366,0.5643818612742343,16740.84175166314,14.74010241870485,0.32268722719432913,0.8865638640283543
0.12,173.62691481370481,8.962329680373983,-0.73,7.68,179.06,623.48,50762.31,UGC06787,66.0,3.0,21.3,5.32,1.6913290843741118,0.5020446636916123,1.0011648599412364,17222.03461547122,35.380132595944055,0.3296868575333599,0.8515657123332002
0.24,297.1841642227991,13.937231485568063,-0.84,14.95,278.38,601.67,27720.83,UGC06787,66.0,3.0,21.3,5.32,1.6913290843741118,0.5020446636916123,1.0011648599412364,17222.03461547122,35.380132595944055,0.3296868575333599,0.8515657123332002
0.35,308.84377149547686,15.500405744816938,-0.93,21.23,309.46,582.34,16719.99,UGC06787,66.0,3.0,21.3,5.32,1.6913290843741118,0.5020446636916123,1.0011648599412364,17222.03461547122,35.380132595944055,0.3296868575333599,0.8515657123332002
0.47,338.58381604977683,16.09954441124047,-1.09,27.71,321.2,561.97,10847.48,UGC06787,66.0,3.0,21.3,5.32,1.6913290843741118,0.5020446636916123,1.0011648599412364,17222.03461547122,35.380132595944055,0.3296868575333599,0.8515657123332002
0.59,314.1501251085777,16.233075688679758,-1.27,33.83,323.58,542.31,7620.2,UGC06787,66.0,3.0,21.3,5.32,1.6913290843741118,0.5020446636916123,1.0011648599412364,17222.03461547122,35.380132595944055,0.3296868575333599,0.8515657123332002
0.71,301.6909706411149,16.22823223444733,-1.49,39.63,323.15,523.34,5650.81,UGC06787,66.0,3.0,21.3,5.32,1.6913290843741118,0.5020446636916123,1.0011648599412364,17222.03461547122,35.380132595944055,0.3296868575333599,0.8515657123332002
0.83,304.2173482145935,16.10500359001747,-1.72,45.13,320.31,505.02,4439.61,UGC06787,66.0,3.0,21.3,5.32,1.6913290843741118,0.5020446636916123,1.0011648599412364,17222.03461547122,35.380132595944055,0.3296868575333599,0.8515657123332002
0.94,309.33025925335454,15.950366568587592,-1.96,49.93,316.84,488.8,3710.23,UGC06787,66.0,3.0,21.3,5.32,1.6913290843741118,0.5020446636916123,1.0011648599412364,17222.03461547122,35.380132595944055,0.3296868575333599,0.8515657123332002
1.06,301.1246601140755,15.869391446369344,-2.21,54.94,314.79,471.7,3081.8,UGC06787,66.0,3.0,21.3,5.32,1.6913290843741118,0.5020446636916123,1.0011648599412364,17222.03461547122,35.380132595944055,0.3296868575333599,0.8515657123332002
1.18,335.2373661837796,15.81273920823081,-2.45,59.69,313.21,455.2,2524.16,UGC06787,66.0,3.0,21.3,5.32,1.6913290843741118,0.5020446636916123,1.0011648599412364,17222.03461547122,35.380132595944055,0.3296868575333599,0.8515657123332002
1.3,335.7915963680725,15.736117223851998,-2.69,64.21,311.21,439.27,2069.24,UGC06787,66.0,3.0,21.3,5.32,1.6913290843741118,0.5020446636916123,1.0011648599412364,17222.03461547122,35.380132595944055,0.3296868575333599,0.8515657123332002
1.42,317.38190761507815,15.655363289372003,-2.93,68.53,309.11,423.91,1658.71,UGC06787,66.0,3.0,21.3,5.32,1.6913290843741118,0.5020446636916123,1.0011648599412364,17222.03461547122,35.380132595944055,0.3296868575333599,0.8515657123332002
1.53,294.92940696745,15.550587401473534,-3.17,72.32,306.55,410.29,1386.92,UGC06787,66.0,3.0,21.3,5.32,1.6913290843741118,0.5020446636916123,1.0011648599412364,17222.03461547122,35.380132595944055,0.3296868575333599,0.8515657123332002
1.66,306.7354356513523,15.428083475611315,-3.41,76.57,303.54,394.76,1102.98,UGC06787,66.0,3.0,21.3,5.32,1.6913290843741118,0.5020446636916123,1.0011648599412364,17222.03461547122,35.380132595944055,0.3296868575333599,0.8515657123332002
1.89,292.85991964921385,15.163070664004758,-3.87,83.6,297.2,368.72,719.64,UGC06787,66.0,3.0,21.3,5.32,1.6913290843741118,0.5020446636916123,1.0011648599412364,17222.03461547122,35.380132595944055,0.3296868575333599,0.8515657123332002
2.01,321.8420598292847,15.001442285565666,-4.09,87.03,293.4,355.81,572.02,UGC06787,66.0,3.0,21.3,5.32,1.6913290843741118,0.5020446636916123,1.0011648599412364,17222.03461547122,35.380132595944055,0.3296868575333599,0.8515657123332002
2.13,301.2889338223337,14.830171860057039,-4.3,90.32,289.39,343.36,456.41,UGC06787,66.0,3.0,21.3,5.32,1.6913290843741118,0.5020446636916123,1.0011648599412364,17222.03461547122,35.380132595944055,0.3296868575333599,0.8515657123332002
2.24,300.49736783416415,14.665965422986469,-4.5,93.19,285.56,332.33,371.14,UGC06787,66.0,3.0,21.3,5.32,1.6913290843741118,0.5020446636916123,1.0011648599412364,17222.03461547122,35.380132595944055,0.3296868575333599,0.8515657123332002
3.1,262.3427021273124,13.384615346597512,-5.53,112.13,255.35,256.86,45.54,UGC06787,66.0,3.0,21.3,5.32,1.6913290843741118,0.5020446636916123,1.0011648599412364,17222.03461547122,35.380132595944055,0.3296868575333599,0.8515657123332002
3.79,223.48463951850155,12.42362749593748,-5.65,121.66,232.68,200.21,5.71,UGC06787,66.0,3.0,21.3,5.32,1.6913290843741118,0.5020446636916123,1.0011648599412364,17222.03461547122,35.380132595944055,0.3296868575333599,0.8515657123332002
3.9,236.1625012708861,12.281665781362348,-5.61,122.76,229.34,193.29,4.09,UGC06787,66.0,3.0,21.3,5.32,1.6913290843741118,0.5020446636916123,1.0011648599412364,17222.03461547122,35.380132595944055,0.3296868575333599,0.8515657123332002
4.14,226.7383565975354,12.007304986291203,-5.45,124.89,222.83,179.91,2.0,UGC06787,66.0,3.0,21.3,5.32,1.6913290843741118,0.5020446636916123,1.0011648599412364,17222.03461547122,35.380132595944055,0.3296868575333599,0.8515657123332002
4.25,242.1274305383175,11.8863231154622,-5.32,125.78,219.95,174.78,1.43,UGC06787,66.0,3.0,21.3,5.32,1.6913290843741118,0.5020446636916123,1.0011648599412364,17222.03461547122,35.380132595944055,0.3296868575333599,0.8515657123332002
4.37,236.3490963603118,11.760685825367243,-5.15,126.75,216.93,169.83,1.0,UGC06787,66.0,3.0,21.3,5.32,1.6913290843741118,0.5020446636916123,1.0011648599412364,17222.03461547122,35.380132595944055,0.3296868575333599,0.8515657123332002
4.49,223.5062378576067,11.641936602031649,-4.93,127.73,214.04,165.47,0.7,UGC06787,66.0,3.0,21.3,5.32,1.6913290843741118,0.5020446636916123,1.0011648599412364,17222.03461547122,35.380132595944055,0.3296868575333599,0.8515657123332002
4.61,226.07867884980243,11.52792668650117,-4.62,128.73,211.23,161.16,0.48,UGC06787,66.0,3.0,21.3,5.32,1.6913290843741118,0.5020446636916123,1.0011648599412364,17222.03461547122,35.380132595944055,0.3296868575333599,0.8515657123332002
4.72,246.4833542180394,11.429004238859804,-4.24,129.65,208.76,157.54,0.35,UGC06787,66.0,3.0,21.3,5.32,1.6913290843741118,0.5020446636916123,1.0011648599412364,17222.03461547122,35.380132595944055,0.3296868575333599,0.8515657123332002
5.16,211.07310972214617,11.085390088177897,-1.43,133.7,199.77,143.97,0.09,UGC06787,66.0,3.0,21.3,5.32,1.6913290843741118,0.5020446636916123,1.0011648599412364,17222.03461547122,35.380132595944055,0.3296868575333599,0.8515657123332002
5.43,208.11922885494675,10.90654697488086,3.32,136.22,194.84,135.04,0.04,UGC06787,66.0,3.0,21.3,5.32,1.6913290843741118,0.5020446636916123,1.0011648599412364,17222.03461547122,35.380132595944055,0.3296868575333599,0.8515657123332002
5.56,214.0616059383716,10.826689852392889,4.2,137.4,192.59,129.83,0.03,UGC06787,66.0,3.0,21.3,5.32,1.6913290843741118,0.5020446636916123,1.0011648599412364,17222.03461547122,35.380132595944055,0.3296868575333599,0.8515657123332002
5.67,207.6831596935262,10.760304289550787,4.99,138.33,190.72,125.11,0.02,UGC06787,66.0,3.0,21.3,5.32,1.6913290843741118,0.5020446636916123,1.0011648599412364,17222.03461547122,35.380132595944055,0.3296868575333599,0.8515657123332002
5.79,209.1966752731162,10.688977301700469,5.73,139.24,188.73,119.65,0.01,UGC06787,66.0,3.0,21.3,5.32,1.6913290843741118,0.5020446636916123,1.0011648599412364,17222.03461547122,35.380132595944055,0.3296868575333599,0.8515657123332002
5.91,217.79838343429765,10.608037775349278,6.43,139.93,186.59,113.87,0.01,UGC06787,66.0,3.0,21.3,5.32,1.6913290843741118,0.5020446636916123,1.0011648599412364,17222.03461547122,35.380132595944055,0.3296868575333599,0.8515657123332002
6.03,228.96826795638898,10.535887465072552,7.14,140.45,184.7,109.0,0.01,UGC06787,66.0,3.0,21.3,5.32,1.6913290843741118,0.5020446636916123,1.0011648599412364,17222.03461547122,35.380132595944055,0.3296868575333599,0.8515657123332002
6.2,190.22826722681455,10.440339376900374,8.18,141.04,182.21,103.32,0.0,UGC06787,66.0,3.0,21.3,5.32,1.6913290843741118,0.5020446636916123,1.0011648599412364,17222.03461547122,35.380132595944055,0.3296868575333599,0.8515657123332002
6.5,205.33909651799098,10.276329073592095,9.96,142.01,177.9,95.03,0.0,UGC06787,66.0,3.0,21.3,5.32,1.6913290843741118,0.5020446636916123,1.0011648599412364,17222.03461547122,35.380132595944055,0.3296868575333599,0.8515657123332002
6.85,202.56297942774287,10.10720758370847,11.78,143.12,173.33,87.04,0.0,UGC06787,66.0,3.0,21.3,5.32,1.6913290843741118,0.5020446636916123,1.0011648599412364,17222.03461547122,35.380132595944055,0.3296868575333599,0.8515657123332002
6.98,200.1313367302988,10.048737422028617,12.31,143.59,171.7,84.55,0.0,UGC06787,66.0,3.0,21.3,5.32,1.6913290843741118,0.5020446636916123,1.0011648599412364,17222.03461547122,35.380132595944055,0.3296868575333599,0.8515657123332002
7.09,198.18228286356447,10.002694832398447,12.85,144.05,170.36,82.66,0.0,UGC06787,66.0,3.0,21.3,5.32,1.6913290843741118,0.5020446636916123,1.0011648599412364,17222.03461547122,35.380132595944055,0.3296868575333599,0.8515657123332002
7.21,195.71672702421364,9.955260173404474,13.38,144.62,168.93,80.65,0.0,UGC06787,66.0,3.0,21.3,5.32,1.6913290843741118,0.5020446636916123,1.0011648599412364,17222.03461547122,35.380132595944055,0.3296868575333599,0.8515657123332002
7.22,209.03266399384037,9.951949395095559,13.48,144.67,168.82,80.38,0.0,UGC06787,66.0,3.0,21.3,5.32,1.6913290843741118,0.5020446636916123,1.0011648599412364,17222.03461547122,35.380132595944055,0.3296868575333599,0.8515657123332002
7.33,193.60461126856035,9.910723074572672,13.91,145.21,167.55,77.25,0.0,UGC06787,66.0,3.0,21.3,5.32,1.6913290843741118,0.5020446636916123,1.0011648599412364,17222.03461547122,35.380132595944055,0.3296868575333599,0.8515657123332002
7.45,196.07508349446735,9.866562706212134,14.44,145.73,166.2,73.54,0.0,UGC06787,66.0,3.0,21.3,5.32,1.6913290843741118,0.5020446636916123,1.0011648599412364,17222.03461547122,35.380132595944055,0.3296868575333599,0.8515657123332002
7.56,196.4981114356988,9.824961409954291,14.86,146.08,164.99,69.89,0.0,UGC06787,66.0,3.0,21.3,5.32,1.6913290843741118,0.5020446636916123,1.0011648599412364,17222.03461547122,35.380132595944055,0.3296868575333599,0.8515657123332002
8.26,191.59358693057987,9.528465947508193,17.52,144.87,157.97,48.37,0.0,UGC06787,66.0,3.0,21.3,5.32,1.6913290843741118,0.5020446636916123,1.0011648599412364,17222.03461547122,35.380132595944055,0.3296868575333599,0.8515657123332002
8.98,182.8212001185978,9.21982672670652,19.64,141.68,151.5,37.69,0.0,UGC06787,66.0,3.0,21.3,5.32,1.6913290843741118,0.5020446636916123,1.0011648599412364,17222.03461547122,35.380132595944055,0.3296868575333599,0.8515657123332002
9.09,192.66769798795556,9.174981747332366,19.85,141.18,150.58,36.21,0.0,UGC06787,66.0,3.0,21.3,5.32,1.6913290843741118,0.5020446636916123,1.0011648599412364,17222.03461547122,35.380132595944055,0.3296868575333599,0.8515657123332002
9.3,181.73201399236487,9.090545449559233,20.28,140.17,148.87,33.6,0.0,UGC06787,66.0,3.0,21.3,5.32,1.6913290843741118,0.5020446636916123,1.0011648599412364,17222.03461547122,35.380132595944055,0.3296868575333599,0.8515657123332002
10.32,175.46087659072344,8.697350403995305,21.76,134.57,141.32,26.44,0.0,UGC06787,66.0,3.0,21.3,5.32,1.6913290843741118,0.5020446636916123,1.0011648599412364,17222.03461547122,35.380132595944055,0.3296868575333599,0.8515657123332002
11.38,167.11536650750853,8.377320302724009,22.29,131.1,134.58,22.01,0.0,UGC06787,66.0,3.0,21.3,5.32,1.6913290843741118,0.5020446636916123,1.0011648599412364,17222.03461547122,35.380132595944055,0.3296868575333599,0.8515657123332002
12.4,153.96017612407306,8.1044572325401,22.29,127.84,128.93,18.41,0.0,UGC06787,66.0,3.0,21.3,5.32,1.6913290843741118,0.5020446636916123,1.0011648599412364,17222.03461547122,35.380132595944055,0.3296868575333599,0.8515657123332002
13.41,151.08646294374708,7.881387830909794,21.87,125.7,123.98,15.63,0.0,UGC06787,66.0,3.0,21.3,5.32,1.6913290843741118,0.5020446636916123,1.0011648599412364,17222.03461547122,35.380132595944055,0.3296868575333599,0.8515657123332002
14.43,145.43436747347428,7.674639689165385,21.55,123.24,119.52,12.46,0.0,UGC06787,66.0,3.0,21.3,5.32,1.6913290843741118,0.5020446636916123,1.0011648599412364,17222.03461547122,35.380132595944055,0.3296868575333599,0.8515657123332002
15.44,151.19177852768559,7.487466437560184,21.55,120.61,115.54,10.23,0.0,UGC06787,66.0,3.0,21.3,5.32,1.6913290843741118,0.5020446636916123,1.0011648599412364,17222.03461547122,35.380132595944055,0.3296868575333599,0.8515657123332002
16.57,140.8643330569123,7.303776466142018,22.08,117.78,111.53,8.33,0.0,UGC06787,66.0,3.0,21.3,5.32,1.6913290843741118,0.5020446636916123,1.0011648599412364,17222.03461547122,35.380132595944055,0.3296868575333599,0.8515657123332002
17.58,135.61287948273417,7.160655632902352,22.61,115.53,108.28,6.91,0.0,UGC06787,66.0,3.0,21.3,5.32,1.6913290843741118,0.5020446636916123,1.0011648599412364,17222.03461547122,35.380132595944055,0.3296868575333599,0.8515657123332002
18.6,142.18580764394756,7.025647971222511,23.25,113.08,105.27,5.45,0.0,UGC06787,66.0,3.0,21.3,5.32,1.6913290843741118,0.5020446636916123,1.0011648599412364,17222.03461547122,35.380132595944055,0.3296868575333599,0.8515657123332002
19.61,141.58854720942873,6.898335122394714,24.2,110.31,102.52,4.48,0.0,UGC06787,66.0,3.0,21.3,5.32,1.6913290843741118,0.5020446636916123,1.0011648599412364,17222.03461547122,35.380132595944055,0.3296868575333599,0.8515657123332002
20.62,123.93965063160515,6.795238443748861,26.01,107.85,99.98,3.92,0.0,UGC06787,66.0,3.0,21.3,5.32,1.6913290843741118,0.5020446636916123,1.0011648599412364,17222.03461547122,35.380132595944055,0.3296868575333599,0.8515657123332002
21.64,145.66639413975173,6.715933214582463,28.66,105.68,97.6,3.37,0.0,UGC06787,66.0,3.0,21.3,5.32,1.6913290843741118,0.5020446636916123,1.0011648599412364,17222.03461547122,35.380132595944055,0.3296868575333599,0.8515657123332002
22.77,133.17997987941112,6.648268311894627,31.74,103.62,95.14,2.89,0.0,UGC06787,66.0,3.0,21.3,5.32,1.6913290843741118,0.5020446636916123,1.0011648599412364,17222.03461547122,35.380132595944055,0.3296868575333599,0.8515657123332002
23.78,131.28370114800654,6.598884416195763,34.4,101.87,93.1,2.36,0.0,UGC06787,66.0,3.0,21.3,5.32,1.6913290843741118,0.5020446636916123,1.0011648599412364,17222.03461547122,35.380132595944055,0.3296868575333599,0.8515657123332002
24.79,137.8658075930043,6.544229306050368,36.31,99.95,91.18,1.81,0.0,UGC06787,66.0,3.0,21.3,5.32,1.6913290843741118,0.5020446636916123,1.0011648599412364,17222.03461547122,35.380132595944055,0.3296868575333599,0.8515657123332002
25.81,130.03572983326035,6.479170174836146,37.37,97.79,89.36,1.47,0.0,UGC06787,66.0,3.0,21.3,5.32,1.6913290843741118,0.5020446636916123,1.0011648599412364,17222.03461547122,35.380132595944055,0.3296868575333599,0.8515657123332002
26.82,124.41548445289571,6.414445233988108,37.79,95.84,87.67,1.26,0.0,UGC06787,66.0,3.0,21.3,5.32,1.6913290843741118,0.5020446636916123,1.0011648599412364,17222.03461547122,35.380132595944055,0.3296868575333599,0.8515657123332002
27.84,140.9979943852875,6.3528136238552495,37.79,94.22,86.04,1.08,0.0,UGC06787,66.0,3.0,21.3,5.32,1.6913290843741118,0.5020446636916123,1.0011648599412364,17222.03461547122,35.380132595944055,0.3296868575333599,0.8515657123332002
29.41,118.40449911740454,6.2563127616383305,37.26,91.66,83.72,0.68,0.0,UGC06787,66.0,3.0,21.3,5.32,1.6913290843741118,0.5020446636916123,1.0011648599412364,17222.03461547122,35.380132595944055,0.3296868575333599,0.8515657123332002
30.99,122.5262669733603,6.156362824665874,36.63,88.64,81.55,0.41,0.0,UGC06787,66.0,3.0,21.3,5.32,1.6913290843741118,0.5020446636916123,1.0011648599412364,17222.03461547122,35.380132595944055,0.3296868575333599,0.8515657123332002
32.57,126.50612652303923,6.068256569194689,35.88,86.0,79.55,0.4,0.0,UGC06787,66.0,3.0,21.3,5.32,1.6913290843741118,0.5020446636916123,1.0011648599412364,17222.03461547122,35.380132595944055,0.3296868575333599,0.8515657123332002
34.03,113.640637144462,6.003090804805692,35.14,84.24,77.83,0.34,0.0,UGC06787,66.0,3.0,21.3,5.32,1.6913290843741118,0.5020446636916123,1.0011648599412364,17222.03461547122,35.380132595944055,0.3296868575333599,0.8515657123332002
37.19,116.57090944862595,5.858431668212163,33.12,79.85,74.45,0.0,0.0,UGC06787,66.0,3.0,21.3,5.32,1.6913290843741118,0.5020446636916123,1.0011648599412364,17222.03461547122,35.380132595944055,0.3296868575333599,0.8515657123332002
